publish_date,publish_time_utc,ref,format,rhyme_title,content_type,setting,palette,companion,status,review_state,approved_by,pipeline_cmd
2026-09-03,09:00,VID-20260903-1,long,Pop Goes the Weasel,rhyme,a quiet hilltop meadow under a wide evening sky,"deep indigo, soft gold, cream",a small round owl with speckled feathers,PENDING,NOT_STARTED,,python3 scripts/pipeline.py --ref VID-20260903-1 --rhyme pop_weasel --format long
2026-09-03,13:00,SHT-20260903-2,short,"Star Light, Star Bright",rhyme,a cosy wooden treehouse with round windows,"sage green, warm terracotta, oat",a patient grey donkey with long ears,PENDING,NOT_STARTED,,python3 scripts/pipeline.py --ref SHT-20260903-2 --rhyme star_light --format short
2026-09-03,17:00,VID-20260903-3,long,"Peter, Peter, Pumpkin Eater",rhyme,a small harbour where painted boats bob at their moorings,"dusty blue, buttermilk, pale coral",a curious hedgehog in a knitted scarf,PENDING,NOT_STARTED,,python3 scripts/pipeline.py --ref VID-20260903-3 --rhyme peter_pumpkin --format long
2026-09-03,21:00,SHT-20260903-4,short,Frere Jacques (Are You Sleeping?),rhyme,a sunlit kitchen garden with tall sunflowers,"plum, mustard, soft grey","a slow, cheerful tortoise",PENDING,NOT_STARTED,,python3 scripts/pipeline.py --ref SHT-20260903-4 --rhyme frere_jacques --format short
2026-09-04,09:00,VID-20260904-1,long,"Pat-a-Cake, Pat-a-Cake",rhyme,a snowy village square with warm lantern light,"forest green, cream, honey",a fluffy duckling who hums along,PENDING,NOT_STARTED,,python3 scripts/pipeline.py --ref VID-20260904-1 --rhyme pat_a_cake --format long
2026-09-04,13:00,SHT-20260904-2,short,Old King Cole,rhyme,a riverbank where willows dip into slow water,"lavender, mint, warm white",a gentle brown bear cub,PENDING,NOT_STARTED,,python3 scripts/pipeline.py --ref SHT-20260904-2 --rhyme old_king_cole --format short
2026-09-04,17:00,VID-20260904-3,long,This Little Piggy,rhyme,a friendly red barn at the edge of a green field,"soft teal, apricot, ivory",a shy grey rabbit with one folded ear,PENDING,NOT_STARTED,,python3 scripts/pipeline.py --ref VID-20260904-3 --rhyme this_piggy --format long
2026-09-04,21:00,SHT-20260904-4,short,"Rain, Rain, Go Away",rhyme,a bright attic room full of soft toys and books,"clay pink, olive, sand",a tidy badger with round spectacles,PENDING,NOT_STARTED,,python3 scripts/pipeline.py --ref SHT-20260904-4 --rhyme rain_go_away --format short
2026-09-05,09:00,VID-20260905-1,long,Little Miss Muffet,rhyme,a windmill on a low hill with long grass,"midnight blue, silver, pale rose",a sleepy orange cat with a bell,PENDING,NOT_STARTED,,python3 scripts/pipeline.py --ref VID-20260905-1 --rhyme miss_muffet --format long
2026-09-05,13:00,SHT-20260905-2,short,Yankee Doodle,rhyme,a duck pond ringed with smooth grey stones,"moss green, butter yellow, chalk",a small red fox with a white-tipped tail,PENDING,NOT_STARTED,,python3 scripts/pipeline.py --ref SHT-20260905-2 --rhyme yankee_doodle --format short
2026-09-05,17:00,VID-20260905-3,long,"Tom, Tom, the Piper's Son",rhyme,an orchard of short apple trees in soft afternoon light,"russet, cream, slate blue",a woolly lamb with a crooked fringe,PENDING,NOT_STARTED,,python3 scripts/pipeline.py --ref VID-20260905-3 --rhyme tom_piper --format long
2026-09-05,21:00,SHT-20260905-4,short,Jack Be Nimble,rhyme,a lighthouse keeper's cottage above a calm bay,"periwinkle, peach, warm grey",a bright green frog in wellington boots,PENDING,NOT_STARTED,,python3 scripts/pipeline.py --ref SHT-20260905-4 --rhyme jack_nimble --format short
2026-09-06,09:00,VID-20260906-1,long,Hey Diddle Diddle,rhyme,"a market square with striped awnings, early morning","deep plum, sage, oatmeal",a plump robin with a red waistcoat,PENDING,NOT_STARTED,,python3 scripts/pipeline.py --ref VID-20260906-1 --rhyme hey_diddle --format long
2026-09-06,13:00,SHT-20260906-2,short,"Twinkle, Twinkle, Little Star",rhyme,a mossy woodland clearing with dappled sunlight,"denim blue, wheat, soft white",a spotted puppy with oversized paws,PENDING,NOT_STARTED,,python3 scripts/pipeline.py --ref SHT-20260906-2 --rhyme twinkle --format short
2026-09-06,17:00,VID-20260906-3,long,Ring a Ring o' Roses,rhyme,a sandy cove with gentle waves and rock pools,"pine green, copper, bone",a quiet grey mouse with a patchwork bag,PENDING,NOT_STARTED,,python3 scripts/pipeline.py --ref VID-20260906-3 --rhyme ring_roses --format long
2026-09-06,21:00,SHT-20260906-4,short,Little Bo-Peep,rhyme,a greenhouse full of seedlings and watering cans,"mauve, straw, dove grey",a friendly goose in a straw hat,PENDING,NOT_STARTED,,python3 scripts/pipeline.py --ref SHT-20260906-4 --rhyme bo_peep --format short
2026-09-07,09:00,VID-20260907-1,long,Diddle Diddle Dumpling,rhyme,a bakery window with warm light and round loaves,"seafoam, coral, linen",a small striped bumblebee with tired wings,PENDING,NOT_STARTED,,python3 scripts/pipeline.py --ref VID-20260907-1 --rhyme diddle_dumpling --format long
2026-09-07,13:00,SHT-20260907-2,short,Cock-a-Doodle-Doo,rhyme,a wildflower field with a low stone wall,"deep indigo, soft gold, cream",a soft grey seal pup with wide eyes,PENDING,NOT_STARTED,,python3 scripts/pipeline.py --ref SHT-20260907-2 --rhyme cock_doodle --format short
2026-09-07,17:00,VID-20260907-3,long,The Farmer in the Dell,rhyme,a train platform in a tiny country station,"sage green, warm terracotta, oat",a small brown wren with a bright eye,PENDING,NOT_STARTED,,python3 scripts/pipeline.py --ref VID-20260907-3 --rhyme farmer_dell --format long
2026-09-07,21:00,SHT-20260907-4,short,Hey Diddle Diddle,rhyme,a hillside sheep pasture under drifting clouds,"dusty blue, buttermilk, pale coral",a small round owl with speckled feathers,PENDING,NOT_STARTED,,python3 scripts/pipeline.py --ref SHT-20260907-4 --rhyme hey_diddle --format short
2026-09-08,09:00,VID-20260908-1,long,Frere Jacques (Are You Sleeping?),rhyme,a cobbled lane with window boxes and a blue door,"plum, mustard, soft grey",a patient grey donkey with long ears,PENDING,NOT_STARTED,,python3 scripts/pipeline.py --ref VID-20260908-1 --rhyme frere_jacques --format long
2026-09-08,13:00,SHT-20260908-2,short,Ding Dong Bell,rhyme,a frozen pond with soft snow on the reeds,"forest green, cream, honey",a curious hedgehog in a knitted scarf,PENDING,NOT_STARTED,,python3 scripts/pipeline.py --ref SHT-20260908-2 --rhyme ding_dong_bell --format short
2026-09-08,17:00,VID-20260908-3,long,"Star Light, Star Bright",rhyme,"a rope bridge over a shallow, sunny stream","lavender, mint, warm white","a slow, cheerful tortoise",PENDING,NOT_STARTED,,python3 scripts/pipeline.py --ref VID-20260908-3 --rhyme star_light --format long
2026-09-08,21:00,SHT-20260908-4,short,Wee Willie Winkie,rhyme,a hay loft with warm light through the slats,"soft teal, apricot, ivory",a fluffy duckling who hums along,PENDING,NOT_STARTED,,python3 scripts/pipeline.py --ref SHT-20260908-4 --rhyme wee_willie --format short
2026-09-09,09:00,VID-20260909-1,long,Cock-a-Doodle-Doo,rhyme,a quiet hilltop meadow under a wide evening sky,"clay pink, olive, sand",a gentle brown bear cub,PENDING,NOT_STARTED,,python3 scripts/pipeline.py --ref VID-20260909-1 --rhyme cock_doodle --format long
2026-09-09,13:00,SHT-20260909-2,short,"Tom, Tom, the Piper's Son",rhyme,a cosy wooden treehouse with round windows,"midnight blue, silver, pale rose",a shy grey rabbit with one folded ear,PENDING,NOT_STARTED,,python3 scripts/pipeline.py --ref SHT-20260909-2 --rhyme tom_piper --format short
2026-09-09,17:00,VID-20260909-3,long,Jack and Jill,rhyme,a small harbour where painted boats bob at their moorings,"moss green, butter yellow, chalk",a tidy badger with round spectacles,PENDING,NOT_STARTED,,python3 scripts/pipeline.py --ref VID-20260909-3 --rhyme jack_jill --format long
2026-09-09,21:00,SHT-20260909-4,short,Jack and Jill,rhyme,a sunlit kitchen garden with tall sunflowers,"russet, cream, slate blue",a sleepy orange cat with a bell,PENDING,NOT_STARTED,,python3 scripts/pipeline.py --ref SHT-20260909-4 --rhyme jack_jill --format short
2026-09-10,09:00,VID-20260910-1,long,"Twinkle, Twinkle, Little Star",rhyme,a snowy village square with warm lantern light,"periwinkle, peach, warm grey",a small red fox with a white-tipped tail,PENDING,NOT_STARTED,,python3 scripts/pipeline.py --ref VID-20260910-1 --rhyme twinkle --format long
2026-09-10,13:00,SHT-20260910-2,short,The Itsy Bitsy Spider,rhyme,a riverbank where willows dip into slow water,"deep plum, sage, oatmeal",a woolly lamb with a crooked fringe,PENDING,NOT_STARTED,,python3 scripts/pipeline.py --ref SHT-20260910-2 --rhyme itsy_bitsy --format short
2026-09-10,17:00,VID-20260910-3,long,The Muffin Man,rhyme,a friendly red barn at the edge of a green field,"denim blue, wheat, soft white",a bright green frog in wellington boots,PENDING,NOT_STARTED,,python3 scripts/pipeline.py --ref VID-20260910-3 --rhyme muffin_man --format long
2026-09-10,21:00,SHT-20260910-4,short,Skip to My Lou,rhyme,a bright attic room full of soft toys and books,"pine green, copper, bone",a plump robin with a red waistcoat,PENDING,NOT_STARTED,,python3 scripts/pipeline.py --ref SHT-20260910-4 --rhyme skip_to_lou --format short
2026-09-11,09:00,VID-20260911-1,long,Wee Willie Winkie,rhyme,a windmill on a low hill with long grass,"mauve, straw, dove grey",a spotted puppy with oversized paws,PENDING,NOT_STARTED,,python3 scripts/pipeline.py --ref VID-20260911-1 --rhyme wee_willie --format long
2026-09-11,13:00,SHT-20260911-2,short,The Grand Old Duke of York,rhyme,a duck pond ringed with smooth grey stones,"seafoam, coral, linen",a quiet grey mouse with a patchwork bag,PENDING,NOT_STARTED,,python3 scripts/pipeline.py --ref SHT-20260911-2 --rhyme duke_york --format short
2026-09-11,17:00,VID-20260911-3,long,Little Bo-Peep,rhyme,an orchard of short apple trees in soft afternoon light,"deep indigo, soft gold, cream",a friendly goose in a straw hat,PENDING,NOT_STARTED,,python3 scripts/pipeline.py --ref VID-20260911-3 --rhyme bo_peep --format long
2026-09-11,21:00,SHT-20260911-4,short,"Pat-a-Cake, Pat-a-Cake",rhyme,a lighthouse keeper's cottage above a calm bay,"sage green, warm terracotta, oat",a small striped bumblebee with tired wings,PENDING,NOT_STARTED,,python3 scripts/pipeline.py --ref SHT-20260911-4 --rhyme pat_a_cake --format short
2026-09-12,09:00,VID-20260912-1,long,Ding Dong Bell,rhyme,"a market square with striped awnings, early morning","dusty blue, buttermilk, pale coral",a soft grey seal pup with wide eyes,PENDING,NOT_STARTED,,python3 scripts/pipeline.py --ref VID-20260912-1 --rhyme ding_dong_bell --format long
2026-09-12,13:00,SHT-20260912-2,short,Little Miss Muffet,rhyme,a mossy woodland clearing with dappled sunlight,"plum, mustard, soft grey",a small brown wren with a bright eye,PENDING,NOT_STARTED,,python3 scripts/pipeline.py --ref SHT-20260912-2 --rhyme miss_muffet --format short
2026-09-12,17:00,VID-20260912-3,long,Bobby Shafto's Gone to Sea,rhyme,a sandy cove with gentle waves and rock pools,"forest green, cream, honey",a small round owl with speckled feathers,PENDING,NOT_STARTED,,python3 scripts/pipeline.py --ref VID-20260912-3 --rhyme bobby_shafto --format long
2026-09-12,21:00,SHT-20260912-4,short,This Little Piggy,rhyme,a greenhouse full of seedlings and watering cans,"lavender, mint, warm white",a patient grey donkey with long ears,PENDING,NOT_STARTED,,python3 scripts/pipeline.py --ref SHT-20260912-4 --rhyme this_piggy --format short
2026-09-13,09:00,VID-20260913-1,long,The Grand Old Duke of York,rhyme,a bakery window with warm light and round loaves,"soft teal, apricot, ivory",a curious hedgehog in a knitted scarf,PENDING,NOT_STARTED,,python3 scripts/pipeline.py --ref VID-20260913-1 --rhyme duke_york --format long
2026-09-13,13:00,SHT-20260913-2,short,Ring a Ring o' Roses,rhyme,a wildflower field with a low stone wall,"clay pink, olive, sand","a slow, cheerful tortoise",PENDING,NOT_STARTED,,python3 scripts/pipeline.py --ref SHT-20260913-2 --rhyme ring_roses --format short
2026-09-13,17:00,VID-20260913-3,long,Georgie Porgie,rhyme,a train platform in a tiny country station,"midnight blue, silver, pale rose",a fluffy duckling who hums along,PENDING,NOT_STARTED,,python3 scripts/pipeline.py --ref VID-20260913-3 --rhyme georgie_porgie --format long
2026-09-13,21:00,SHT-20260913-4,short,Simple Simon,rhyme,a hillside sheep pasture under drifting clouds,"moss green, butter yellow, chalk",a gentle brown bear cub,PENDING,NOT_STARTED,,python3 scripts/pipeline.py --ref SHT-20260913-4 --rhyme simple_simon --format short
2026-09-14,09:00,VID-20260914-1,long,There Was an Old Woman Who Lived in a Shoe,rhyme,a cobbled lane with window boxes and a blue door,"russet, cream, slate blue",a shy grey rabbit with one folded ear,PENDING,NOT_STARTED,,python3 scripts/pipeline.py --ref VID-20260914-1 --rhyme old_woman_shoe --format long
2026-09-14,13:00,SHT-20260914-2,short,"Mary, Mary, Quite Contrary",rhyme,a frozen pond with soft snow on the reeds,"periwinkle, peach, warm grey",a tidy badger with round spectacles,PENDING,NOT_STARTED,,python3 scripts/pipeline.py --ref SHT-20260914-2 --rhyme mary_contrary --format short
2026-09-14,17:00,VID-20260914-3,long,Yankee Doodle,rhyme,"a rope bridge over a shallow, sunny stream","deep plum, sage, oatmeal",a sleepy orange cat with a bell,PENDING,NOT_STARTED,,python3 scripts/pipeline.py --ref VID-20260914-3 --rhyme yankee_doodle --format long
2026-09-14,21:00,SHT-20260914-4,short,Old MacDonald Had a Farm,rhyme,a hay loft with warm light through the slats,"denim blue, wheat, soft white",a small red fox with a white-tipped tail,PENDING,NOT_STARTED,,python3 scripts/pipeline.py --ref SHT-20260914-4 --rhyme old_macdonald --format short
2026-09-15,09:00,VID-20260915-1,long,"Mary, Mary, Quite Contrary",rhyme,a quiet hilltop meadow under a wide evening sky,"pine green, copper, bone",a woolly lamb with a crooked fringe,PENDING,NOT_STARTED,,python3 scripts/pipeline.py --ref VID-20260915-1 --rhyme mary_contrary --format long
2026-09-15,13:00,SHT-20260915-2,short,Curly Locks,rhyme,a cosy wooden treehouse with round windows,"mauve, straw, dove grey",a bright green frog in wellington boots,PENDING,NOT_STARTED,,python3 scripts/pipeline.py --ref SHT-20260915-2 --rhyme curly_locks --format short
2026-09-15,17:00,VID-20260915-3,long,The Itsy Bitsy Spider,rhyme,a small harbour where painted boats bob at their moorings,"seafoam, coral, linen",a plump robin with a red waistcoat,PENDING,NOT_STARTED,,python3 scripts/pipeline.py --ref VID-20260915-3 --rhyme itsy_bitsy --format long
2026-09-15,21:00,SHT-20260915-4,short,Bobby Shafto's Gone to Sea,rhyme,a sunlit kitchen garden with tall sunflowers,"deep indigo, soft gold, cream",a spotted puppy with oversized paws,PENDING,NOT_STARTED,,python3 scripts/pipeline.py --ref SHT-20260915-4 --rhyme bobby_shafto --format short
2026-09-16,09:00,VID-20260916-1,long,"One, Two, Buckle My Shoe",counting,a snowy village square with warm lantern light,"sage green, warm terracotta, oat",a quiet grey mouse with a patchwork bag,PENDING,NOT_STARTED,,python3 scripts/pipeline.py --ref VID-20260916-1 --rhyme one_two_buckle --format long
2026-09-16,13:00,SHT-20260916-2,short,The Muffin Man,rhyme,a riverbank where willows dip into slow water,"dusty blue, buttermilk, pale coral",a friendly goose in a straw hat,PENDING,NOT_STARTED,,python3 scripts/pipeline.py --ref SHT-20260916-2 --rhyme muffin_man --format short
2026-09-16,17:00,VID-20260916-3,long,Old King Cole,rhyme,a friendly red barn at the edge of a green field,"plum, mustard, soft grey",a small striped bumblebee with tired wings,PENDING,NOT_STARTED,,python3 scripts/pipeline.py --ref VID-20260916-3 --rhyme old_king_cole --format long
2026-09-16,21:00,SHT-20260916-4,short,Hickory Dickory Dock,rhyme,a bright attic room full of soft toys and books,"forest green, cream, honey",a soft grey seal pup with wide eyes,PENDING,NOT_STARTED,,python3 scripts/pipeline.py --ref SHT-20260916-4 --rhyme hickory_dickory --format short
2026-09-17,09:00,VID-20260917-1,long,Simple Simon,rhyme,a windmill on a low hill with long grass,"lavender, mint, warm white",a small brown wren with a bright eye,PENDING,NOT_STARTED,,python3 scripts/pipeline.py --ref VID-20260917-1 --rhyme simple_simon --format long
2026-09-17,13:00,SHT-20260917-2,short,Lavender's Blue,rhyme,a duck pond ringed with smooth grey stones,"soft teal, apricot, ivory",a small round owl with speckled feathers,PENDING,NOT_STARTED,,python3 scripts/pipeline.py --ref SHT-20260917-2 --rhyme lavenders_blue --format short
2026-09-17,17:00,VID-20260917-3,long,"Baa, Baa, Black Sheep",rhyme,an orchard of short apple trees in soft afternoon light,"clay pink, olive, sand",a patient grey donkey with long ears,PENDING,NOT_STARTED,,python3 scripts/pipeline.py --ref VID-20260917-3 --rhyme baa_baa --format long
2026-09-17,21:00,SHT-20260917-4,short,"Baa, Baa, Black Sheep",rhyme,a lighthouse keeper's cottage above a calm bay,"midnight blue, silver, pale rose",a curious hedgehog in a knitted scarf,PENDING,NOT_STARTED,,python3 scripts/pipeline.py --ref SHT-20260917-4 --rhyme baa_baa --format short
2026-09-18,09:00,VID-20260918-1,long,Rock-a-Bye Baby,lullaby,"a market square with striped awnings, early morning","moss green, butter yellow, chalk","a slow, cheerful tortoise",PENDING,NOT_STARTED,,python3 scripts/pipeline.py --ref VID-20260918-1 --rhyme rock_a_bye --format long
2026-09-18,13:00,SHT-20260918-2,short,Humpty Dumpty,rhyme,a mossy woodland clearing with dappled sunlight,"russet, cream, slate blue",a fluffy duckling who hums along,PENDING,NOT_STARTED,,python3 scripts/pipeline.py --ref SHT-20260918-2 --rhyme humpty --format short
2026-09-18,17:00,VID-20260918-3,long,Jack Be Nimble,rhyme,a sandy cove with gentle waves and rock pools,"periwinkle, peach, warm grey",a gentle brown bear cub,PENDING,NOT_STARTED,,python3 scripts/pipeline.py --ref VID-20260918-3 --rhyme jack_nimble --format long
2026-09-18,21:00,SHT-20260918-4,short,Georgie Porgie,rhyme,a greenhouse full of seedlings and watering cans,"deep plum, sage, oatmeal",a shy grey rabbit with one folded ear,PENDING,NOT_STARTED,,python3 scripts/pipeline.py --ref SHT-20260918-4 --rhyme georgie_porgie --format short
2026-09-19,09:00,VID-20260919-1,long,Little Jack Horner,rhyme,a bakery window with warm light and round loaves,"denim blue, wheat, soft white",a tidy badger with round spectacles,PENDING,NOT_STARTED,,python3 scripts/pipeline.py --ref VID-20260919-1 --rhyme jack_horner --format long
2026-09-19,13:00,SHT-20260919-2,short,"Peter, Peter, Pumpkin Eater",rhyme,a wildflower field with a low stone wall,"pine green, copper, bone",a sleepy orange cat with a bell,PENDING,NOT_STARTED,,python3 scripts/pipeline.py --ref SHT-20260919-2 --rhyme peter_pumpkin --format short
2026-09-19,17:00,VID-20260919-3,long,Hickory Dickory Dock,rhyme,a train platform in a tiny country station,"mauve, straw, dove grey",a small red fox with a white-tipped tail,PENDING,NOT_STARTED,,python3 scripts/pipeline.py --ref VID-20260919-3 --rhyme hickory_dickory --format long
2026-09-19,21:00,SHT-20260919-4,short,There Was an Old Woman Who Lived in a Shoe,rhyme,a hillside sheep pasture under drifting clouds,"seafoam, coral, linen",a woolly lamb with a crooked fringe,PENDING,NOT_STARTED,,python3 scripts/pipeline.py --ref SHT-20260919-4 --rhyme old_woman_shoe --format short
2026-09-20,09:00,VID-20260920-1,long,Old MacDonald Had a Farm,rhyme,a cobbled lane with window boxes and a blue door,"deep indigo, soft gold, cream",a bright green frog in wellington boots,PENDING,NOT_STARTED,,python3 scripts/pipeline.py --ref VID-20260920-1 --rhyme old_macdonald --format long
2026-09-20,13:00,SHT-20260920-2,short,Polly Put the Kettle On,rhyme,a frozen pond with soft snow on the reeds,"sage green, warm terracotta, oat",a plump robin with a red waistcoat,PENDING,NOT_STARTED,,python3 scripts/pipeline.py --ref SHT-20260920-2 --rhyme polly_kettle --format short
2026-09-20,17:00,VID-20260920-3,long,Three Blind Mice,rhyme,"a rope bridge over a shallow, sunny stream","dusty blue, buttermilk, pale coral",a spotted puppy with oversized paws,PENDING,NOT_STARTED,,python3 scripts/pipeline.py --ref VID-20260920-3 --rhyme three_mice --format long
2026-09-20,21:00,SHT-20260920-4,short,Little Jack Horner,rhyme,a hay loft with warm light through the slats,"plum, mustard, soft grey",a quiet grey mouse with a patchwork bag,PENDING,NOT_STARTED,,python3 scripts/pipeline.py --ref SHT-20260920-4 --rhyme jack_horner --format short
2026-09-21,09:00,VID-20260921-1,long,Curly Locks,rhyme,a quiet hilltop meadow under a wide evening sky,"forest green, cream, honey",a friendly goose in a straw hat,PENDING,NOT_STARTED,,python3 scripts/pipeline.py --ref VID-20260921-1 --rhyme curly_locks --format long
2026-09-21,13:00,SHT-20260921-2,short,Hot Cross Buns,rhyme,a cosy wooden treehouse with round windows,"lavender, mint, warm white",a small striped bumblebee with tired wings,PENDING,NOT_STARTED,,python3 scripts/pipeline.py --ref SHT-20260921-2 --rhyme hot_cross_buns --format short
2026-09-21,17:00,VID-20260921-3,long,"Hush, Little Baby",lullaby,a small harbour where painted boats bob at their moorings,"soft teal, apricot, ivory",a soft grey seal pup with wide eyes,PENDING,NOT_STARTED,,python3 scripts/pipeline.py --ref VID-20260921-3 --rhyme hush_little_baby --format long
2026-09-21,21:00,SHT-20260921-4,short,Diddle Diddle Dumpling,rhyme,a sunlit kitchen garden with tall sunflowers,"clay pink, olive, sand",a small brown wren with a bright eye,PENDING,NOT_STARTED,,python3 scripts/pipeline.py --ref SHT-20260921-4 --rhyme diddle_dumpling --format short
2026-09-22,09:00,VID-20260922-1,long,Skip to My Lou,rhyme,a snowy village square with warm lantern light,"midnight blue, silver, pale rose",a small round owl with speckled feathers,PENDING,NOT_STARTED,,python3 scripts/pipeline.py --ref VID-20260922-1 --rhyme skip_to_lou --format long
2026-09-22,13:00,SHT-20260922-2,short,Three Blind Mice,rhyme,a riverbank where willows dip into slow water,"moss green, butter yellow, chalk",a patient grey donkey with long ears,PENDING,NOT_STARTED,,python3 scripts/pipeline.py --ref SHT-20260922-2 --rhyme three_mice --format short
2026-09-22,17:00,VID-20260922-3,long,Oranges and Lemons,rhyme,a friendly red barn at the edge of a green field,"russet, cream, slate blue",a curious hedgehog in a knitted scarf,PENDING,NOT_STARTED,,python3 scripts/pipeline.py --ref VID-20260922-3 --rhyme oranges_lemons --format long
2026-09-22,21:00,SHT-20260922-4,short,Pop Goes the Weasel,rhyme,a bright attic room full of soft toys and books,"periwinkle, peach, warm grey","a slow, cheerful tortoise",PENDING,NOT_STARTED,,python3 scripts/pipeline.py --ref SHT-20260922-4 --rhyme pop_weasel --format short
2026-09-23,09:00,VID-20260923-1,long,London Bridge Is Falling Down,rhyme,a windmill on a low hill with long grass,"deep plum, sage, oatmeal",a fluffy duckling who hums along,PENDING,NOT_STARTED,,python3 scripts/pipeline.py --ref VID-20260923-1 --rhyme london_bridge --format long
2026-09-23,13:00,SHT-20260923-2,short,"Row, Row, Row Your Boat",rhyme,a duck pond ringed with smooth grey stones,"denim blue, wheat, soft white",a gentle brown bear cub,PENDING,NOT_STARTED,,python3 scripts/pipeline.py --ref SHT-20260923-2 --rhyme row_row --format short
2026-09-23,17:00,VID-20260923-3,long,Hot Cross Buns,rhyme,an orchard of short apple trees in soft afternoon light,"pine green, copper, bone",a shy grey rabbit with one folded ear,PENDING,NOT_STARTED,,python3 scripts/pipeline.py --ref VID-20260923-3 --rhyme hot_cross_buns --format long
2026-09-23,21:00,SHT-20260923-4,short,The Farmer in the Dell,rhyme,a lighthouse keeper's cottage above a calm bay,"mauve, straw, dove grey",a tidy badger with round spectacles,PENDING,NOT_STARTED,,python3 scripts/pipeline.py --ref SHT-20260923-4 --rhyme farmer_dell --format short
2026-09-24,09:00,VID-20260924-1,long,Mary Had a Little Lamb,rhyme,"a market square with striped awnings, early morning","seafoam, coral, linen",a sleepy orange cat with a bell,PENDING,NOT_STARTED,,python3 scripts/pipeline.py --ref VID-20260924-1 --rhyme mary_lamb --format long
2026-09-24,13:00,SHT-20260924-2,short,Mary Had a Little Lamb,rhyme,a mossy woodland clearing with dappled sunlight,"deep indigo, soft gold, cream",a small red fox with a white-tipped tail,PENDING,NOT_STARTED,,python3 scripts/pipeline.py --ref SHT-20260924-2 --rhyme mary_lamb --format short
2026-09-24,17:00,VID-20260924-3,long,"Row, Row, Row Your Boat",rhyme,a sandy cove with gentle waves and rock pools,"sage green, warm terracotta, oat",a woolly lamb with a crooked fringe,PENDING,NOT_STARTED,,python3 scripts/pipeline.py --ref VID-20260924-3 --rhyme row_row --format long
2026-09-24,21:00,SHT-20260924-4,short,"One, Two, Buckle My Shoe",counting,a greenhouse full of seedlings and watering cans,"dusty blue, buttermilk, pale coral",a bright green frog in wellington boots,PENDING,NOT_STARTED,,python3 scripts/pipeline.py --ref SHT-20260924-4 --rhyme one_two_buckle --format short
2026-09-25,09:00,VID-20260925-1,long,"Rain, Rain, Go Away",rhyme,a bakery window with warm light and round loaves,"plum, mustard, soft grey",a plump robin with a red waistcoat,PENDING,NOT_STARTED,,python3 scripts/pipeline.py --ref VID-20260925-1 --rhyme rain_go_away --format long
2026-09-25,13:00,SHT-20260925-2,short,London Bridge Is Falling Down,rhyme,a wildflower field with a low stone wall,"forest green, cream, honey",a spotted puppy with oversized paws,PENDING,NOT_STARTED,,python3 scripts/pipeline.py --ref SHT-20260925-2 --rhyme london_bridge --format short
2026-09-25,17:00,VID-20260925-3,long,Lavender's Blue,rhyme,a train platform in a tiny country station,"lavender, mint, warm white",a quiet grey mouse with a patchwork bag,PENDING,NOT_STARTED,,python3 scripts/pipeline.py --ref VID-20260925-3 --rhyme lavenders_blue --format long
2026-09-25,21:00,SHT-20260925-4,short,Oranges and Lemons,rhyme,a hillside sheep pasture under drifting clouds,"soft teal, apricot, ivory",a friendly goose in a straw hat,PENDING,NOT_STARTED,,python3 scripts/pipeline.py --ref SHT-20260925-4 --rhyme oranges_lemons --format short
2026-09-26,09:00,VID-20260926-1,long,Humpty Dumpty,rhyme,a cobbled lane with window boxes and a blue door,"clay pink, olive, sand",a small striped bumblebee with tired wings,PENDING,NOT_STARTED,,python3 scripts/pipeline.py --ref VID-20260926-1 --rhyme humpty --format long
2026-09-26,13:00,SHT-20260926-2,short,"Star Light, Star Bright",rhyme,a frozen pond with soft snow on the reeds,"midnight blue, silver, pale rose",a soft grey seal pup with wide eyes,PENDING,NOT_STARTED,,python3 scripts/pipeline.py --ref SHT-20260926-2 --rhyme star_light --format short
2026-09-26,17:00,VID-20260926-3,long,Polly Put the Kettle On,rhyme,"a rope bridge over a shallow, sunny stream","moss green, butter yellow, chalk",a small brown wren with a bright eye,PENDING,NOT_STARTED,,python3 scripts/pipeline.py --ref VID-20260926-3 --rhyme polly_kettle --format long
2026-09-26,21:00,SHT-20260926-4,short,Frere Jacques (Are You Sleeping?),rhyme,a hay loft with warm light through the slats,"russet, cream, slate blue",a small round owl with speckled feathers,PENDING,NOT_STARTED,,python3 scripts/pipeline.py --ref SHT-20260926-4 --rhyme frere_jacques --format short
2026-09-27,09:00,VID-20260927-1,long,Pop Goes the Weasel,rhyme,a quiet hilltop meadow under a wide evening sky,"periwinkle, peach, warm grey",a patient grey donkey with long ears,PENDING,NOT_STARTED,,python3 scripts/pipeline.py --ref VID-20260927-1 --rhyme pop_weasel --format long
2026-09-27,13:00,SHT-20260927-2,short,Old King Cole,rhyme,a cosy wooden treehouse with round windows,"deep plum, sage, oatmeal",a curious hedgehog in a knitted scarf,PENDING,NOT_STARTED,,python3 scripts/pipeline.py --ref SHT-20260927-2 --rhyme old_king_cole --format short
2026-09-27,17:00,VID-20260927-3,long,"Peter, Peter, Pumpkin Eater",rhyme,a small harbour where painted boats bob at their moorings,"denim blue, wheat, soft white","a slow, cheerful tortoise",PENDING,NOT_STARTED,,python3 scripts/pipeline.py --ref VID-20260927-3 --rhyme peter_pumpkin --format long
2026-09-27,21:00,SHT-20260927-4,short,"Rain, Rain, Go Away",rhyme,a sunlit kitchen garden with tall sunflowers,"pine green, copper, bone",a fluffy duckling who hums along,PENDING,NOT_STARTED,,python3 scripts/pipeline.py --ref SHT-20260927-4 --rhyme rain_go_away --format short
2026-09-28,09:00,VID-20260928-1,long,"Pat-a-Cake, Pat-a-Cake",rhyme,a snowy village square with warm lantern light,"mauve, straw, dove grey",a gentle brown bear cub,PENDING,NOT_STARTED,,python3 scripts/pipeline.py --ref VID-20260928-1 --rhyme pat_a_cake --format long
2026-09-28,13:00,SHT-20260928-2,short,Yankee Doodle,rhyme,a riverbank where willows dip into slow water,"seafoam, coral, linen",a shy grey rabbit with one folded ear,PENDING,NOT_STARTED,,python3 scripts/pipeline.py --ref SHT-20260928-2 --rhyme yankee_doodle --format short
2026-09-28,17:00,VID-20260928-3,long,This Little Piggy,rhyme,a friendly red barn at the edge of a green field,"deep indigo, soft gold, cream",a tidy badger with round spectacles,PENDING,NOT_STARTED,,python3 scripts/pipeline.py --ref VID-20260928-3 --rhyme this_piggy --format long
2026-09-28,21:00,SHT-20260928-4,short,Jack Be Nimble,rhyme,a bright attic room full of soft toys and books,"sage green, warm terracotta, oat",a sleepy orange cat with a bell,PENDING,NOT_STARTED,,python3 scripts/pipeline.py --ref SHT-20260928-4 --rhyme jack_nimble --format short
2026-09-29,09:00,VID-20260929-1,long,Little Miss Muffet,rhyme,a windmill on a low hill with long grass,"dusty blue, buttermilk, pale coral",a small red fox with a white-tipped tail,PENDING,NOT_STARTED,,python3 scripts/pipeline.py --ref VID-20260929-1 --rhyme miss_muffet --format long
2026-09-29,13:00,SHT-20260929-2,short,"Twinkle, Twinkle, Little Star",rhyme,a duck pond ringed with smooth grey stones,"plum, mustard, soft grey",a woolly lamb with a crooked fringe,PENDING,NOT_STARTED,,python3 scripts/pipeline.py --ref SHT-20260929-2 --rhyme twinkle --format short
2026-09-29,17:00,VID-20260929-3,long,"Tom, Tom, the Piper's Son",rhyme,an orchard of short apple trees in soft afternoon light,"forest green, cream, honey",a bright green frog in wellington boots,PENDING,NOT_STARTED,,python3 scripts/pipeline.py --ref VID-20260929-3 --rhyme tom_piper --format long
2026-09-29,21:00,SHT-20260929-4,short,Little Bo-Peep,rhyme,a lighthouse keeper's cottage above a calm bay,"lavender, mint, warm white",a plump robin with a red waistcoat,PENDING,NOT_STARTED,,python3 scripts/pipeline.py --ref SHT-20260929-4 --rhyme bo_peep --format short
2026-09-30,09:00,VID-20260930-1,long,Hey Diddle Diddle,rhyme,"a market square with striped awnings, early morning","soft teal, apricot, ivory",a spotted puppy with oversized paws,PENDING,NOT_STARTED,,python3 scripts/pipeline.py --ref VID-20260930-1 --rhyme hey_diddle --format long
2026-09-30,13:00,SHT-20260930-2,short,Cock-a-Doodle-Doo,rhyme,a mossy woodland clearing with dappled sunlight,"clay pink, olive, sand",a quiet grey mouse with a patchwork bag,PENDING,NOT_STARTED,,python3 scripts/pipeline.py --ref SHT-20260930-2 --rhyme cock_doodle --format short
2026-09-30,17:00,VID-20260930-3,long,Ring a Ring o' Roses,rhyme,a sandy cove with gentle waves and rock pools,"midnight blue, silver, pale rose",a friendly goose in a straw hat,PENDING,NOT_STARTED,,python3 scripts/pipeline.py --ref VID-20260930-3 --rhyme ring_roses --format long
2026-09-30,21:00,SHT-20260930-4,short,Hey Diddle Diddle,rhyme,a greenhouse full of seedlings and watering cans,"moss green, butter yellow, chalk",a small striped bumblebee with tired wings,PENDING,NOT_STARTED,,python3 scripts/pipeline.py --ref SHT-20260930-4 --rhyme hey_diddle --format short
2026-10-01,09:00,VID-20261001-1,long,Diddle Diddle Dumpling,rhyme,a bakery window with warm light and round loaves,"russet, cream, slate blue",a soft grey seal pup with wide eyes,PENDING,NOT_STARTED,,python3 scripts/pipeline.py --ref VID-20261001-1 --rhyme diddle_dumpling --format long
2026-10-01,13:00,SHT-20261001-2,short,Ding Dong Bell,rhyme,a wildflower field with a low stone wall,"periwinkle, peach, warm grey",a small brown wren with a bright eye,PENDING,NOT_STARTED,,python3 scripts/pipeline.py --ref SHT-20261001-2 --rhyme ding_dong_bell --format short
2026-10-01,17:00,VID-20261001-3,long,The Farmer in the Dell,rhyme,a train platform in a tiny country station,"deep plum, sage, oatmeal",a small round owl with speckled feathers,PENDING,NOT_STARTED,,python3 scripts/pipeline.py --ref VID-20261001-3 --rhyme farmer_dell --format long
2026-10-01,21:00,SHT-20261001-4,short,Wee Willie Winkie,rhyme,a hillside sheep pasture under drifting clouds,"denim blue, wheat, soft white",a patient grey donkey with long ears,PENDING,NOT_STARTED,,python3 scripts/pipeline.py --ref SHT-20261001-4 --rhyme wee_willie --format short
2026-10-02,09:00,VID-20261002-1,long,Frere Jacques (Are You Sleeping?),rhyme,a cobbled lane with window boxes and a blue door,"pine green, copper, bone",a curious hedgehog in a knitted scarf,PENDING,NOT_STARTED,,python3 scripts/pipeline.py --ref VID-20261002-1 --rhyme frere_jacques --format long
2026-10-02,13:00,SHT-20261002-2,short,"Tom, Tom, the Piper's Son",rhyme,a frozen pond with soft snow on the reeds,"mauve, straw, dove grey","a slow, cheerful tortoise",PENDING,NOT_STARTED,,python3 scripts/pipeline.py --ref SHT-20261002-2 --rhyme tom_piper --format short
2026-10-02,17:00,VID-20261002-3,long,"Star Light, Star Bright",rhyme,"a rope bridge over a shallow, sunny stream","seafoam, coral, linen",a fluffy duckling who hums along,PENDING,NOT_STARTED,,python3 scripts/pipeline.py --ref VID-20261002-3 --rhyme star_light --format long
2026-10-02,21:00,SHT-20261002-4,short,Jack and Jill,rhyme,a hay loft with warm light through the slats,"deep indigo, soft gold, cream",a gentle brown bear cub,PENDING,NOT_STARTED,,python3 scripts/pipeline.py --ref SHT-20261002-4 --rhyme jack_jill --format short
2026-10-03,09:00,VID-20261003-1,long,Cock-a-Doodle-Doo,rhyme,a quiet hilltop meadow under a wide evening sky,"sage green, warm terracotta, oat",a shy grey rabbit with one folded ear,PENDING,NOT_STARTED,,python3 scripts/pipeline.py --ref VID-20261003-1 --rhyme cock_doodle --format long
2026-10-03,13:00,SHT-20261003-2,short,The Itsy Bitsy Spider,rhyme,a cosy wooden treehouse with round windows,"dusty blue, buttermilk, pale coral",a tidy badger with round spectacles,PENDING,NOT_STARTED,,python3 scripts/pipeline.py --ref SHT-20261003-2 --rhyme itsy_bitsy --format short
2026-10-03,17:00,VID-20261003-3,long,Jack and Jill,rhyme,a small harbour where painted boats bob at their moorings,"plum, mustard, soft grey",a sleepy orange cat with a bell,PENDING,NOT_STARTED,,python3 scripts/pipeline.py --ref VID-20261003-3 --rhyme jack_jill --format long
2026-10-03,21:00,SHT-20261003-4,short,Skip to My Lou,rhyme,a sunlit kitchen garden with tall sunflowers,"forest green, cream, honey",a small red fox with a white-tipped tail,PENDING,NOT_STARTED,,python3 scripts/pipeline.py --ref SHT-20261003-4 --rhyme skip_to_lou --format short
2026-10-04,09:00,VID-20261004-1,long,"Twinkle, Twinkle, Little Star",rhyme,a snowy village square with warm lantern light,"lavender, mint, warm white",a woolly lamb with a crooked fringe,PENDING,NOT_STARTED,,python3 scripts/pipeline.py --ref VID-20261004-1 --rhyme twinkle --format long
2026-10-04,13:00,SHT-20261004-2,short,The Grand Old Duke of York,rhyme,a riverbank where willows dip into slow water,"soft teal, apricot, ivory",a bright green frog in wellington boots,PENDING,NOT_STARTED,,python3 scripts/pipeline.py --ref SHT-20261004-2 --rhyme duke_york --format short
2026-10-04,17:00,VID-20261004-3,long,The Muffin Man,rhyme,a friendly red barn at the edge of a green field,"clay pink, olive, sand",a plump robin with a red waistcoat,PENDING,NOT_STARTED,,python3 scripts/pipeline.py --ref VID-20261004-3 --rhyme muffin_man --format long
2026-10-04,21:00,SHT-20261004-4,short,"Pat-a-Cake, Pat-a-Cake",rhyme,a bright attic room full of soft toys and books,"midnight blue, silver, pale rose",a spotted puppy with oversized paws,PENDING,NOT_STARTED,,python3 scripts/pipeline.py --ref SHT-20261004-4 --rhyme pat_a_cake --format short
2026-10-05,09:00,VID-20261005-1,long,Wee Willie Winkie,rhyme,a windmill on a low hill with long grass,"moss green, butter yellow, chalk",a quiet grey mouse with a patchwork bag,PENDING,NOT_STARTED,,python3 scripts/pipeline.py --ref VID-20261005-1 --rhyme wee_willie --format long
2026-10-05,13:00,SHT-20261005-2,short,Little Miss Muffet,rhyme,a duck pond ringed with smooth grey stones,"russet, cream, slate blue",a friendly goose in a straw hat,PENDING,NOT_STARTED,,python3 scripts/pipeline.py --ref SHT-20261005-2 --rhyme miss_muffet --format short
2026-10-05,17:00,VID-20261005-3,long,Little Bo-Peep,rhyme,an orchard of short apple trees in soft afternoon light,"periwinkle, peach, warm grey",a small striped bumblebee with tired wings,PENDING,NOT_STARTED,,python3 scripts/pipeline.py --ref VID-20261005-3 --rhyme bo_peep --format long
2026-10-05,21:00,SHT-20261005-4,short,This Little Piggy,rhyme,a lighthouse keeper's cottage above a calm bay,"deep plum, sage, oatmeal",a soft grey seal pup with wide eyes,PENDING,NOT_STARTED,,python3 scripts/pipeline.py --ref SHT-20261005-4 --rhyme this_piggy --format short
2026-10-06,09:00,VID-20261006-1,long,Ding Dong Bell,rhyme,"a market square with striped awnings, early morning","denim blue, wheat, soft white",a small brown wren with a bright eye,PENDING,NOT_STARTED,,python3 scripts/pipeline.py --ref VID-20261006-1 --rhyme ding_dong_bell --format long
2026-10-06,13:00,SHT-20261006-2,short,Ring a Ring o' Roses,rhyme,a mossy woodland clearing with dappled sunlight,"pine green, copper, bone",a small round owl with speckled feathers,PENDING,NOT_STARTED,,python3 scripts/pipeline.py --ref SHT-20261006-2 --rhyme ring_roses --format short
2026-10-06,17:00,VID-20261006-3,long,Bobby Shafto's Gone to Sea,rhyme,a sandy cove with gentle waves and rock pools,"mauve, straw, dove grey",a patient grey donkey with long ears,PENDING,NOT_STARTED,,python3 scripts/pipeline.py --ref VID-20261006-3 --rhyme bobby_shafto --format long
2026-10-06,21:00,SHT-20261006-4,short,Simple Simon,rhyme,a greenhouse full of seedlings and watering cans,"seafoam, coral, linen",a curious hedgehog in a knitted scarf,PENDING,NOT_STARTED,,python3 scripts/pipeline.py --ref SHT-20261006-4 --rhyme simple_simon --format short
2026-10-07,09:00,VID-20261007-1,long,The Grand Old Duke of York,rhyme,a bakery window with warm light and round loaves,"deep indigo, soft gold, cream","a slow, cheerful tortoise",PENDING,NOT_STARTED,,python3 scripts/pipeline.py --ref VID-20261007-1 --rhyme duke_york --format long
2026-10-07,13:00,SHT-20261007-2,short,"Mary, Mary, Quite Contrary",rhyme,a wildflower field with a low stone wall,"sage green, warm terracotta, oat",a fluffy duckling who hums along,PENDING,NOT_STARTED,,python3 scripts/pipeline.py --ref SHT-20261007-2 --rhyme mary_contrary --format short
2026-10-07,17:00,VID-20261007-3,long,Georgie Porgie,rhyme,a train platform in a tiny country station,"dusty blue, buttermilk, pale coral",a gentle brown bear cub,PENDING,NOT_STARTED,,python3 scripts/pipeline.py --ref VID-20261007-3 --rhyme georgie_porgie --format long
2026-10-07,21:00,SHT-20261007-4,short,Old MacDonald Had a Farm,rhyme,a hillside sheep pasture under drifting clouds,"plum, mustard, soft grey",a shy grey rabbit with one folded ear,PENDING,NOT_STARTED,,python3 scripts/pipeline.py --ref SHT-20261007-4 --rhyme old_macdonald --format short
2026-10-08,09:00,VID-20261008-1,long,There Was an Old Woman Who Lived in a Shoe,rhyme,a cobbled lane with window boxes and a blue door,"forest green, cream, honey",a tidy badger with round spectacles,PENDING,NOT_STARTED,,python3 scripts/pipeline.py --ref VID-20261008-1 --rhyme old_woman_shoe --format long
2026-10-08,13:00,SHT-20261008-2,short,Curly Locks,rhyme,a frozen pond with soft snow on the reeds,"lavender, mint, warm white",a sleepy orange cat with a bell,PENDING,NOT_STARTED,,python3 scripts/pipeline.py --ref SHT-20261008-2 --rhyme curly_locks --format short
2026-10-08,17:00,VID-20261008-3,long,Yankee Doodle,rhyme,"a rope bridge over a shallow, sunny stream","soft teal, apricot, ivory",a small red fox with a white-tipped tail,PENDING,NOT_STARTED,,python3 scripts/pipeline.py --ref VID-20261008-3 --rhyme yankee_doodle --format long
2026-10-08,21:00,SHT-20261008-4,short,Bobby Shafto's Gone to Sea,rhyme,a hay loft with warm light through the slats,"clay pink, olive, sand",a woolly lamb with a crooked fringe,PENDING,NOT_STARTED,,python3 scripts/pipeline.py --ref SHT-20261008-4 --rhyme bobby_shafto --format short
2026-10-09,09:00,VID-20261009-1,long,"Mary, Mary, Quite Contrary",rhyme,a quiet hilltop meadow under a wide evening sky,"midnight blue, silver, pale rose",a bright green frog in wellington boots,PENDING,NOT_STARTED,,python3 scripts/pipeline.py --ref VID-20261009-1 --rhyme mary_contrary --format long
2026-10-09,13:00,SHT-20261009-2,short,The Muffin Man,rhyme,a cosy wooden treehouse with round windows,"moss green, butter yellow, chalk",a plump robin with a red waistcoat,PENDING,NOT_STARTED,,python3 scripts/pipeline.py --ref SHT-20261009-2 --rhyme muffin_man --format short
2026-10-09,17:00,VID-20261009-3,long,The Itsy Bitsy Spider,rhyme,a small harbour where painted boats bob at their moorings,"russet, cream, slate blue",a spotted puppy with oversized paws,PENDING,NOT_STARTED,,python3 scripts/pipeline.py --ref VID-20261009-3 --rhyme itsy_bitsy --format long
2026-10-09,21:00,SHT-20261009-4,short,Hickory Dickory Dock,rhyme,a sunlit kitchen garden with tall sunflowers,"periwinkle, peach, warm grey",a quiet grey mouse with a patchwork bag,PENDING,NOT_STARTED,,python3 scripts/pipeline.py --ref SHT-20261009-4 --rhyme hickory_dickory --format short
2026-10-10,09:00,VID-20261010-1,long,"One, Two, Buckle My Shoe",counting,a snowy village square with warm lantern light,"deep plum, sage, oatmeal",a friendly goose in a straw hat,PENDING,NOT_STARTED,,python3 scripts/pipeline.py --ref VID-20261010-1 --rhyme one_two_buckle --format long
2026-10-10,13:00,SHT-20261010-2,short,Lavender's Blue,rhyme,a riverbank where willows dip into slow water,"denim blue, wheat, soft white",a small striped bumblebee with tired wings,PENDING,NOT_STARTED,,python3 scripts/pipeline.py --ref SHT-20261010-2 --rhyme lavenders_blue --format short
2026-10-10,17:00,VID-20261010-3,long,Old King Cole,rhyme,a friendly red barn at the edge of a green field,"pine green, copper, bone",a soft grey seal pup with wide eyes,PENDING,NOT_STARTED,,python3 scripts/pipeline.py --ref VID-20261010-3 --rhyme old_king_cole --format long
2026-10-10,21:00,SHT-20261010-4,short,"Baa, Baa, Black Sheep",rhyme,a bright attic room full of soft toys and books,"mauve, straw, dove grey",a small brown wren with a bright eye,PENDING,NOT_STARTED,,python3 scripts/pipeline.py --ref SHT-20261010-4 --rhyme baa_baa --format short
2026-10-11,09:00,VID-20261011-1,long,Simple Simon,rhyme,a windmill on a low hill with long grass,"seafoam, coral, linen",a small round owl with speckled feathers,PENDING,NOT_STARTED,,python3 scripts/pipeline.py --ref VID-20261011-1 --rhyme simple_simon --format long
2026-10-11,13:00,SHT-20261011-2,short,Humpty Dumpty,rhyme,a duck pond ringed with smooth grey stones,"deep indigo, soft gold, cream",a patient grey donkey with long ears,PENDING,NOT_STARTED,,python3 scripts/pipeline.py --ref SHT-20261011-2 --rhyme humpty --format short
2026-10-11,17:00,VID-20261011-3,long,"Baa, Baa, Black Sheep",rhyme,an orchard of short apple trees in soft afternoon light,"sage green, warm terracotta, oat",a curious hedgehog in a knitted scarf,PENDING,NOT_STARTED,,python3 scripts/pipeline.py --ref VID-20261011-3 --rhyme baa_baa --format long
2026-10-11,21:00,SHT-20261011-4,short,Georgie Porgie,rhyme,a lighthouse keeper's cottage above a calm bay,"dusty blue, buttermilk, pale coral","a slow, cheerful tortoise",PENDING,NOT_STARTED,,python3 scripts/pipeline.py --ref SHT-20261011-4 --rhyme georgie_porgie --format short
2026-10-12,09:00,VID-20261012-1,long,Rock-a-Bye Baby,lullaby,"a market square with striped awnings, early morning","plum, mustard, soft grey",a fluffy duckling who hums along,PENDING,NOT_STARTED,,python3 scripts/pipeline.py --ref VID-20261012-1 --rhyme rock_a_bye --format long
2026-10-12,13:00,SHT-20261012-2,short,"Peter, Peter, Pumpkin Eater",rhyme,a mossy woodland clearing with dappled sunlight,"forest green, cream, honey",a gentle brown bear cub,PENDING,NOT_STARTED,,python3 scripts/pipeline.py --ref SHT-20261012-2 --rhyme peter_pumpkin --format short
2026-10-12,17:00,VID-20261012-3,long,Jack Be Nimble,rhyme,a sandy cove with gentle waves and rock pools,"lavender, mint, warm white",a shy grey rabbit with one folded ear,PENDING,NOT_STARTED,,python3 scripts/pipeline.py --ref VID-20261012-3 --rhyme jack_nimble --format long
2026-10-12,21:00,SHT-20261012-4,short,There Was an Old Woman Who Lived in a Shoe,rhyme,a greenhouse full of seedlings and watering cans,"soft teal, apricot, ivory",a tidy badger with round spectacles,PENDING,NOT_STARTED,,python3 scripts/pipeline.py --ref SHT-20261012-4 --rhyme old_woman_shoe --format short
2026-10-13,09:00,VID-20261013-1,long,Little Jack Horner,rhyme,a bakery window with warm light and round loaves,"clay pink, olive, sand",a sleepy orange cat with a bell,PENDING,NOT_STARTED,,python3 scripts/pipeline.py --ref VID-20261013-1 --rhyme jack_horner --format long
2026-10-13,13:00,SHT-20261013-2,short,Polly Put the Kettle On,rhyme,a wildflower field with a low stone wall,"midnight blue, silver, pale rose",a small red fox with a white-tipped tail,PENDING,NOT_STARTED,,python3 scripts/pipeline.py --ref SHT-20261013-2 --rhyme polly_kettle --format short
2026-10-13,17:00,VID-20261013-3,long,Hickory Dickory Dock,rhyme,a train platform in a tiny country station,"moss green, butter yellow, chalk",a woolly lamb with a crooked fringe,PENDING,NOT_STARTED,,python3 scripts/pipeline.py --ref VID-20261013-3 --rhyme hickory_dickory --format long
2026-10-13,21:00,SHT-20261013-4,short,Little Jack Horner,rhyme,a hillside sheep pasture under drifting clouds,"russet, cream, slate blue",a bright green frog in wellington boots,PENDING,NOT_STARTED,,python3 scripts/pipeline.py --ref SHT-20261013-4 --rhyme jack_horner --format short
2026-10-14,09:00,VID-20261014-1,long,Old MacDonald Had a Farm,rhyme,a cobbled lane with window boxes and a blue door,"periwinkle, peach, warm grey",a plump robin with a red waistcoat,PENDING,NOT_STARTED,,python3 scripts/pipeline.py --ref VID-20261014-1 --rhyme old_macdonald --format long
2026-10-14,13:00,SHT-20261014-2,short,Hot Cross Buns,rhyme,a frozen pond with soft snow on the reeds,"deep plum, sage, oatmeal",a spotted puppy with oversized paws,PENDING,NOT_STARTED,,python3 scripts/pipeline.py --ref SHT-20261014-2 --rhyme hot_cross_buns --format short
2026-10-14,17:00,VID-20261014-3,long,Three Blind Mice,rhyme,"a rope bridge over a shallow, sunny stream","denim blue, wheat, soft white",a quiet grey mouse with a patchwork bag,PENDING,NOT_STARTED,,python3 scripts/pipeline.py --ref VID-20261014-3 --rhyme three_mice --format long
2026-10-14,21:00,SHT-20261014-4,short,Diddle Diddle Dumpling,rhyme,a hay loft with warm light through the slats,"pine green, copper, bone",a friendly goose in a straw hat,PENDING,NOT_STARTED,,python3 scripts/pipeline.py --ref SHT-20261014-4 --rhyme diddle_dumpling --format short
2026-10-15,09:00,VID-20261015-1,long,Curly Locks,rhyme,a quiet hilltop meadow under a wide evening sky,"mauve, straw, dove grey",a small striped bumblebee with tired wings,PENDING,NOT_STARTED,,python3 scripts/pipeline.py --ref VID-20261015-1 --rhyme curly_locks --format long
2026-10-15,13:00,SHT-20261015-2,short,Three Blind Mice,rhyme,a cosy wooden treehouse with round windows,"seafoam, coral, linen",a soft grey seal pup with wide eyes,PENDING,NOT_STARTED,,python3 scripts/pipeline.py --ref SHT-20261015-2 --rhyme three_mice --format short
2026-10-15,17:00,VID-20261015-3,long,"Hush, Little Baby",lullaby,a small harbour where painted boats bob at their moorings,"deep indigo, soft gold, cream",a small brown wren with a bright eye,PENDING,NOT_STARTED,,python3 scripts/pipeline.py --ref VID-20261015-3 --rhyme hush_little_baby --format long
2026-10-15,21:00,SHT-20261015-4,short,Pop Goes the Weasel,rhyme,a sunlit kitchen garden with tall sunflowers,"sage green, warm terracotta, oat",a small round owl with speckled feathers,PENDING,NOT_STARTED,,python3 scripts/pipeline.py --ref SHT-20261015-4 --rhyme pop_weasel --format short
2026-10-16,09:00,VID-20261016-1,long,Skip to My Lou,rhyme,a snowy village square with warm lantern light,"dusty blue, buttermilk, pale coral",a patient grey donkey with long ears,PENDING,NOT_STARTED,,python3 scripts/pipeline.py --ref VID-20261016-1 --rhyme skip_to_lou --format long
2026-10-16,13:00,SHT-20261016-2,short,"Row, Row, Row Your Boat",rhyme,a riverbank where willows dip into slow water,"plum, mustard, soft grey",a curious hedgehog in a knitted scarf,PENDING,NOT_STARTED,,python3 scripts/pipeline.py --ref SHT-20261016-2 --rhyme row_row --format short
2026-10-16,17:00,VID-20261016-3,long,Oranges and Lemons,rhyme,a friendly red barn at the edge of a green field,"forest green, cream, honey","a slow, cheerful tortoise",PENDING,NOT_STARTED,,python3 scripts/pipeline.py --ref VID-20261016-3 --rhyme oranges_lemons --format long
2026-10-16,21:00,SHT-20261016-4,short,The Farmer in the Dell,rhyme,a bright attic room full of soft toys and books,"lavender, mint, warm white",a fluffy duckling who hums along,PENDING,NOT_STARTED,,python3 scripts/pipeline.py --ref SHT-20261016-4 --rhyme farmer_dell --format short
2026-10-17,09:00,VID-20261017-1,long,London Bridge Is Falling Down,rhyme,a windmill on a low hill with long grass,"soft teal, apricot, ivory",a gentle brown bear cub,PENDING,NOT_STARTED,,python3 scripts/pipeline.py --ref VID-20261017-1 --rhyme london_bridge --format long
2026-10-17,13:00,SHT-20261017-2,short,Mary Had a Little Lamb,rhyme,a duck pond ringed with smooth grey stones,"clay pink, olive, sand",a shy grey rabbit with one folded ear,PENDING,NOT_STARTED,,python3 scripts/pipeline.py --ref SHT-20261017-2 --rhyme mary_lamb --format short
2026-10-17,17:00,VID-20261017-3,long,Hot Cross Buns,rhyme,an orchard of short apple trees in soft afternoon light,"midnight blue, silver, pale rose",a tidy badger with round spectacles,PENDING,NOT_STARTED,,python3 scripts/pipeline.py --ref VID-20261017-3 --rhyme hot_cross_buns --format long
2026-10-17,21:00,SHT-20261017-4,short,"One, Two, Buckle My Shoe",counting,a lighthouse keeper's cottage above a calm bay,"moss green, butter yellow, chalk",a sleepy orange cat with a bell,PENDING,NOT_STARTED,,python3 scripts/pipeline.py --ref SHT-20261017-4 --rhyme one_two_buckle --format short
2026-10-18,09:00,VID-20261018-1,long,Mary Had a Little Lamb,rhyme,"a market square with striped awnings, early morning","russet, cream, slate blue",a small red fox with a white-tipped tail,PENDING,NOT_STARTED,,python3 scripts/pipeline.py --ref VID-20261018-1 --rhyme mary_lamb --format long
2026-10-18,13:00,SHT-20261018-2,short,London Bridge Is Falling Down,rhyme,a mossy woodland clearing with dappled sunlight,"periwinkle, peach, warm grey",a woolly lamb with a crooked fringe,PENDING,NOT_STARTED,,python3 scripts/pipeline.py --ref SHT-20261018-2 --rhyme london_bridge --format short
2026-10-18,17:00,VID-20261018-3,long,"Row, Row, Row Your Boat",rhyme,a sandy cove with gentle waves and rock pools,"deep plum, sage, oatmeal",a bright green frog in wellington boots,PENDING,NOT_STARTED,,python3 scripts/pipeline.py --ref VID-20261018-3 --rhyme row_row --format long
2026-10-18,21:00,SHT-20261018-4,short,Oranges and Lemons,rhyme,a greenhouse full of seedlings and watering cans,"denim blue, wheat, soft white",a plump robin with a red waistcoat,PENDING,NOT_STARTED,,python3 scripts/pipeline.py --ref SHT-20261018-4 --rhyme oranges_lemons --format short
2026-10-19,09:00,VID-20261019-1,long,"Rain, Rain, Go Away",rhyme,a bakery window with warm light and round loaves,"pine green, copper, bone",a spotted puppy with oversized paws,PENDING,NOT_STARTED,,python3 scripts/pipeline.py --ref VID-20261019-1 --rhyme rain_go_away --format long
2026-10-19,13:00,SHT-20261019-2,short,"Star Light, Star Bright",rhyme,a wildflower field with a low stone wall,"mauve, straw, dove grey",a quiet grey mouse with a patchwork bag,PENDING,NOT_STARTED,,python3 scripts/pipeline.py --ref SHT-20261019-2 --rhyme star_light --format short
2026-10-19,17:00,VID-20261019-3,long,Lavender's Blue,rhyme,a train platform in a tiny country station,"seafoam, coral, linen",a friendly goose in a straw hat,PENDING,NOT_STARTED,,python3 scripts/pipeline.py --ref VID-20261019-3 --rhyme lavenders_blue --format long
2026-10-19,21:00,SHT-20261019-4,short,Frere Jacques (Are You Sleeping?),rhyme,a hillside sheep pasture under drifting clouds,"deep indigo, soft gold, cream",a small striped bumblebee with tired wings,PENDING,NOT_STARTED,,python3 scripts/pipeline.py --ref SHT-20261019-4 --rhyme frere_jacques --format short
2026-10-20,09:00,VID-20261020-1,long,Humpty Dumpty,rhyme,a cobbled lane with window boxes and a blue door,"sage green, warm terracotta, oat",a soft grey seal pup with wide eyes,PENDING,NOT_STARTED,,python3 scripts/pipeline.py --ref VID-20261020-1 --rhyme humpty --format long
2026-10-20,13:00,SHT-20261020-2,short,Old King Cole,rhyme,a frozen pond with soft snow on the reeds,"dusty blue, buttermilk, pale coral",a small brown wren with a bright eye,PENDING,NOT_STARTED,,python3 scripts/pipeline.py --ref SHT-20261020-2 --rhyme old_king_cole --format short
2026-10-20,17:00,VID-20261020-3,long,Polly Put the Kettle On,rhyme,"a rope bridge over a shallow, sunny stream","plum, mustard, soft grey",a small round owl with speckled feathers,PENDING,NOT_STARTED,,python3 scripts/pipeline.py --ref VID-20261020-3 --rhyme polly_kettle --format long
2026-10-20,21:00,SHT-20261020-4,short,"Rain, Rain, Go Away",rhyme,a hay loft with warm light through the slats,"forest green, cream, honey",a patient grey donkey with long ears,PENDING,NOT_STARTED,,python3 scripts/pipeline.py --ref SHT-20261020-4 --rhyme rain_go_away --format short
2026-10-21,09:00,VID-20261021-1,long,Pop Goes the Weasel,rhyme,a quiet hilltop meadow under a wide evening sky,"lavender, mint, warm white",a curious hedgehog in a knitted scarf,PENDING,NOT_STARTED,,python3 scripts/pipeline.py --ref VID-20261021-1 --rhyme pop_weasel --format long
2026-10-21,13:00,SHT-20261021-2,short,Yankee Doodle,rhyme,a cosy wooden treehouse with round windows,"soft teal, apricot, ivory","a slow, cheerful tortoise",PENDING,NOT_STARTED,,python3 scripts/pipeline.py --ref SHT-20261021-2 --rhyme yankee_doodle --format short
2026-10-21,17:00,VID-20261021-3,long,"Peter, Peter, Pumpkin Eater",rhyme,a small harbour where painted boats bob at their moorings,"clay pink, olive, sand",a fluffy duckling who hums along,PENDING,NOT_STARTED,,python3 scripts/pipeline.py --ref VID-20261021-3 --rhyme peter_pumpkin --format long
2026-10-21,21:00,SHT-20261021-4,short,Jack Be Nimble,rhyme,a sunlit kitchen garden with tall sunflowers,"midnight blue, silver, pale rose",a gentle brown bear cub,PENDING,NOT_STARTED,,python3 scripts/pipeline.py --ref SHT-20261021-4 --rhyme jack_nimble --format short
2026-10-22,09:00,VID-20261022-1,long,"Pat-a-Cake, Pat-a-Cake",rhyme,a snowy village square with warm lantern light,"moss green, butter yellow, chalk",a shy grey rabbit with one folded ear,PENDING,NOT_STARTED,,python3 scripts/pipeline.py --ref VID-20261022-1 --rhyme pat_a_cake --format long
2026-10-22,13:00,SHT-20261022-2,short,"Twinkle, Twinkle, Little Star",rhyme,a riverbank where willows dip into slow water,"russet, cream, slate blue",a tidy badger with round spectacles,PENDING,NOT_STARTED,,python3 scripts/pipeline.py --ref SHT-20261022-2 --rhyme twinkle --format short
2026-10-22,17:00,VID-20261022-3,long,This Little Piggy,rhyme,a friendly red barn at the edge of a green field,"periwinkle, peach, warm grey",a sleepy orange cat with a bell,PENDING,NOT_STARTED,,python3 scripts/pipeline.py --ref VID-20261022-3 --rhyme this_piggy --format long
2026-10-22,21:00,SHT-20261022-4,short,Little Bo-Peep,rhyme,a bright attic room full of soft toys and books,"deep plum, sage, oatmeal",a small red fox with a white-tipped tail,PENDING,NOT_STARTED,,python3 scripts/pipeline.py --ref SHT-20261022-4 --rhyme bo_peep --format short
2026-10-23,09:00,VID-20261023-1,long,Little Miss Muffet,rhyme,a windmill on a low hill with long grass,"denim blue, wheat, soft white",a woolly lamb with a crooked fringe,PENDING,NOT_STARTED,,python3 scripts/pipeline.py --ref VID-20261023-1 --rhyme miss_muffet --format long
2026-10-23,13:00,SHT-20261023-2,short,Cock-a-Doodle-Doo,rhyme,a duck pond ringed with smooth grey stones,"pine green, copper, bone",a bright green frog in wellington boots,PENDING,NOT_STARTED,,python3 scripts/pipeline.py --ref SHT-20261023-2 --rhyme cock_doodle --format short
2026-10-23,17:00,VID-20261023-3,long,"Tom, Tom, the Piper's Son",rhyme,an orchard of short apple trees in soft afternoon light,"mauve, straw, dove grey",a plump robin with a red waistcoat,PENDING,NOT_STARTED,,python3 scripts/pipeline.py --ref VID-20261023-3 --rhyme tom_piper --format long
2026-10-23,21:00,SHT-20261023-4,short,Hey Diddle Diddle,rhyme,a lighthouse keeper's cottage above a calm bay,"seafoam, coral, linen",a spotted puppy with oversized paws,PENDING,NOT_STARTED,,python3 scripts/pipeline.py --ref SHT-20261023-4 --rhyme hey_diddle --format short
2026-10-24,09:00,VID-20261024-1,long,Hey Diddle Diddle,rhyme,"a market square with striped awnings, early morning","deep indigo, soft gold, cream",a quiet grey mouse with a patchwork bag,PENDING,NOT_STARTED,,python3 scripts/pipeline.py --ref VID-20261024-1 --rhyme hey_diddle --format long
2026-10-24,13:00,SHT-20261024-2,short,Ding Dong Bell,rhyme,a mossy woodland clearing with dappled sunlight,"sage green, warm terracotta, oat",a friendly goose in a straw hat,PENDING,NOT_STARTED,,python3 scripts/pipeline.py --ref SHT-20261024-2 --rhyme ding_dong_bell --format short
2026-10-24,17:00,VID-20261024-3,long,Ring a Ring o' Roses,rhyme,a sandy cove with gentle waves and rock pools,"dusty blue, buttermilk, pale coral",a small striped bumblebee with tired wings,PENDING,NOT_STARTED,,python3 scripts/pipeline.py --ref VID-20261024-3 --rhyme ring_roses --format long
2026-10-24,21:00,SHT-20261024-4,short,Wee Willie Winkie,rhyme,a greenhouse full of seedlings and watering cans,"plum, mustard, soft grey",a soft grey seal pup with wide eyes,PENDING,NOT_STARTED,,python3 scripts/pipeline.py --ref SHT-20261024-4 --rhyme wee_willie --format short
2026-10-25,09:00,VID-20261025-1,long,Diddle Diddle Dumpling,rhyme,a bakery window with warm light and round loaves,"forest green, cream, honey",a small brown wren with a bright eye,PENDING,NOT_STARTED,,python3 scripts/pipeline.py --ref VID-20261025-1 --rhyme diddle_dumpling --format long
2026-10-25,13:00,SHT-20261025-2,short,"Tom, Tom, the Piper's Son",rhyme,a wildflower field with a low stone wall,"lavender, mint, warm white",a small round owl with speckled feathers,PENDING,NOT_STARTED,,python3 scripts/pipeline.py --ref SHT-20261025-2 --rhyme tom_piper --format short
2026-10-25,17:00,VID-20261025-3,long,The Farmer in the Dell,rhyme,a train platform in a tiny country station,"soft teal, apricot, ivory",a patient grey donkey with long ears,PENDING,NOT_STARTED,,python3 scripts/pipeline.py --ref VID-20261025-3 --rhyme farmer_dell --format long
2026-10-25,21:00,SHT-20261025-4,short,Jack and Jill,rhyme,a hillside sheep pasture under drifting clouds,"clay pink, olive, sand",a curious hedgehog in a knitted scarf,PENDING,NOT_STARTED,,python3 scripts/pipeline.py --ref SHT-20261025-4 --rhyme jack_jill --format short
2026-10-26,09:00,VID-20261026-1,long,Frere Jacques (Are You Sleeping?),rhyme,a cobbled lane with window boxes and a blue door,"midnight blue, silver, pale rose","a slow, cheerful tortoise",PENDING,NOT_STARTED,,python3 scripts/pipeline.py --ref VID-20261026-1 --rhyme frere_jacques --format long
2026-10-26,13:00,SHT-20261026-2,short,The Itsy Bitsy Spider,rhyme,a frozen pond with soft snow on the reeds,"moss green, butter yellow, chalk",a fluffy duckling who hums along,PENDING,NOT_STARTED,,python3 scripts/pipeline.py --ref SHT-20261026-2 --rhyme itsy_bitsy --format short
2026-10-26,17:00,VID-20261026-3,long,"Star Light, Star Bright",rhyme,"a rope bridge over a shallow, sunny stream","russet, cream, slate blue",a gentle brown bear cub,PENDING,NOT_STARTED,,python3 scripts/pipeline.py --ref VID-20261026-3 --rhyme star_light --format long
2026-10-26,21:00,SHT-20261026-4,short,Skip to My Lou,rhyme,a hay loft with warm light through the slats,"periwinkle, peach, warm grey",a shy grey rabbit with one folded ear,PENDING,NOT_STARTED,,python3 scripts/pipeline.py --ref SHT-20261026-4 --rhyme skip_to_lou --format short
2026-10-27,09:00,VID-20261027-1,long,Cock-a-Doodle-Doo,rhyme,a quiet hilltop meadow under a wide evening sky,"deep plum, sage, oatmeal",a tidy badger with round spectacles,PENDING,NOT_STARTED,,python3 scripts/pipeline.py --ref VID-20261027-1 --rhyme cock_doodle --format long
2026-10-27,13:00,SHT-20261027-2,short,The Grand Old Duke of York,rhyme,a cosy wooden treehouse with round windows,"denim blue, wheat, soft white",a sleepy orange cat with a bell,PENDING,NOT_STARTED,,python3 scripts/pipeline.py --ref SHT-20261027-2 --rhyme duke_york --format short
2026-10-27,17:00,VID-20261027-3,long,Jack and Jill,rhyme,a small harbour where painted boats bob at their moorings,"pine green, copper, bone",a small red fox with a white-tipped tail,PENDING,NOT_STARTED,,python3 scripts/pipeline.py --ref VID-20261027-3 --rhyme jack_jill --format long
2026-10-27,21:00,SHT-20261027-4,short,"Pat-a-Cake, Pat-a-Cake",rhyme,a sunlit kitchen garden with tall sunflowers,"mauve, straw, dove grey",a woolly lamb with a crooked fringe,PENDING,NOT_STARTED,,python3 scripts/pipeline.py --ref SHT-20261027-4 --rhyme pat_a_cake --format short
2026-10-28,09:00,VID-20261028-1,long,"Twinkle, Twinkle, Little Star",rhyme,a snowy village square with warm lantern light,"seafoam, coral, linen",a bright green frog in wellington boots,PENDING,NOT_STARTED,,python3 scripts/pipeline.py --ref VID-20261028-1 --rhyme twinkle --format long
2026-10-28,13:00,SHT-20261028-2,short,Little Miss Muffet,rhyme,a riverbank where willows dip into slow water,"deep indigo, soft gold, cream",a plump robin with a red waistcoat,PENDING,NOT_STARTED,,python3 scripts/pipeline.py --ref SHT-20261028-2 --rhyme miss_muffet --format short
2026-10-28,17:00,VID-20261028-3,long,The Muffin Man,rhyme,a friendly red barn at the edge of a green field,"sage green, warm terracotta, oat",a spotted puppy with oversized paws,PENDING,NOT_STARTED,,python3 scripts/pipeline.py --ref VID-20261028-3 --rhyme muffin_man --format long
2026-10-28,21:00,SHT-20261028-4,short,This Little Piggy,rhyme,a bright attic room full of soft toys and books,"dusty blue, buttermilk, pale coral",a quiet grey mouse with a patchwork bag,PENDING,NOT_STARTED,,python3 scripts/pipeline.py --ref SHT-20261028-4 --rhyme this_piggy --format short
2026-10-29,09:00,VID-20261029-1,long,Wee Willie Winkie,rhyme,a windmill on a low hill with long grass,"plum, mustard, soft grey",a friendly goose in a straw hat,PENDING,NOT_STARTED,,python3 scripts/pipeline.py --ref VID-20261029-1 --rhyme wee_willie --format long
2026-10-29,13:00,SHT-20261029-2,short,Ring a Ring o' Roses,rhyme,a duck pond ringed with smooth grey stones,"forest green, cream, honey",a small striped bumblebee with tired wings,PENDING,NOT_STARTED,,python3 scripts/pipeline.py --ref SHT-20261029-2 --rhyme ring_roses --format short
2026-10-29,17:00,VID-20261029-3,long,Little Bo-Peep,rhyme,an orchard of short apple trees in soft afternoon light,"lavender, mint, warm white",a soft grey seal pup with wide eyes,PENDING,NOT_STARTED,,python3 scripts/pipeline.py --ref VID-20261029-3 --rhyme bo_peep --format long
2026-10-29,21:00,SHT-20261029-4,short,Simple Simon,rhyme,a lighthouse keeper's cottage above a calm bay,"soft teal, apricot, ivory",a small brown wren with a bright eye,PENDING,NOT_STARTED,,python3 scripts/pipeline.py --ref SHT-20261029-4 --rhyme simple_simon --format short
2026-10-30,09:00,VID-20261030-1,long,Ding Dong Bell,rhyme,"a market square with striped awnings, early morning","clay pink, olive, sand",a small round owl with speckled feathers,PENDING,NOT_STARTED,,python3 scripts/pipeline.py --ref VID-20261030-1 --rhyme ding_dong_bell --format long
2026-10-30,13:00,SHT-20261030-2,short,"Mary, Mary, Quite Contrary",rhyme,a mossy woodland clearing with dappled sunlight,"midnight blue, silver, pale rose",a patient grey donkey with long ears,PENDING,NOT_STARTED,,python3 scripts/pipeline.py --ref SHT-20261030-2 --rhyme mary_contrary --format short
2026-10-30,17:00,VID-20261030-3,long,Bobby Shafto's Gone to Sea,rhyme,a sandy cove with gentle waves and rock pools,"moss green, butter yellow, chalk",a curious hedgehog in a knitted scarf,PENDING,NOT_STARTED,,python3 scripts/pipeline.py --ref VID-20261030-3 --rhyme bobby_shafto --format long
2026-10-30,21:00,SHT-20261030-4,short,Old MacDonald Had a Farm,rhyme,a greenhouse full of seedlings and watering cans,"russet, cream, slate blue","a slow, cheerful tortoise",PENDING,NOT_STARTED,,python3 scripts/pipeline.py --ref SHT-20261030-4 --rhyme old_macdonald --format short
2026-10-31,09:00,VID-20261031-1,long,The Grand Old Duke of York,rhyme,a bakery window with warm light and round loaves,"periwinkle, peach, warm grey",a fluffy duckling who hums along,PENDING,NOT_STARTED,,python3 scripts/pipeline.py --ref VID-20261031-1 --rhyme duke_york --format long
2026-10-31,13:00,SHT-20261031-2,short,Curly Locks,rhyme,a wildflower field with a low stone wall,"deep plum, sage, oatmeal",a gentle brown bear cub,PENDING,NOT_STARTED,,python3 scripts/pipeline.py --ref SHT-20261031-2 --rhyme curly_locks --format short
2026-10-31,17:00,VID-20261031-3,long,Georgie Porgie,rhyme,a train platform in a tiny country station,"denim blue, wheat, soft white",a shy grey rabbit with one folded ear,PENDING,NOT_STARTED,,python3 scripts/pipeline.py --ref VID-20261031-3 --rhyme georgie_porgie --format long
2026-10-31,21:00,SHT-20261031-4,short,Bobby Shafto's Gone to Sea,rhyme,a hillside sheep pasture under drifting clouds,"pine green, copper, bone",a tidy badger with round spectacles,PENDING,NOT_STARTED,,python3 scripts/pipeline.py --ref SHT-20261031-4 --rhyme bobby_shafto --format short
2026-11-01,09:00,VID-20261101-1,long,There Was an Old Woman Who Lived in a Shoe,rhyme,a cobbled lane with window boxes and a blue door,"mauve, straw, dove grey",a sleepy orange cat with a bell,PENDING,NOT_STARTED,,python3 scripts/pipeline.py --ref VID-20261101-1 --rhyme old_woman_shoe --format long
2026-11-01,13:00,SHT-20261101-2,short,The Muffin Man,rhyme,a frozen pond with soft snow on the reeds,"seafoam, coral, linen",a small red fox with a white-tipped tail,PENDING,NOT_STARTED,,python3 scripts/pipeline.py --ref SHT-20261101-2 --rhyme muffin_man --format short
2026-11-01,17:00,VID-20261101-3,long,Yankee Doodle,rhyme,"a rope bridge over a shallow, sunny stream","deep indigo, soft gold, cream",a woolly lamb with a crooked fringe,PENDING,NOT_STARTED,,python3 scripts/pipeline.py --ref VID-20261101-3 --rhyme yankee_doodle --format long
2026-11-01,21:00,SHT-20261101-4,short,Hickory Dickory Dock,rhyme,a hay loft with warm light through the slats,"sage green, warm terracotta, oat",a bright green frog in wellington boots,PENDING,NOT_STARTED,,python3 scripts/pipeline.py --ref SHT-20261101-4 --rhyme hickory_dickory --format short
2026-11-02,09:00,VID-20261102-1,long,"Mary, Mary, Quite Contrary",rhyme,a quiet hilltop meadow under a wide evening sky,"dusty blue, buttermilk, pale coral",a plump robin with a red waistcoat,PENDING,NOT_STARTED,,python3 scripts/pipeline.py --ref VID-20261102-1 --rhyme mary_contrary --format long
2026-11-02,13:00,SHT-20261102-2,short,Lavender's Blue,rhyme,a cosy wooden treehouse with round windows,"plum, mustard, soft grey",a spotted puppy with oversized paws,PENDING,NOT_STARTED,,python3 scripts/pipeline.py --ref SHT-20261102-2 --rhyme lavenders_blue --format short
2026-11-02,17:00,VID-20261102-3,long,The Itsy Bitsy Spider,rhyme,a small harbour where painted boats bob at their moorings,"forest green, cream, honey",a quiet grey mouse with a patchwork bag,PENDING,NOT_STARTED,,python3 scripts/pipeline.py --ref VID-20261102-3 --rhyme itsy_bitsy --format long
2026-11-02,21:00,SHT-20261102-4,short,"Baa, Baa, Black Sheep",rhyme,a sunlit kitchen garden with tall sunflowers,"lavender, mint, warm white",a friendly goose in a straw hat,PENDING,NOT_STARTED,,python3 scripts/pipeline.py --ref SHT-20261102-4 --rhyme baa_baa --format short
2026-11-03,09:00,VID-20261103-1,long,"One, Two, Buckle My Shoe",counting,a snowy village square with warm lantern light,"soft teal, apricot, ivory",a small striped bumblebee with tired wings,PENDING,NOT_STARTED,,python3 scripts/pipeline.py --ref VID-20261103-1 --rhyme one_two_buckle --format long
2026-11-03,13:00,SHT-20261103-2,short,Humpty Dumpty,rhyme,a riverbank where willows dip into slow water,"clay pink, olive, sand",a soft grey seal pup with wide eyes,PENDING,NOT_STARTED,,python3 scripts/pipeline.py --ref SHT-20261103-2 --rhyme humpty --format short
2026-11-03,17:00,VID-20261103-3,long,Old King Cole,rhyme,a friendly red barn at the edge of a green field,"midnight blue, silver, pale rose",a small brown wren with a bright eye,PENDING,NOT_STARTED,,python3 scripts/pipeline.py --ref VID-20261103-3 --rhyme old_king_cole --format long
2026-11-03,21:00,SHT-20261103-4,short,Georgie Porgie,rhyme,a bright attic room full of soft toys and books,"moss green, butter yellow, chalk",a small round owl with speckled feathers,PENDING,NOT_STARTED,,python3 scripts/pipeline.py --ref SHT-20261103-4 --rhyme georgie_porgie --format short
2026-11-04,09:00,VID-20261104-1,long,Simple Simon,rhyme,a windmill on a low hill with long grass,"russet, cream, slate blue",a patient grey donkey with long ears,PENDING,NOT_STARTED,,python3 scripts/pipeline.py --ref VID-20261104-1 --rhyme simple_simon --format long
2026-11-04,13:00,SHT-20261104-2,short,"Peter, Peter, Pumpkin Eater",rhyme,a duck pond ringed with smooth grey stones,"periwinkle, peach, warm grey",a curious hedgehog in a knitted scarf,PENDING,NOT_STARTED,,python3 scripts/pipeline.py --ref SHT-20261104-2 --rhyme peter_pumpkin --format short
2026-11-04,17:00,VID-20261104-3,long,"Baa, Baa, Black Sheep",rhyme,an orchard of short apple trees in soft afternoon light,"deep plum, sage, oatmeal","a slow, cheerful tortoise",PENDING,NOT_STARTED,,python3 scripts/pipeline.py --ref VID-20261104-3 --rhyme baa_baa --format long
2026-11-04,21:00,SHT-20261104-4,short,There Was an Old Woman Who Lived in a Shoe,rhyme,a lighthouse keeper's cottage above a calm bay,"denim blue, wheat, soft white",a fluffy duckling who hums along,PENDING,NOT_STARTED,,python3 scripts/pipeline.py --ref SHT-20261104-4 --rhyme old_woman_shoe --format short
2026-11-05,09:00,VID-20261105-1,long,Rock-a-Bye Baby,lullaby,"a market square with striped awnings, early morning","pine green, copper, bone",a gentle brown bear cub,PENDING,NOT_STARTED,,python3 scripts/pipeline.py --ref VID-20261105-1 --rhyme rock_a_bye --format long
2026-11-05,13:00,SHT-20261105-2,short,Polly Put the Kettle On,rhyme,a mossy woodland clearing with dappled sunlight,"mauve, straw, dove grey",a shy grey rabbit with one folded ear,PENDING,NOT_STARTED,,python3 scripts/pipeline.py --ref SHT-20261105-2 --rhyme polly_kettle --format short
2026-11-05,17:00,VID-20261105-3,long,Jack Be Nimble,rhyme,a sandy cove with gentle waves and rock pools,"seafoam, coral, linen",a tidy badger with round spectacles,PENDING,NOT_STARTED,,python3 scripts/pipeline.py --ref VID-20261105-3 --rhyme jack_nimble --format long
2026-11-05,21:00,SHT-20261105-4,short,Little Jack Horner,rhyme,a greenhouse full of seedlings and watering cans,"deep indigo, soft gold, cream",a sleepy orange cat with a bell,PENDING,NOT_STARTED,,python3 scripts/pipeline.py --ref SHT-20261105-4 --rhyme jack_horner --format short
2026-11-06,09:00,VID-20261106-1,long,Little Jack Horner,rhyme,a bakery window with warm light and round loaves,"sage green, warm terracotta, oat",a small red fox with a white-tipped tail,PENDING,NOT_STARTED,,python3 scripts/pipeline.py --ref VID-20261106-1 --rhyme jack_horner --format long
2026-11-06,13:00,SHT-20261106-2,short,Hot Cross Buns,rhyme,a wildflower field with a low stone wall,"dusty blue, buttermilk, pale coral",a woolly lamb with a crooked fringe,PENDING,NOT_STARTED,,python3 scripts/pipeline.py --ref SHT-20261106-2 --rhyme hot_cross_buns --format short
2026-11-06,17:00,VID-20261106-3,long,Hickory Dickory Dock,rhyme,a train platform in a tiny country station,"plum, mustard, soft grey",a bright green frog in wellington boots,PENDING,NOT_STARTED,,python3 scripts/pipeline.py --ref VID-20261106-3 --rhyme hickory_dickory --format long
2026-11-06,21:00,SHT-20261106-4,short,Diddle Diddle Dumpling,rhyme,a hillside sheep pasture under drifting clouds,"forest green, cream, honey",a plump robin with a red waistcoat,PENDING,NOT_STARTED,,python3 scripts/pipeline.py --ref SHT-20261106-4 --rhyme diddle_dumpling --format short
2026-11-07,09:00,VID-20261107-1,long,Old MacDonald Had a Farm,rhyme,a cobbled lane with window boxes and a blue door,"lavender, mint, warm white",a spotted puppy with oversized paws,PENDING,NOT_STARTED,,python3 scripts/pipeline.py --ref VID-20261107-1 --rhyme old_macdonald --format long
2026-11-07,13:00,SHT-20261107-2,short,Three Blind Mice,rhyme,a frozen pond with soft snow on the reeds,"soft teal, apricot, ivory",a quiet grey mouse with a patchwork bag,PENDING,NOT_STARTED,,python3 scripts/pipeline.py --ref SHT-20261107-2 --rhyme three_mice --format short
2026-11-07,17:00,VID-20261107-3,long,Three Blind Mice,rhyme,"a rope bridge over a shallow, sunny stream","clay pink, olive, sand",a friendly goose in a straw hat,PENDING,NOT_STARTED,,python3 scripts/pipeline.py --ref VID-20261107-3 --rhyme three_mice --format long
2026-11-07,21:00,SHT-20261107-4,short,Pop Goes the Weasel,rhyme,a hay loft with warm light through the slats,"midnight blue, silver, pale rose",a small striped bumblebee with tired wings,PENDING,NOT_STARTED,,python3 scripts/pipeline.py --ref SHT-20261107-4 --rhyme pop_weasel --format short
2026-11-08,09:00,VID-20261108-1,long,Curly Locks,rhyme,a quiet hilltop meadow under a wide evening sky,"moss green, butter yellow, chalk",a soft grey seal pup with wide eyes,PENDING,NOT_STARTED,,python3 scripts/pipeline.py --ref VID-20261108-1 --rhyme curly_locks --format long
2026-11-08,13:00,SHT-20261108-2,short,"Row, Row, Row Your Boat",rhyme,a cosy wooden treehouse with round windows,"russet, cream, slate blue",a small brown wren with a bright eye,PENDING,NOT_STARTED,,python3 scripts/pipeline.py --ref SHT-20261108-2 --rhyme row_row --format short
2026-11-08,17:00,VID-20261108-3,long,"Hush, Little Baby",lullaby,a small harbour where painted boats bob at their moorings,"periwinkle, peach, warm grey",a small round owl with speckled feathers,PENDING,NOT_STARTED,,python3 scripts/pipeline.py --ref VID-20261108-3 --rhyme hush_little_baby --format long
2026-11-08,21:00,SHT-20261108-4,short,The Farmer in the Dell,rhyme,a sunlit kitchen garden with tall sunflowers,"deep plum, sage, oatmeal",a patient grey donkey with long ears,PENDING,NOT_STARTED,,python3 scripts/pipeline.py --ref SHT-20261108-4 --rhyme farmer_dell --format short
2026-11-09,09:00,VID-20261109-1,long,Skip to My Lou,rhyme,a snowy village square with warm lantern light,"denim blue, wheat, soft white",a curious hedgehog in a knitted scarf,PENDING,NOT_STARTED,,python3 scripts/pipeline.py --ref VID-20261109-1 --rhyme skip_to_lou --format long
2026-11-09,13:00,SHT-20261109-2,short,Mary Had a Little Lamb,rhyme,a riverbank where willows dip into slow water,"pine green, copper, bone","a slow, cheerful tortoise",PENDING,NOT_STARTED,,python3 scripts/pipeline.py --ref SHT-20261109-2 --rhyme mary_lamb --format short
2026-11-09,17:00,VID-20261109-3,long,Oranges and Lemons,rhyme,a friendly red barn at the edge of a green field,"mauve, straw, dove grey",a fluffy duckling who hums along,PENDING,NOT_STARTED,,python3 scripts/pipeline.py --ref VID-20261109-3 --rhyme oranges_lemons --format long
2026-11-09,21:00,SHT-20261109-4,short,"One, Two, Buckle My Shoe",counting,a bright attic room full of soft toys and books,"seafoam, coral, linen",a gentle brown bear cub,PENDING,NOT_STARTED,,python3 scripts/pipeline.py --ref SHT-20261109-4 --rhyme one_two_buckle --format short
2026-11-10,09:00,VID-20261110-1,long,London Bridge Is Falling Down,rhyme,a windmill on a low hill with long grass,"deep indigo, soft gold, cream",a shy grey rabbit with one folded ear,PENDING,NOT_STARTED,,python3 scripts/pipeline.py --ref VID-20261110-1 --rhyme london_bridge --format long
2026-11-10,13:00,SHT-20261110-2,short,London Bridge Is Falling Down,rhyme,a duck pond ringed with smooth grey stones,"sage green, warm terracotta, oat",a tidy badger with round spectacles,PENDING,NOT_STARTED,,python3 scripts/pipeline.py --ref SHT-20261110-2 --rhyme london_bridge --format short
2026-11-10,17:00,VID-20261110-3,long,Hot Cross Buns,rhyme,an orchard of short apple trees in soft afternoon light,"dusty blue, buttermilk, pale coral",a sleepy orange cat with a bell,PENDING,NOT_STARTED,,python3 scripts/pipeline.py --ref VID-20261110-3 --rhyme hot_cross_buns --format long
2026-11-10,21:00,SHT-20261110-4,short,Oranges and Lemons,rhyme,a lighthouse keeper's cottage above a calm bay,"plum, mustard, soft grey",a small red fox with a white-tipped tail,PENDING,NOT_STARTED,,python3 scripts/pipeline.py --ref SHT-20261110-4 --rhyme oranges_lemons --format short
2026-11-11,09:00,VID-20261111-1,long,Mary Had a Little Lamb,rhyme,"a market square with striped awnings, early morning","forest green, cream, honey",a woolly lamb with a crooked fringe,PENDING,NOT_STARTED,,python3 scripts/pipeline.py --ref VID-20261111-1 --rhyme mary_lamb --format long
2026-11-11,13:00,SHT-20261111-2,short,"Star Light, Star Bright",rhyme,a mossy woodland clearing with dappled sunlight,"lavender, mint, warm white",a bright green frog in wellington boots,PENDING,NOT_STARTED,,python3 scripts/pipeline.py --ref SHT-20261111-2 --rhyme star_light --format short
2026-11-11,17:00,VID-20261111-3,long,"Row, Row, Row Your Boat",rhyme,a sandy cove with gentle waves and rock pools,"soft teal, apricot, ivory",a plump robin with a red waistcoat,PENDING,NOT_STARTED,,python3 scripts/pipeline.py --ref VID-20261111-3 --rhyme row_row --format long
2026-11-11,21:00,SHT-20261111-4,short,Frere Jacques (Are You Sleeping?),rhyme,a greenhouse full of seedlings and watering cans,"clay pink, olive, sand",a spotted puppy with oversized paws,PENDING,NOT_STARTED,,python3 scripts/pipeline.py --ref SHT-20261111-4 --rhyme frere_jacques --format short
2026-11-12,09:00,VID-20261112-1,long,"Rain, Rain, Go Away",rhyme,a bakery window with warm light and round loaves,"midnight blue, silver, pale rose",a quiet grey mouse with a patchwork bag,PENDING,NOT_STARTED,,python3 scripts/pipeline.py --ref VID-20261112-1 --rhyme rain_go_away --format long
2026-11-12,13:00,SHT-20261112-2,short,Old King Cole,rhyme,a wildflower field with a low stone wall,"moss green, butter yellow, chalk",a friendly goose in a straw hat,PENDING,NOT_STARTED,,python3 scripts/pipeline.py --ref SHT-20261112-2 --rhyme old_king_cole --format short
2026-11-12,17:00,VID-20261112-3,long,Lavender's Blue,rhyme,a train platform in a tiny country station,"russet, cream, slate blue",a small striped bumblebee with tired wings,PENDING,NOT_STARTED,,python3 scripts/pipeline.py --ref VID-20261112-3 --rhyme lavenders_blue --format long
2026-11-12,21:00,SHT-20261112-4,short,"Rain, Rain, Go Away",rhyme,a hillside sheep pasture under drifting clouds,"periwinkle, peach, warm grey",a soft grey seal pup with wide eyes,PENDING,NOT_STARTED,,python3 scripts/pipeline.py --ref SHT-20261112-4 --rhyme rain_go_away --format short
2026-11-13,09:00,VID-20261113-1,long,Humpty Dumpty,rhyme,a cobbled lane with window boxes and a blue door,"deep plum, sage, oatmeal",a small brown wren with a bright eye,PENDING,NOT_STARTED,,python3 scripts/pipeline.py --ref VID-20261113-1 --rhyme humpty --format long
2026-11-13,13:00,SHT-20261113-2,short,Yankee Doodle,rhyme,a frozen pond with soft snow on the reeds,"denim blue, wheat, soft white",a small round owl with speckled feathers,PENDING,NOT_STARTED,,python3 scripts/pipeline.py --ref SHT-20261113-2 --rhyme yankee_doodle --format short
2026-11-13,17:00,VID-20261113-3,long,Polly Put the Kettle On,rhyme,"a rope bridge over a shallow, sunny stream","pine green, copper, bone",a patient grey donkey with long ears,PENDING,NOT_STARTED,,python3 scripts/pipeline.py --ref VID-20261113-3 --rhyme polly_kettle --format long
2026-11-13,21:00,SHT-20261113-4,short,Jack Be Nimble,rhyme,a hay loft with warm light through the slats,"mauve, straw, dove grey",a curious hedgehog in a knitted scarf,PENDING,NOT_STARTED,,python3 scripts/pipeline.py --ref SHT-20261113-4 --rhyme jack_nimble --format short
2026-11-14,09:00,VID-20261114-1,long,Pop Goes the Weasel,rhyme,a quiet hilltop meadow under a wide evening sky,"seafoam, coral, linen","a slow, cheerful tortoise",PENDING,NOT_STARTED,,python3 scripts/pipeline.py --ref VID-20261114-1 --rhyme pop_weasel --format long
2026-11-14,13:00,SHT-20261114-2,short,"Twinkle, Twinkle, Little Star",rhyme,a cosy wooden treehouse with round windows,"deep indigo, soft gold, cream",a fluffy duckling who hums along,PENDING,NOT_STARTED,,python3 scripts/pipeline.py --ref SHT-20261114-2 --rhyme twinkle --format short
2026-11-14,17:00,VID-20261114-3,long,"Peter, Peter, Pumpkin Eater",rhyme,a small harbour where painted boats bob at their moorings,"sage green, warm terracotta, oat",a gentle brown bear cub,PENDING,NOT_STARTED,,python3 scripts/pipeline.py --ref VID-20261114-3 --rhyme peter_pumpkin --format long
2026-11-14,21:00,SHT-20261114-4,short,Little Bo-Peep,rhyme,a sunlit kitchen garden with tall sunflowers,"dusty blue, buttermilk, pale coral",a shy grey rabbit with one folded ear,PENDING,NOT_STARTED,,python3 scripts/pipeline.py --ref SHT-20261114-4 --rhyme bo_peep --format short
2026-11-15,09:00,VID-20261115-1,long,"Pat-a-Cake, Pat-a-Cake",rhyme,a snowy village square with warm lantern light,"plum, mustard, soft grey",a tidy badger with round spectacles,PENDING,NOT_STARTED,,python3 scripts/pipeline.py --ref VID-20261115-1 --rhyme pat_a_cake --format long
2026-11-15,13:00,SHT-20261115-2,short,Cock-a-Doodle-Doo,rhyme,a riverbank where willows dip into slow water,"forest green, cream, honey",a sleepy orange cat with a bell,PENDING,NOT_STARTED,,python3 scripts/pipeline.py --ref SHT-20261115-2 --rhyme cock_doodle --format short
2026-11-15,17:00,VID-20261115-3,long,This Little Piggy,rhyme,a friendly red barn at the edge of a green field,"lavender, mint, warm white",a small red fox with a white-tipped tail,PENDING,NOT_STARTED,,python3 scripts/pipeline.py --ref VID-20261115-3 --rhyme this_piggy --format long
2026-11-15,21:00,SHT-20261115-4,short,Hey Diddle Diddle,rhyme,a bright attic room full of soft toys and books,"soft teal, apricot, ivory",a woolly lamb with a crooked fringe,PENDING,NOT_STARTED,,python3 scripts/pipeline.py --ref SHT-20261115-4 --rhyme hey_diddle --format short
2026-11-16,09:00,VID-20261116-1,long,Little Miss Muffet,rhyme,a windmill on a low hill with long grass,"clay pink, olive, sand",a bright green frog in wellington boots,PENDING,NOT_STARTED,,python3 scripts/pipeline.py --ref VID-20261116-1 --rhyme miss_muffet --format long
2026-11-16,13:00,SHT-20261116-2,short,Ding Dong Bell,rhyme,a duck pond ringed with smooth grey stones,"midnight blue, silver, pale rose",a plump robin with a red waistcoat,PENDING,NOT_STARTED,,python3 scripts/pipeline.py --ref SHT-20261116-2 --rhyme ding_dong_bell --format short
2026-11-16,17:00,VID-20261116-3,long,"Tom, Tom, the Piper's Son",rhyme,an orchard of short apple trees in soft afternoon light,"moss green, butter yellow, chalk",a spotted puppy with oversized paws,PENDING,NOT_STARTED,,python3 scripts/pipeline.py --ref VID-20261116-3 --rhyme tom_piper --format long
2026-11-16,21:00,SHT-20261116-4,short,Wee Willie Winkie,rhyme,a lighthouse keeper's cottage above a calm bay,"russet, cream, slate blue",a quiet grey mouse with a patchwork bag,PENDING,NOT_STARTED,,python3 scripts/pipeline.py --ref SHT-20261116-4 --rhyme wee_willie --format short
2026-11-17,09:00,VID-20261117-1,long,Hey Diddle Diddle,rhyme,"a market square with striped awnings, early morning","periwinkle, peach, warm grey",a friendly goose in a straw hat,PENDING,NOT_STARTED,,python3 scripts/pipeline.py --ref VID-20261117-1 --rhyme hey_diddle --format long
2026-11-17,13:00,SHT-20261117-2,short,"Tom, Tom, the Piper's Son",rhyme,a mossy woodland clearing with dappled sunlight,"deep plum, sage, oatmeal",a small striped bumblebee with tired wings,PENDING,NOT_STARTED,,python3 scripts/pipeline.py --ref SHT-20261117-2 --rhyme tom_piper --format short
2026-11-17,17:00,VID-20261117-3,long,Ring a Ring o' Roses,rhyme,a sandy cove with gentle waves and rock pools,"denim blue, wheat, soft white",a soft grey seal pup with wide eyes,PENDING,NOT_STARTED,,python3 scripts/pipeline.py --ref VID-20261117-3 --rhyme ring_roses --format long
2026-11-17,21:00,SHT-20261117-4,short,Jack and Jill,rhyme,a greenhouse full of seedlings and watering cans,"pine green, copper, bone",a small brown wren with a bright eye,PENDING,NOT_STARTED,,python3 scripts/pipeline.py --ref SHT-20261117-4 --rhyme jack_jill --format short
2026-11-18,09:00,VID-20261118-1,long,Diddle Diddle Dumpling,rhyme,a bakery window with warm light and round loaves,"mauve, straw, dove grey",a small round owl with speckled feathers,PENDING,NOT_STARTED,,python3 scripts/pipeline.py --ref VID-20261118-1 --rhyme diddle_dumpling --format long
2026-11-18,13:00,SHT-20261118-2,short,The Itsy Bitsy Spider,rhyme,a wildflower field with a low stone wall,"seafoam, coral, linen",a patient grey donkey with long ears,PENDING,NOT_STARTED,,python3 scripts/pipeline.py --ref SHT-20261118-2 --rhyme itsy_bitsy --format short
2026-11-18,17:00,VID-20261118-3,long,The Farmer in the Dell,rhyme,a train platform in a tiny country station,"deep indigo, soft gold, cream",a curious hedgehog in a knitted scarf,PENDING,NOT_STARTED,,python3 scripts/pipeline.py --ref VID-20261118-3 --rhyme farmer_dell --format long
2026-11-18,21:00,SHT-20261118-4,short,Skip to My Lou,rhyme,a hillside sheep pasture under drifting clouds,"sage green, warm terracotta, oat","a slow, cheerful tortoise",PENDING,NOT_STARTED,,python3 scripts/pipeline.py --ref SHT-20261118-4 --rhyme skip_to_lou --format short
2026-11-19,09:00,VID-20261119-1,long,Frere Jacques (Are You Sleeping?),rhyme,a cobbled lane with window boxes and a blue door,"dusty blue, buttermilk, pale coral",a fluffy duckling who hums along,PENDING,NOT_STARTED,,python3 scripts/pipeline.py --ref VID-20261119-1 --rhyme frere_jacques --format long
2026-11-19,13:00,SHT-20261119-2,short,The Grand Old Duke of York,rhyme,a frozen pond with soft snow on the reeds,"plum, mustard, soft grey",a gentle brown bear cub,PENDING,NOT_STARTED,,python3 scripts/pipeline.py --ref SHT-20261119-2 --rhyme duke_york --format short
2026-11-19,17:00,VID-20261119-3,long,"Star Light, Star Bright",rhyme,"a rope bridge over a shallow, sunny stream","forest green, cream, honey",a shy grey rabbit with one folded ear,PENDING,NOT_STARTED,,python3 scripts/pipeline.py --ref VID-20261119-3 --rhyme star_light --format long
2026-11-19,21:00,SHT-20261119-4,short,"Pat-a-Cake, Pat-a-Cake",rhyme,a hay loft with warm light through the slats,"lavender, mint, warm white",a tidy badger with round spectacles,PENDING,NOT_STARTED,,python3 scripts/pipeline.py --ref SHT-20261119-4 --rhyme pat_a_cake --format short
2026-11-20,09:00,VID-20261120-1,long,Cock-a-Doodle-Doo,rhyme,a quiet hilltop meadow under a wide evening sky,"soft teal, apricot, ivory",a sleepy orange cat with a bell,PENDING,NOT_STARTED,,python3 scripts/pipeline.py --ref VID-20261120-1 --rhyme cock_doodle --format long
2026-11-20,13:00,SHT-20261120-2,short,Little Miss Muffet,rhyme,a cosy wooden treehouse with round windows,"clay pink, olive, sand",a small red fox with a white-tipped tail,PENDING,NOT_STARTED,,python3 scripts/pipeline.py --ref SHT-20261120-2 --rhyme miss_muffet --format short
2026-11-20,17:00,VID-20261120-3,long,Jack and Jill,rhyme,a small harbour where painted boats bob at their moorings,"midnight blue, silver, pale rose",a woolly lamb with a crooked fringe,PENDING,NOT_STARTED,,python3 scripts/pipeline.py --ref VID-20261120-3 --rhyme jack_jill --format long
2026-11-20,21:00,SHT-20261120-4,short,This Little Piggy,rhyme,a sunlit kitchen garden with tall sunflowers,"moss green, butter yellow, chalk",a bright green frog in wellington boots,PENDING,NOT_STARTED,,python3 scripts/pipeline.py --ref SHT-20261120-4 --rhyme this_piggy --format short
2026-11-21,09:00,VID-20261121-1,long,"Twinkle, Twinkle, Little Star",rhyme,a snowy village square with warm lantern light,"russet, cream, slate blue",a plump robin with a red waistcoat,PENDING,NOT_STARTED,,python3 scripts/pipeline.py --ref VID-20261121-1 --rhyme twinkle --format long
2026-11-21,13:00,SHT-20261121-2,short,Ring a Ring o' Roses,rhyme,a riverbank where willows dip into slow water,"periwinkle, peach, warm grey",a spotted puppy with oversized paws,PENDING,NOT_STARTED,,python3 scripts/pipeline.py --ref SHT-20261121-2 --rhyme ring_roses --format short
2026-11-21,17:00,VID-20261121-3,long,The Muffin Man,rhyme,a friendly red barn at the edge of a green field,"deep plum, sage, oatmeal",a quiet grey mouse with a patchwork bag,PENDING,NOT_STARTED,,python3 scripts/pipeline.py --ref VID-20261121-3 --rhyme muffin_man --format long
2026-11-21,21:00,SHT-20261121-4,short,Simple Simon,rhyme,a bright attic room full of soft toys and books,"denim blue, wheat, soft white",a friendly goose in a straw hat,PENDING,NOT_STARTED,,python3 scripts/pipeline.py --ref SHT-20261121-4 --rhyme simple_simon --format short
2026-11-22,09:00,VID-20261122-1,long,Wee Willie Winkie,rhyme,a windmill on a low hill with long grass,"pine green, copper, bone",a small striped bumblebee with tired wings,PENDING,NOT_STARTED,,python3 scripts/pipeline.py --ref VID-20261122-1 --rhyme wee_willie --format long
2026-11-22,13:00,SHT-20261122-2,short,"Mary, Mary, Quite Contrary",rhyme,a duck pond ringed with smooth grey stones,"mauve, straw, dove grey",a soft grey seal pup with wide eyes,PENDING,NOT_STARTED,,python3 scripts/pipeline.py --ref SHT-20261122-2 --rhyme mary_contrary --format short
2026-11-22,17:00,VID-20261122-3,long,Little Bo-Peep,rhyme,an orchard of short apple trees in soft afternoon light,"seafoam, coral, linen",a small brown wren with a bright eye,PENDING,NOT_STARTED,,python3 scripts/pipeline.py --ref VID-20261122-3 --rhyme bo_peep --format long
2026-11-22,21:00,SHT-20261122-4,short,Old MacDonald Had a Farm,rhyme,a lighthouse keeper's cottage above a calm bay,"deep indigo, soft gold, cream",a small round owl with speckled feathers,PENDING,NOT_STARTED,,python3 scripts/pipeline.py --ref SHT-20261122-4 --rhyme old_macdonald --format short
2026-11-23,09:00,VID-20261123-1,long,Ding Dong Bell,rhyme,"a market square with striped awnings, early morning","sage green, warm terracotta, oat",a patient grey donkey with long ears,PENDING,NOT_STARTED,,python3 scripts/pipeline.py --ref VID-20261123-1 --rhyme ding_dong_bell --format long
2026-11-23,13:00,SHT-20261123-2,short,Curly Locks,rhyme,a mossy woodland clearing with dappled sunlight,"dusty blue, buttermilk, pale coral",a curious hedgehog in a knitted scarf,PENDING,NOT_STARTED,,python3 scripts/pipeline.py --ref SHT-20261123-2 --rhyme curly_locks --format short
2026-11-23,17:00,VID-20261123-3,long,Bobby Shafto's Gone to Sea,rhyme,a sandy cove with gentle waves and rock pools,"plum, mustard, soft grey","a slow, cheerful tortoise",PENDING,NOT_STARTED,,python3 scripts/pipeline.py --ref VID-20261123-3 --rhyme bobby_shafto --format long
2026-11-23,21:00,SHT-20261123-4,short,Bobby Shafto's Gone to Sea,rhyme,a greenhouse full of seedlings and watering cans,"forest green, cream, honey",a fluffy duckling who hums along,PENDING,NOT_STARTED,,python3 scripts/pipeline.py --ref SHT-20261123-4 --rhyme bobby_shafto --format short
2026-11-24,09:00,VID-20261124-1,long,The Grand Old Duke of York,rhyme,a bakery window with warm light and round loaves,"lavender, mint, warm white",a gentle brown bear cub,PENDING,NOT_STARTED,,python3 scripts/pipeline.py --ref VID-20261124-1 --rhyme duke_york --format long
2026-11-24,13:00,SHT-20261124-2,short,The Muffin Man,rhyme,a wildflower field with a low stone wall,"soft teal, apricot, ivory",a shy grey rabbit with one folded ear,PENDING,NOT_STARTED,,python3 scripts/pipeline.py --ref SHT-20261124-2 --rhyme muffin_man --format short
2026-11-24,17:00,VID-20261124-3,long,Georgie Porgie,rhyme,a train platform in a tiny country station,"clay pink, olive, sand",a tidy badger with round spectacles,PENDING,NOT_STARTED,,python3 scripts/pipeline.py --ref VID-20261124-3 --rhyme georgie_porgie --format long
2026-11-24,21:00,SHT-20261124-4,short,Hickory Dickory Dock,rhyme,a hillside sheep pasture under drifting clouds,"midnight blue, silver, pale rose",a sleepy orange cat with a bell,PENDING,NOT_STARTED,,python3 scripts/pipeline.py --ref SHT-20261124-4 --rhyme hickory_dickory --format short
2026-11-25,09:00,VID-20261125-1,long,There Was an Old Woman Who Lived in a Shoe,rhyme,a cobbled lane with window boxes and a blue door,"moss green, butter yellow, chalk",a small red fox with a white-tipped tail,PENDING,NOT_STARTED,,python3 scripts/pipeline.py --ref VID-20261125-1 --rhyme old_woman_shoe --format long
2026-11-25,13:00,SHT-20261125-2,short,Lavender's Blue,rhyme,a frozen pond with soft snow on the reeds,"russet, cream, slate blue",a woolly lamb with a crooked fringe,PENDING,NOT_STARTED,,python3 scripts/pipeline.py --ref SHT-20261125-2 --rhyme lavenders_blue --format short
2026-11-25,17:00,VID-20261125-3,long,Yankee Doodle,rhyme,"a rope bridge over a shallow, sunny stream","periwinkle, peach, warm grey",a bright green frog in wellington boots,PENDING,NOT_STARTED,,python3 scripts/pipeline.py --ref VID-20261125-3 --rhyme yankee_doodle --format long
2026-11-25,21:00,SHT-20261125-4,short,"Baa, Baa, Black Sheep",rhyme,a hay loft with warm light through the slats,"deep plum, sage, oatmeal",a plump robin with a red waistcoat,PENDING,NOT_STARTED,,python3 scripts/pipeline.py --ref SHT-20261125-4 --rhyme baa_baa --format short
2026-11-26,09:00,VID-20261126-1,long,"Mary, Mary, Quite Contrary",rhyme,a quiet hilltop meadow under a wide evening sky,"denim blue, wheat, soft white",a spotted puppy with oversized paws,PENDING,NOT_STARTED,,python3 scripts/pipeline.py --ref VID-20261126-1 --rhyme mary_contrary --format long
2026-11-26,13:00,SHT-20261126-2,short,Humpty Dumpty,rhyme,a cosy wooden treehouse with round windows,"pine green, copper, bone",a quiet grey mouse with a patchwork bag,PENDING,NOT_STARTED,,python3 scripts/pipeline.py --ref SHT-20261126-2 --rhyme humpty --format short
2026-11-26,17:00,VID-20261126-3,long,The Itsy Bitsy Spider,rhyme,a small harbour where painted boats bob at their moorings,"mauve, straw, dove grey",a friendly goose in a straw hat,PENDING,NOT_STARTED,,python3 scripts/pipeline.py --ref VID-20261126-3 --rhyme itsy_bitsy --format long
2026-11-26,21:00,SHT-20261126-4,short,Georgie Porgie,rhyme,a sunlit kitchen garden with tall sunflowers,"seafoam, coral, linen",a small striped bumblebee with tired wings,PENDING,NOT_STARTED,,python3 scripts/pipeline.py --ref SHT-20261126-4 --rhyme georgie_porgie --format short
2026-11-27,09:00,VID-20261127-1,long,"One, Two, Buckle My Shoe",counting,a snowy village square with warm lantern light,"deep indigo, soft gold, cream",a soft grey seal pup with wide eyes,PENDING,NOT_STARTED,,python3 scripts/pipeline.py --ref VID-20261127-1 --rhyme one_two_buckle --format long
2026-11-27,13:00,SHT-20261127-2,short,"Peter, Peter, Pumpkin Eater",rhyme,a riverbank where willows dip into slow water,"sage green, warm terracotta, oat",a small brown wren with a bright eye,PENDING,NOT_STARTED,,python3 scripts/pipeline.py --ref SHT-20261127-2 --rhyme peter_pumpkin --format short
2026-11-27,17:00,VID-20261127-3,long,Old King Cole,rhyme,a friendly red barn at the edge of a green field,"dusty blue, buttermilk, pale coral",a small round owl with speckled feathers,PENDING,NOT_STARTED,,python3 scripts/pipeline.py --ref VID-20261127-3 --rhyme old_king_cole --format long
2026-11-27,21:00,SHT-20261127-4,short,There Was an Old Woman Who Lived in a Shoe,rhyme,a bright attic room full of soft toys and books,"plum, mustard, soft grey",a patient grey donkey with long ears,PENDING,NOT_STARTED,,python3 scripts/pipeline.py --ref SHT-20261127-4 --rhyme old_woman_shoe --format short
2026-11-28,09:00,VID-20261128-1,long,Simple Simon,rhyme,a windmill on a low hill with long grass,"forest green, cream, honey",a curious hedgehog in a knitted scarf,PENDING,NOT_STARTED,,python3 scripts/pipeline.py --ref VID-20261128-1 --rhyme simple_simon --format long
2026-11-28,13:00,SHT-20261128-2,short,Polly Put the Kettle On,rhyme,a duck pond ringed with smooth grey stones,"lavender, mint, warm white","a slow, cheerful tortoise",PENDING,NOT_STARTED,,python3 scripts/pipeline.py --ref SHT-20261128-2 --rhyme polly_kettle --format short
2026-11-28,17:00,VID-20261128-3,long,"Baa, Baa, Black Sheep",rhyme,an orchard of short apple trees in soft afternoon light,"soft teal, apricot, ivory",a fluffy duckling who hums along,PENDING,NOT_STARTED,,python3 scripts/pipeline.py --ref VID-20261128-3 --rhyme baa_baa --format long
2026-11-28,21:00,SHT-20261128-4,short,Little Jack Horner,rhyme,a lighthouse keeper's cottage above a calm bay,"clay pink, olive, sand",a gentle brown bear cub,PENDING,NOT_STARTED,,python3 scripts/pipeline.py --ref SHT-20261128-4 --rhyme jack_horner --format short
2026-11-29,09:00,VID-20261129-1,long,Rock-a-Bye Baby,lullaby,"a market square with striped awnings, early morning","midnight blue, silver, pale rose",a shy grey rabbit with one folded ear,PENDING,NOT_STARTED,,python3 scripts/pipeline.py --ref VID-20261129-1 --rhyme rock_a_bye --format long
2026-11-29,13:00,SHT-20261129-2,short,Hot Cross Buns,rhyme,a mossy woodland clearing with dappled sunlight,"moss green, butter yellow, chalk",a tidy badger with round spectacles,PENDING,NOT_STARTED,,python3 scripts/pipeline.py --ref SHT-20261129-2 --rhyme hot_cross_buns --format short
2026-11-29,17:00,VID-20261129-3,long,Jack Be Nimble,rhyme,a sandy cove with gentle waves and rock pools,"russet, cream, slate blue",a sleepy orange cat with a bell,PENDING,NOT_STARTED,,python3 scripts/pipeline.py --ref VID-20261129-3 --rhyme jack_nimble --format long
2026-11-29,21:00,SHT-20261129-4,short,Diddle Diddle Dumpling,rhyme,a greenhouse full of seedlings and watering cans,"periwinkle, peach, warm grey",a small red fox with a white-tipped tail,PENDING,NOT_STARTED,,python3 scripts/pipeline.py --ref SHT-20261129-4 --rhyme diddle_dumpling --format short
2026-11-30,09:00,VID-20261130-1,long,Little Jack Horner,rhyme,a bakery window with warm light and round loaves,"deep plum, sage, oatmeal",a woolly lamb with a crooked fringe,PENDING,NOT_STARTED,,python3 scripts/pipeline.py --ref VID-20261130-1 --rhyme jack_horner --format long
2026-11-30,13:00,SHT-20261130-2,short,Three Blind Mice,rhyme,a wildflower field with a low stone wall,"denim blue, wheat, soft white",a bright green frog in wellington boots,PENDING,NOT_STARTED,,python3 scripts/pipeline.py --ref SHT-20261130-2 --rhyme three_mice --format short
2026-11-30,17:00,VID-20261130-3,long,Hickory Dickory Dock,rhyme,a train platform in a tiny country station,"pine green, copper, bone",a plump robin with a red waistcoat,PENDING,NOT_STARTED,,python3 scripts/pipeline.py --ref VID-20261130-3 --rhyme hickory_dickory --format long
2026-11-30,21:00,SHT-20261130-4,short,Pop Goes the Weasel,rhyme,a hillside sheep pasture under drifting clouds,"mauve, straw, dove grey",a spotted puppy with oversized paws,PENDING,NOT_STARTED,,python3 scripts/pipeline.py --ref SHT-20261130-4 --rhyme pop_weasel --format short
2026-12-01,09:00,VID-20261201-1,long,Old MacDonald Had a Farm,rhyme,a cobbled lane with window boxes and a blue door,"seafoam, coral, linen",a quiet grey mouse with a patchwork bag,PENDING,NOT_STARTED,,python3 scripts/pipeline.py --ref VID-20261201-1 --rhyme old_macdonald --format long
2026-12-01,13:00,SHT-20261201-2,short,"Row, Row, Row Your Boat",rhyme,a frozen pond with soft snow on the reeds,"deep indigo, soft gold, cream",a friendly goose in a straw hat,PENDING,NOT_STARTED,,python3 scripts/pipeline.py --ref SHT-20261201-2 --rhyme row_row --format short
2026-12-01,17:00,VID-20261201-3,long,Three Blind Mice,rhyme,"a rope bridge over a shallow, sunny stream","sage green, warm terracotta, oat",a small striped bumblebee with tired wings,PENDING,NOT_STARTED,,python3 scripts/pipeline.py --ref VID-20261201-3 --rhyme three_mice --format long
2026-12-01,21:00,SHT-20261201-4,short,The Farmer in the Dell,rhyme,a hay loft with warm light through the slats,"dusty blue, buttermilk, pale coral",a soft grey seal pup with wide eyes,PENDING,NOT_STARTED,,python3 scripts/pipeline.py --ref SHT-20261201-4 --rhyme farmer_dell --format short
2026-12-02,09:00,VID-20261202-1,long,Curly Locks,rhyme,a quiet hilltop meadow under a wide evening sky,"plum, mustard, soft grey",a small brown wren with a bright eye,PENDING,NOT_STARTED,,python3 scripts/pipeline.py --ref VID-20261202-1 --rhyme curly_locks --format long
2026-12-02,13:00,SHT-20261202-2,short,Mary Had a Little Lamb,rhyme,a cosy wooden treehouse with round windows,"forest green, cream, honey",a small round owl with speckled feathers,PENDING,NOT_STARTED,,python3 scripts/pipeline.py --ref SHT-20261202-2 --rhyme mary_lamb --format short
2026-12-02,17:00,VID-20261202-3,long,"Hush, Little Baby",lullaby,a small harbour where painted boats bob at their moorings,"lavender, mint, warm white",a patient grey donkey with long ears,PENDING,NOT_STARTED,,python3 scripts/pipeline.py --ref VID-20261202-3 --rhyme hush_little_baby --format long
2026-12-02,21:00,SHT-20261202-4,short,"One, Two, Buckle My Shoe",counting,a sunlit kitchen garden with tall sunflowers,"soft teal, apricot, ivory",a curious hedgehog in a knitted scarf,PENDING,NOT_STARTED,,python3 scripts/pipeline.py --ref SHT-20261202-4 --rhyme one_two_buckle --format short
2026-12-03,09:00,VID-20261203-1,long,Skip to My Lou,rhyme,a snowy village square with warm lantern light,"clay pink, olive, sand","a slow, cheerful tortoise",PENDING,NOT_STARTED,,python3 scripts/pipeline.py --ref VID-20261203-1 --rhyme skip_to_lou --format long
2026-12-03,13:00,SHT-20261203-2,short,London Bridge Is Falling Down,rhyme,a riverbank where willows dip into slow water,"midnight blue, silver, pale rose",a fluffy duckling who hums along,PENDING,NOT_STARTED,,python3 scripts/pipeline.py --ref SHT-20261203-2 --rhyme london_bridge --format short
2026-12-03,17:00,VID-20261203-3,long,Oranges and Lemons,rhyme,a friendly red barn at the edge of a green field,"moss green, butter yellow, chalk",a gentle brown bear cub,PENDING,NOT_STARTED,,python3 scripts/pipeline.py --ref VID-20261203-3 --rhyme oranges_lemons --format long
2026-12-03,21:00,SHT-20261203-4,short,Oranges and Lemons,rhyme,a bright attic room full of soft toys and books,"russet, cream, slate blue",a shy grey rabbit with one folded ear,PENDING,NOT_STARTED,,python3 scripts/pipeline.py --ref SHT-20261203-4 --rhyme oranges_lemons --format short
2026-12-04,09:00,VID-20261204-1,long,London Bridge Is Falling Down,rhyme,a windmill on a low hill with long grass,"periwinkle, peach, warm grey",a tidy badger with round spectacles,PENDING,NOT_STARTED,,python3 scripts/pipeline.py --ref VID-20261204-1 --rhyme london_bridge --format long
2026-12-04,13:00,SHT-20261204-2,short,"Star Light, Star Bright",rhyme,a duck pond ringed with smooth grey stones,"deep plum, sage, oatmeal",a sleepy orange cat with a bell,PENDING,NOT_STARTED,,python3 scripts/pipeline.py --ref SHT-20261204-2 --rhyme star_light --format short
2026-12-04,17:00,VID-20261204-3,long,Hot Cross Buns,rhyme,an orchard of short apple trees in soft afternoon light,"denim blue, wheat, soft white",a small red fox with a white-tipped tail,PENDING,NOT_STARTED,,python3 scripts/pipeline.py --ref VID-20261204-3 --rhyme hot_cross_buns --format long
2026-12-04,21:00,SHT-20261204-4,short,Frere Jacques (Are You Sleeping?),rhyme,a lighthouse keeper's cottage above a calm bay,"pine green, copper, bone",a woolly lamb with a crooked fringe,PENDING,NOT_STARTED,,python3 scripts/pipeline.py --ref SHT-20261204-4 --rhyme frere_jacques --format short
2026-12-05,09:00,VID-20261205-1,long,Mary Had a Little Lamb,rhyme,"a market square with striped awnings, early morning","mauve, straw, dove grey",a bright green frog in wellington boots,PENDING,NOT_STARTED,,python3 scripts/pipeline.py --ref VID-20261205-1 --rhyme mary_lamb --format long
2026-12-05,13:00,SHT-20261205-2,short,Old King Cole,rhyme,a mossy woodland clearing with dappled sunlight,"seafoam, coral, linen",a plump robin with a red waistcoat,PENDING,NOT_STARTED,,python3 scripts/pipeline.py --ref SHT-20261205-2 --rhyme old_king_cole --format short
2026-12-05,17:00,VID-20261205-3,long,"Row, Row, Row Your Boat",rhyme,a sandy cove with gentle waves and rock pools,"deep indigo, soft gold, cream",a spotted puppy with oversized paws,PENDING,NOT_STARTED,,python3 scripts/pipeline.py --ref VID-20261205-3 --rhyme row_row --format long
2026-12-05,21:00,SHT-20261205-4,short,"Rain, Rain, Go Away",rhyme,a greenhouse full of seedlings and watering cans,"sage green, warm terracotta, oat",a quiet grey mouse with a patchwork bag,PENDING,NOT_STARTED,,python3 scripts/pipeline.py --ref SHT-20261205-4 --rhyme rain_go_away --format short
2026-12-06,09:00,VID-20261206-1,long,"Rain, Rain, Go Away",rhyme,a bakery window with warm light and round loaves,"dusty blue, buttermilk, pale coral",a friendly goose in a straw hat,PENDING,NOT_STARTED,,python3 scripts/pipeline.py --ref VID-20261206-1 --rhyme rain_go_away --format long
2026-12-06,13:00,SHT-20261206-2,short,Yankee Doodle,rhyme,a wildflower field with a low stone wall,"plum, mustard, soft grey",a small striped bumblebee with tired wings,PENDING,NOT_STARTED,,python3 scripts/pipeline.py --ref SHT-20261206-2 --rhyme yankee_doodle --format short
2026-12-06,17:00,VID-20261206-3,long,Lavender's Blue,rhyme,a train platform in a tiny country station,"forest green, cream, honey",a soft grey seal pup with wide eyes,PENDING,NOT_STARTED,,python3 scripts/pipeline.py --ref VID-20261206-3 --rhyme lavenders_blue --format long
2026-12-06,21:00,SHT-20261206-4,short,Jack Be Nimble,rhyme,a hillside sheep pasture under drifting clouds,"lavender, mint, warm white",a small brown wren with a bright eye,PENDING,NOT_STARTED,,python3 scripts/pipeline.py --ref SHT-20261206-4 --rhyme jack_nimble --format short
2026-12-07,09:00,VID-20261207-1,long,Humpty Dumpty,rhyme,a cobbled lane with window boxes and a blue door,"soft teal, apricot, ivory",a small round owl with speckled feathers,PENDING,NOT_STARTED,,python3 scripts/pipeline.py --ref VID-20261207-1 --rhyme humpty --format long
2026-12-07,13:00,SHT-20261207-2,short,"Twinkle, Twinkle, Little Star",rhyme,a frozen pond with soft snow on the reeds,"clay pink, olive, sand",a patient grey donkey with long ears,PENDING,NOT_STARTED,,python3 scripts/pipeline.py --ref SHT-20261207-2 --rhyme twinkle --format short
2026-12-07,17:00,VID-20261207-3,long,Polly Put the Kettle On,rhyme,"a rope bridge over a shallow, sunny stream","midnight blue, silver, pale rose",a curious hedgehog in a knitted scarf,PENDING,NOT_STARTED,,python3 scripts/pipeline.py --ref VID-20261207-3 --rhyme polly_kettle --format long
2026-12-07,21:00,SHT-20261207-4,short,Little Bo-Peep,rhyme,a hay loft with warm light through the slats,"moss green, butter yellow, chalk","a slow, cheerful tortoise",PENDING,NOT_STARTED,,python3 scripts/pipeline.py --ref SHT-20261207-4 --rhyme bo_peep --format short
2026-12-08,09:00,VID-20261208-1,long,Pop Goes the Weasel,rhyme,a quiet hilltop meadow under a wide evening sky,"russet, cream, slate blue",a fluffy duckling who hums along,PENDING,NOT_STARTED,,python3 scripts/pipeline.py --ref VID-20261208-1 --rhyme pop_weasel --format long
2026-12-08,13:00,SHT-20261208-2,short,Cock-a-Doodle-Doo,rhyme,a cosy wooden treehouse with round windows,"periwinkle, peach, warm grey",a gentle brown bear cub,PENDING,NOT_STARTED,,python3 scripts/pipeline.py --ref SHT-20261208-2 --rhyme cock_doodle --format short
2026-12-08,17:00,VID-20261208-3,long,"Peter, Peter, Pumpkin Eater",rhyme,a small harbour where painted boats bob at their moorings,"deep plum, sage, oatmeal",a shy grey rabbit with one folded ear,PENDING,NOT_STARTED,,python3 scripts/pipeline.py --ref VID-20261208-3 --rhyme peter_pumpkin --format long
2026-12-08,21:00,SHT-20261208-4,short,Hey Diddle Diddle,rhyme,a sunlit kitchen garden with tall sunflowers,"denim blue, wheat, soft white",a tidy badger with round spectacles,PENDING,NOT_STARTED,,python3 scripts/pipeline.py --ref SHT-20261208-4 --rhyme hey_diddle --format short
2026-12-09,09:00,VID-20261209-1,long,"Pat-a-Cake, Pat-a-Cake",rhyme,a snowy village square with warm lantern light,"pine green, copper, bone",a sleepy orange cat with a bell,PENDING,NOT_STARTED,,python3 scripts/pipeline.py --ref VID-20261209-1 --rhyme pat_a_cake --format long
2026-12-09,13:00,SHT-20261209-2,short,Ding Dong Bell,rhyme,a riverbank where willows dip into slow water,"mauve, straw, dove grey",a small red fox with a white-tipped tail,PENDING,NOT_STARTED,,python3 scripts/pipeline.py --ref SHT-20261209-2 --rhyme ding_dong_bell --format short
2026-12-09,17:00,VID-20261209-3,long,This Little Piggy,rhyme,a friendly red barn at the edge of a green field,"seafoam, coral, linen",a woolly lamb with a crooked fringe,PENDING,NOT_STARTED,,python3 scripts/pipeline.py --ref VID-20261209-3 --rhyme this_piggy --format long
2026-12-09,21:00,SHT-20261209-4,short,Wee Willie Winkie,rhyme,a bright attic room full of soft toys and books,"deep indigo, soft gold, cream",a bright green frog in wellington boots,PENDING,NOT_STARTED,,python3 scripts/pipeline.py --ref SHT-20261209-4 --rhyme wee_willie --format short
2026-12-10,09:00,VID-20261210-1,long,Little Miss Muffet,rhyme,a windmill on a low hill with long grass,"sage green, warm terracotta, oat",a plump robin with a red waistcoat,PENDING,NOT_STARTED,,python3 scripts/pipeline.py --ref VID-20261210-1 --rhyme miss_muffet --format long
2026-12-10,13:00,SHT-20261210-2,short,"Tom, Tom, the Piper's Son",rhyme,a duck pond ringed with smooth grey stones,"dusty blue, buttermilk, pale coral",a spotted puppy with oversized paws,PENDING,NOT_STARTED,,python3 scripts/pipeline.py --ref SHT-20261210-2 --rhyme tom_piper --format short
2026-12-10,17:00,VID-20261210-3,long,"Tom, Tom, the Piper's Son",rhyme,an orchard of short apple trees in soft afternoon light,"plum, mustard, soft grey",a quiet grey mouse with a patchwork bag,PENDING,NOT_STARTED,,python3 scripts/pipeline.py --ref VID-20261210-3 --rhyme tom_piper --format long
2026-12-10,21:00,SHT-20261210-4,short,Jack and Jill,rhyme,a lighthouse keeper's cottage above a calm bay,"forest green, cream, honey",a friendly goose in a straw hat,PENDING,NOT_STARTED,,python3 scripts/pipeline.py --ref SHT-20261210-4 --rhyme jack_jill --format short
2026-12-11,09:00,VID-20261211-1,long,Hey Diddle Diddle,rhyme,"a market square with striped awnings, early morning","lavender, mint, warm white",a small striped bumblebee with tired wings,PENDING,NOT_STARTED,,python3 scripts/pipeline.py --ref VID-20261211-1 --rhyme hey_diddle --format long
2026-12-11,13:00,SHT-20261211-2,short,The Itsy Bitsy Spider,rhyme,a mossy woodland clearing with dappled sunlight,"soft teal, apricot, ivory",a soft grey seal pup with wide eyes,PENDING,NOT_STARTED,,python3 scripts/pipeline.py --ref SHT-20261211-2 --rhyme itsy_bitsy --format short
2026-12-11,17:00,VID-20261211-3,long,Ring a Ring o' Roses,rhyme,a sandy cove with gentle waves and rock pools,"clay pink, olive, sand",a small brown wren with a bright eye,PENDING,NOT_STARTED,,python3 scripts/pipeline.py --ref VID-20261211-3 --rhyme ring_roses --format long
2026-12-11,21:00,SHT-20261211-4,short,Skip to My Lou,rhyme,a greenhouse full of seedlings and watering cans,"midnight blue, silver, pale rose",a small round owl with speckled feathers,PENDING,NOT_STARTED,,python3 scripts/pipeline.py --ref SHT-20261211-4 --rhyme skip_to_lou --format short
2026-12-12,09:00,VID-20261212-1,long,Diddle Diddle Dumpling,rhyme,a bakery window with warm light and round loaves,"moss green, butter yellow, chalk",a patient grey donkey with long ears,PENDING,NOT_STARTED,,python3 scripts/pipeline.py --ref VID-20261212-1 --rhyme diddle_dumpling --format long
2026-12-12,13:00,SHT-20261212-2,short,The Grand Old Duke of York,rhyme,a wildflower field with a low stone wall,"russet, cream, slate blue",a curious hedgehog in a knitted scarf,PENDING,NOT_STARTED,,python3 scripts/pipeline.py --ref SHT-20261212-2 --rhyme duke_york --format short
2026-12-12,17:00,VID-20261212-3,long,The Farmer in the Dell,rhyme,a train platform in a tiny country station,"periwinkle, peach, warm grey","a slow, cheerful tortoise",PENDING,NOT_STARTED,,python3 scripts/pipeline.py --ref VID-20261212-3 --rhyme farmer_dell --format long
2026-12-12,21:00,SHT-20261212-4,short,"Pat-a-Cake, Pat-a-Cake",rhyme,a hillside sheep pasture under drifting clouds,"deep plum, sage, oatmeal",a fluffy duckling who hums along,PENDING,NOT_STARTED,,python3 scripts/pipeline.py --ref SHT-20261212-4 --rhyme pat_a_cake --format short
2026-12-13,09:00,VID-20261213-1,long,Frere Jacques (Are You Sleeping?),rhyme,a cobbled lane with window boxes and a blue door,"denim blue, wheat, soft white",a gentle brown bear cub,PENDING,NOT_STARTED,,python3 scripts/pipeline.py --ref VID-20261213-1 --rhyme frere_jacques --format long
2026-12-13,13:00,SHT-20261213-2,short,Little Miss Muffet,rhyme,a frozen pond with soft snow on the reeds,"pine green, copper, bone",a shy grey rabbit with one folded ear,PENDING,NOT_STARTED,,python3 scripts/pipeline.py --ref SHT-20261213-2 --rhyme miss_muffet --format short
2026-12-13,17:00,VID-20261213-3,long,"Star Light, Star Bright",rhyme,"a rope bridge over a shallow, sunny stream","mauve, straw, dove grey",a tidy badger with round spectacles,PENDING,NOT_STARTED,,python3 scripts/pipeline.py --ref VID-20261213-3 --rhyme star_light --format long
2026-12-13,21:00,SHT-20261213-4,short,This Little Piggy,rhyme,a hay loft with warm light through the slats,"seafoam, coral, linen",a sleepy orange cat with a bell,PENDING,NOT_STARTED,,python3 scripts/pipeline.py --ref SHT-20261213-4 --rhyme this_piggy --format short
2026-12-14,09:00,VID-20261214-1,long,Cock-a-Doodle-Doo,rhyme,a quiet hilltop meadow under a wide evening sky,"deep indigo, soft gold, cream",a small red fox with a white-tipped tail,PENDING,NOT_STARTED,,python3 scripts/pipeline.py --ref VID-20261214-1 --rhyme cock_doodle --format long
2026-12-14,13:00,SHT-20261214-2,short,Ring a Ring o' Roses,rhyme,a cosy wooden treehouse with round windows,"sage green, warm terracotta, oat",a woolly lamb with a crooked fringe,PENDING,NOT_STARTED,,python3 scripts/pipeline.py --ref SHT-20261214-2 --rhyme ring_roses --format short
2026-12-14,17:00,VID-20261214-3,long,Jack and Jill,rhyme,a small harbour where painted boats bob at their moorings,"dusty blue, buttermilk, pale coral",a bright green frog in wellington boots,PENDING,NOT_STARTED,,python3 scripts/pipeline.py --ref VID-20261214-3 --rhyme jack_jill --format long
2026-12-14,21:00,SHT-20261214-4,short,Simple Simon,rhyme,a sunlit kitchen garden with tall sunflowers,"plum, mustard, soft grey",a plump robin with a red waistcoat,PENDING,NOT_STARTED,,python3 scripts/pipeline.py --ref SHT-20261214-4 --rhyme simple_simon --format short
2026-12-15,09:00,VID-20261215-1,long,"Twinkle, Twinkle, Little Star",rhyme,a snowy village square with warm lantern light,"forest green, cream, honey",a spotted puppy with oversized paws,PENDING,NOT_STARTED,,python3 scripts/pipeline.py --ref VID-20261215-1 --rhyme twinkle --format long
2026-12-15,13:00,SHT-20261215-2,short,"Mary, Mary, Quite Contrary",rhyme,a riverbank where willows dip into slow water,"lavender, mint, warm white",a quiet grey mouse with a patchwork bag,PENDING,NOT_STARTED,,python3 scripts/pipeline.py --ref SHT-20261215-2 --rhyme mary_contrary --format short
2026-12-15,17:00,VID-20261215-3,long,The Muffin Man,rhyme,a friendly red barn at the edge of a green field,"soft teal, apricot, ivory",a friendly goose in a straw hat,PENDING,NOT_STARTED,,python3 scripts/pipeline.py --ref VID-20261215-3 --rhyme muffin_man --format long
2026-12-15,21:00,SHT-20261215-4,short,Old MacDonald Had a Farm,rhyme,a bright attic room full of soft toys and books,"clay pink, olive, sand",a small striped bumblebee with tired wings,PENDING,NOT_STARTED,,python3 scripts/pipeline.py --ref SHT-20261215-4 --rhyme old_macdonald --format short
2026-12-16,09:00,VID-20261216-1,long,Wee Willie Winkie,rhyme,a windmill on a low hill with long grass,"midnight blue, silver, pale rose",a soft grey seal pup with wide eyes,PENDING,NOT_STARTED,,python3 scripts/pipeline.py --ref VID-20261216-1 --rhyme wee_willie --format long
2026-12-16,13:00,SHT-20261216-2,short,Curly Locks,rhyme,a duck pond ringed with smooth grey stones,"moss green, butter yellow, chalk",a small brown wren with a bright eye,PENDING,NOT_STARTED,,python3 scripts/pipeline.py --ref SHT-20261216-2 --rhyme curly_locks --format short
2026-12-16,17:00,VID-20261216-3,long,Little Bo-Peep,rhyme,an orchard of short apple trees in soft afternoon light,"russet, cream, slate blue",a small round owl with speckled feathers,PENDING,NOT_STARTED,,python3 scripts/pipeline.py --ref VID-20261216-3 --rhyme bo_peep --format long
2026-12-16,21:00,SHT-20261216-4,short,Bobby Shafto's Gone to Sea,rhyme,a lighthouse keeper's cottage above a calm bay,"periwinkle, peach, warm grey",a patient grey donkey with long ears,PENDING,NOT_STARTED,,python3 scripts/pipeline.py --ref SHT-20261216-4 --rhyme bobby_shafto --format short
2026-12-17,09:00,VID-20261217-1,long,Ding Dong Bell,rhyme,"a market square with striped awnings, early morning","deep plum, sage, oatmeal",a curious hedgehog in a knitted scarf,PENDING,NOT_STARTED,,python3 scripts/pipeline.py --ref VID-20261217-1 --rhyme ding_dong_bell --format long
2026-12-17,13:00,SHT-20261217-2,short,The Muffin Man,rhyme,a mossy woodland clearing with dappled sunlight,"denim blue, wheat, soft white","a slow, cheerful tortoise",PENDING,NOT_STARTED,,python3 scripts/pipeline.py --ref SHT-20261217-2 --rhyme muffin_man --format short
2026-12-17,17:00,VID-20261217-3,long,Bobby Shafto's Gone to Sea,rhyme,a sandy cove with gentle waves and rock pools,"pine green, copper, bone",a fluffy duckling who hums along,PENDING,NOT_STARTED,,python3 scripts/pipeline.py --ref VID-20261217-3 --rhyme bobby_shafto --format long
2026-12-17,21:00,SHT-20261217-4,short,Hickory Dickory Dock,rhyme,a greenhouse full of seedlings and watering cans,"mauve, straw, dove grey",a gentle brown bear cub,PENDING,NOT_STARTED,,python3 scripts/pipeline.py --ref SHT-20261217-4 --rhyme hickory_dickory --format short
2026-12-18,09:00,VID-20261218-1,long,The Grand Old Duke of York,rhyme,a bakery window with warm light and round loaves,"seafoam, coral, linen",a shy grey rabbit with one folded ear,PENDING,NOT_STARTED,,python3 scripts/pipeline.py --ref VID-20261218-1 --rhyme duke_york --format long
2026-12-18,13:00,SHT-20261218-2,short,Lavender's Blue,rhyme,a wildflower field with a low stone wall,"deep indigo, soft gold, cream",a tidy badger with round spectacles,PENDING,NOT_STARTED,,python3 scripts/pipeline.py --ref SHT-20261218-2 --rhyme lavenders_blue --format short
2026-12-18,17:00,VID-20261218-3,long,Georgie Porgie,rhyme,a train platform in a tiny country station,"sage green, warm terracotta, oat",a sleepy orange cat with a bell,PENDING,NOT_STARTED,,python3 scripts/pipeline.py --ref VID-20261218-3 --rhyme georgie_porgie --format long
2026-12-18,21:00,SHT-20261218-4,short,"Baa, Baa, Black Sheep",rhyme,a hillside sheep pasture under drifting clouds,"dusty blue, buttermilk, pale coral",a small red fox with a white-tipped tail,PENDING,NOT_STARTED,,python3 scripts/pipeline.py --ref SHT-20261218-4 --rhyme baa_baa --format short
2026-12-19,09:00,VID-20261219-1,long,There Was an Old Woman Who Lived in a Shoe,rhyme,a cobbled lane with window boxes and a blue door,"plum, mustard, soft grey",a woolly lamb with a crooked fringe,PENDING,NOT_STARTED,,python3 scripts/pipeline.py --ref VID-20261219-1 --rhyme old_woman_shoe --format long
2026-12-19,13:00,SHT-20261219-2,short,Humpty Dumpty,rhyme,a frozen pond with soft snow on the reeds,"forest green, cream, honey",a bright green frog in wellington boots,PENDING,NOT_STARTED,,python3 scripts/pipeline.py --ref SHT-20261219-2 --rhyme humpty --format short
2026-12-19,17:00,VID-20261219-3,long,Yankee Doodle,rhyme,"a rope bridge over a shallow, sunny stream","lavender, mint, warm white",a plump robin with a red waistcoat,PENDING,NOT_STARTED,,python3 scripts/pipeline.py --ref VID-20261219-3 --rhyme yankee_doodle --format long
2026-12-19,21:00,SHT-20261219-4,short,Georgie Porgie,rhyme,a hay loft with warm light through the slats,"soft teal, apricot, ivory",a spotted puppy with oversized paws,PENDING,NOT_STARTED,,python3 scripts/pipeline.py --ref SHT-20261219-4 --rhyme georgie_porgie --format short
2026-12-20,09:00,VID-20261220-1,long,"Mary, Mary, Quite Contrary",rhyme,a quiet hilltop meadow under a wide evening sky,"clay pink, olive, sand",a quiet grey mouse with a patchwork bag,PENDING,NOT_STARTED,,python3 scripts/pipeline.py --ref VID-20261220-1 --rhyme mary_contrary --format long
2026-12-20,13:00,SHT-20261220-2,short,"Peter, Peter, Pumpkin Eater",rhyme,a cosy wooden treehouse with round windows,"midnight blue, silver, pale rose",a friendly goose in a straw hat,PENDING,NOT_STARTED,,python3 scripts/pipeline.py --ref SHT-20261220-2 --rhyme peter_pumpkin --format short
2026-12-20,17:00,VID-20261220-3,long,The Itsy Bitsy Spider,rhyme,a small harbour where painted boats bob at their moorings,"moss green, butter yellow, chalk",a small striped bumblebee with tired wings,PENDING,NOT_STARTED,,python3 scripts/pipeline.py --ref VID-20261220-3 --rhyme itsy_bitsy --format long
2026-12-20,21:00,SHT-20261220-4,short,There Was an Old Woman Who Lived in a Shoe,rhyme,a sunlit kitchen garden with tall sunflowers,"russet, cream, slate blue",a soft grey seal pup with wide eyes,PENDING,NOT_STARTED,,python3 scripts/pipeline.py --ref SHT-20261220-4 --rhyme old_woman_shoe --format short
2026-12-21,09:00,VID-20261221-1,long,"One, Two, Buckle My Shoe",counting,a snowy village square with warm lantern light,"periwinkle, peach, warm grey",a small brown wren with a bright eye,PENDING,NOT_STARTED,,python3 scripts/pipeline.py --ref VID-20261221-1 --rhyme one_two_buckle --format long
2026-12-21,13:00,SHT-20261221-2,short,Polly Put the Kettle On,rhyme,a riverbank where willows dip into slow water,"deep plum, sage, oatmeal",a small round owl with speckled feathers,PENDING,NOT_STARTED,,python3 scripts/pipeline.py --ref SHT-20261221-2 --rhyme polly_kettle --format short
2026-12-21,17:00,VID-20261221-3,long,Old King Cole,rhyme,a friendly red barn at the edge of a green field,"denim blue, wheat, soft white",a patient grey donkey with long ears,PENDING,NOT_STARTED,,python3 scripts/pipeline.py --ref VID-20261221-3 --rhyme old_king_cole --format long
2026-12-21,21:00,SHT-20261221-4,short,Little Jack Horner,rhyme,a bright attic room full of soft toys and books,"pine green, copper, bone",a curious hedgehog in a knitted scarf,PENDING,NOT_STARTED,,python3 scripts/pipeline.py --ref SHT-20261221-4 --rhyme jack_horner --format short
2026-12-22,09:00,VID-20261222-1,long,Simple Simon,rhyme,a windmill on a low hill with long grass,"mauve, straw, dove grey","a slow, cheerful tortoise",PENDING,NOT_STARTED,,python3 scripts/pipeline.py --ref VID-20261222-1 --rhyme simple_simon --format long
2026-12-22,13:00,SHT-20261222-2,short,Hot Cross Buns,rhyme,a duck pond ringed with smooth grey stones,"seafoam, coral, linen",a fluffy duckling who hums along,PENDING,NOT_STARTED,,python3 scripts/pipeline.py --ref SHT-20261222-2 --rhyme hot_cross_buns --format short
2026-12-22,17:00,VID-20261222-3,long,"Baa, Baa, Black Sheep",rhyme,an orchard of short apple trees in soft afternoon light,"deep indigo, soft gold, cream",a gentle brown bear cub,PENDING,NOT_STARTED,,python3 scripts/pipeline.py --ref VID-20261222-3 --rhyme baa_baa --format long
2026-12-22,21:00,SHT-20261222-4,short,Diddle Diddle Dumpling,rhyme,a lighthouse keeper's cottage above a calm bay,"sage green, warm terracotta, oat",a shy grey rabbit with one folded ear,PENDING,NOT_STARTED,,python3 scripts/pipeline.py --ref SHT-20261222-4 --rhyme diddle_dumpling --format short
2026-12-23,09:00,VID-20261223-1,long,Rock-a-Bye Baby,lullaby,"a market square with striped awnings, early morning","dusty blue, buttermilk, pale coral",a tidy badger with round spectacles,PENDING,NOT_STARTED,,python3 scripts/pipeline.py --ref VID-20261223-1 --rhyme rock_a_bye --format long
2026-12-23,13:00,SHT-20261223-2,short,Three Blind Mice,rhyme,a mossy woodland clearing with dappled sunlight,"plum, mustard, soft grey",a sleepy orange cat with a bell,PENDING,NOT_STARTED,,python3 scripts/pipeline.py --ref SHT-20261223-2 --rhyme three_mice --format short
2026-12-23,17:00,VID-20261223-3,long,Jack Be Nimble,rhyme,a sandy cove with gentle waves and rock pools,"forest green, cream, honey",a small red fox with a white-tipped tail,PENDING,NOT_STARTED,,python3 scripts/pipeline.py --ref VID-20261223-3 --rhyme jack_nimble --format long
2026-12-23,21:00,SHT-20261223-4,short,Pop Goes the Weasel,rhyme,a greenhouse full of seedlings and watering cans,"lavender, mint, warm white",a woolly lamb with a crooked fringe,PENDING,NOT_STARTED,,python3 scripts/pipeline.py --ref SHT-20261223-4 --rhyme pop_weasel --format short
2026-12-24,09:00,VID-20261224-1,long,Little Jack Horner,rhyme,a bakery window with warm light and round loaves,"soft teal, apricot, ivory",a bright green frog in wellington boots,PENDING,NOT_STARTED,,python3 scripts/pipeline.py --ref VID-20261224-1 --rhyme jack_horner --format long
2026-12-24,13:00,SHT-20261224-2,short,"Row, Row, Row Your Boat",rhyme,a wildflower field with a low stone wall,"clay pink, olive, sand",a plump robin with a red waistcoat,PENDING,NOT_STARTED,,python3 scripts/pipeline.py --ref SHT-20261224-2 --rhyme row_row --format short
2026-12-24,17:00,VID-20261224-3,long,Hickory Dickory Dock,rhyme,a train platform in a tiny country station,"midnight blue, silver, pale rose",a spotted puppy with oversized paws,PENDING,NOT_STARTED,,python3 scripts/pipeline.py --ref VID-20261224-3 --rhyme hickory_dickory --format long
2026-12-24,21:00,SHT-20261224-4,short,The Farmer in the Dell,rhyme,a hillside sheep pasture under drifting clouds,"moss green, butter yellow, chalk",a quiet grey mouse with a patchwork bag,PENDING,NOT_STARTED,,python3 scripts/pipeline.py --ref SHT-20261224-4 --rhyme farmer_dell --format short
2026-12-25,09:00,VID-20261225-1,long,Old MacDonald Had a Farm,rhyme,a cobbled lane with window boxes and a blue door,"russet, cream, slate blue",a friendly goose in a straw hat,PENDING,NOT_STARTED,,python3 scripts/pipeline.py --ref VID-20261225-1 --rhyme old_macdonald --format long
2026-12-25,13:00,SHT-20261225-2,short,Mary Had a Little Lamb,rhyme,a frozen pond with soft snow on the reeds,"periwinkle, peach, warm grey",a small striped bumblebee with tired wings,PENDING,NOT_STARTED,,python3 scripts/pipeline.py --ref SHT-20261225-2 --rhyme mary_lamb --format short
2026-12-25,17:00,VID-20261225-3,long,Three Blind Mice,rhyme,"a rope bridge over a shallow, sunny stream","deep plum, sage, oatmeal",a soft grey seal pup with wide eyes,PENDING,NOT_STARTED,,python3 scripts/pipeline.py --ref VID-20261225-3 --rhyme three_mice --format long
2026-12-25,21:00,SHT-20261225-4,short,"One, Two, Buckle My Shoe",counting,a hay loft with warm light through the slats,"denim blue, wheat, soft white",a small brown wren with a bright eye,PENDING,NOT_STARTED,,python3 scripts/pipeline.py --ref SHT-20261225-4 --rhyme one_two_buckle --format short
2026-12-26,09:00,VID-20261226-1,long,Curly Locks,rhyme,a quiet hilltop meadow under a wide evening sky,"pine green, copper, bone",a small round owl with speckled feathers,PENDING,NOT_STARTED,,python3 scripts/pipeline.py --ref VID-20261226-1 --rhyme curly_locks --format long
2026-12-26,13:00,SHT-20261226-2,short,London Bridge Is Falling Down,rhyme,a cosy wooden treehouse with round windows,"mauve, straw, dove grey",a patient grey donkey with long ears,PENDING,NOT_STARTED,,python3 scripts/pipeline.py --ref SHT-20261226-2 --rhyme london_bridge --format short
2026-12-26,17:00,VID-20261226-3,long,"Hush, Little Baby",lullaby,a small harbour where painted boats bob at their moorings,"seafoam, coral, linen",a curious hedgehog in a knitted scarf,PENDING,NOT_STARTED,,python3 scripts/pipeline.py --ref VID-20261226-3 --rhyme hush_little_baby --format long
2026-12-26,21:00,SHT-20261226-4,short,Oranges and Lemons,rhyme,a sunlit kitchen garden with tall sunflowers,"deep indigo, soft gold, cream","a slow, cheerful tortoise",PENDING,NOT_STARTED,,python3 scripts/pipeline.py --ref SHT-20261226-4 --rhyme oranges_lemons --format short
2026-12-27,09:00,VID-20261227-1,long,Skip to My Lou,rhyme,a snowy village square with warm lantern light,"sage green, warm terracotta, oat",a fluffy duckling who hums along,PENDING,NOT_STARTED,,python3 scripts/pipeline.py --ref VID-20261227-1 --rhyme skip_to_lou --format long
2026-12-27,13:00,SHT-20261227-2,short,"Star Light, Star Bright",rhyme,a riverbank where willows dip into slow water,"dusty blue, buttermilk, pale coral",a gentle brown bear cub,PENDING,NOT_STARTED,,python3 scripts/pipeline.py --ref SHT-20261227-2 --rhyme star_light --format short
2026-12-27,17:00,VID-20261227-3,long,Oranges and Lemons,rhyme,a friendly red barn at the edge of a green field,"plum, mustard, soft grey",a shy grey rabbit with one folded ear,PENDING,NOT_STARTED,,python3 scripts/pipeline.py --ref VID-20261227-3 --rhyme oranges_lemons --format long
2026-12-27,21:00,SHT-20261227-4,short,Frere Jacques (Are You Sleeping?),rhyme,a bright attic room full of soft toys and books,"forest green, cream, honey",a tidy badger with round spectacles,PENDING,NOT_STARTED,,python3 scripts/pipeline.py --ref SHT-20261227-4 --rhyme frere_jacques --format short
2026-12-28,09:00,VID-20261228-1,long,London Bridge Is Falling Down,rhyme,a windmill on a low hill with long grass,"lavender, mint, warm white",a sleepy orange cat with a bell,PENDING,NOT_STARTED,,python3 scripts/pipeline.py --ref VID-20261228-1 --rhyme london_bridge --format long
2026-12-28,13:00,SHT-20261228-2,short,Old King Cole,rhyme,a duck pond ringed with smooth grey stones,"soft teal, apricot, ivory",a small red fox with a white-tipped tail,PENDING,NOT_STARTED,,python3 scripts/pipeline.py --ref SHT-20261228-2 --rhyme old_king_cole --format short
2026-12-28,17:00,VID-20261228-3,long,Hot Cross Buns,rhyme,an orchard of short apple trees in soft afternoon light,"clay pink, olive, sand",a woolly lamb with a crooked fringe,PENDING,NOT_STARTED,,python3 scripts/pipeline.py --ref VID-20261228-3 --rhyme hot_cross_buns --format long
2026-12-28,21:00,SHT-20261228-4,short,"Rain, Rain, Go Away",rhyme,a lighthouse keeper's cottage above a calm bay,"midnight blue, silver, pale rose",a bright green frog in wellington boots,PENDING,NOT_STARTED,,python3 scripts/pipeline.py --ref SHT-20261228-4 --rhyme rain_go_away --format short
2026-12-29,09:00,VID-20261229-1,long,Mary Had a Little Lamb,rhyme,"a market square with striped awnings, early morning","moss green, butter yellow, chalk",a plump robin with a red waistcoat,PENDING,NOT_STARTED,,python3 scripts/pipeline.py --ref VID-20261229-1 --rhyme mary_lamb --format long
2026-12-29,13:00,SHT-20261229-2,short,Yankee Doodle,rhyme,a mossy woodland clearing with dappled sunlight,"russet, cream, slate blue",a spotted puppy with oversized paws,PENDING,NOT_STARTED,,python3 scripts/pipeline.py --ref SHT-20261229-2 --rhyme yankee_doodle --format short
2026-12-29,17:00,VID-20261229-3,long,"Row, Row, Row Your Boat",rhyme,a sandy cove with gentle waves and rock pools,"periwinkle, peach, warm grey",a quiet grey mouse with a patchwork bag,PENDING,NOT_STARTED,,python3 scripts/pipeline.py --ref VID-20261229-3 --rhyme row_row --format long
2026-12-29,21:00,SHT-20261229-4,short,Jack Be Nimble,rhyme,a greenhouse full of seedlings and watering cans,"deep plum, sage, oatmeal",a friendly goose in a straw hat,PENDING,NOT_STARTED,,python3 scripts/pipeline.py --ref SHT-20261229-4 --rhyme jack_nimble --format short
2026-12-30,09:00,VID-20261230-1,long,"Rain, Rain, Go Away",rhyme,a bakery window with warm light and round loaves,"denim blue, wheat, soft white",a small striped bumblebee with tired wings,PENDING,NOT_STARTED,,python3 scripts/pipeline.py --ref VID-20261230-1 --rhyme rain_go_away --format long
2026-12-30,13:00,SHT-20261230-2,short,"Twinkle, Twinkle, Little Star",rhyme,a wildflower field with a low stone wall,"pine green, copper, bone",a soft grey seal pup with wide eyes,PENDING,NOT_STARTED,,python3 scripts/pipeline.py --ref SHT-20261230-2 --rhyme twinkle --format short
2026-12-30,17:00,VID-20261230-3,long,Lavender's Blue,rhyme,a train platform in a tiny country station,"mauve, straw, dove grey",a small brown wren with a bright eye,PENDING,NOT_STARTED,,python3 scripts/pipeline.py --ref VID-20261230-3 --rhyme lavenders_blue --format long
2026-12-30,21:00,SHT-20261230-4,short,Little Bo-Peep,rhyme,a hillside sheep pasture under drifting clouds,"seafoam, coral, linen",a small round owl with speckled feathers,PENDING,NOT_STARTED,,python3 scripts/pipeline.py --ref SHT-20261230-4 --rhyme bo_peep --format short
2026-12-31,09:00,VID-20261231-1,long,Humpty Dumpty,rhyme,a cobbled lane with window boxes and a blue door,"deep indigo, soft gold, cream",a patient grey donkey with long ears,PENDING,NOT_STARTED,,python3 scripts/pipeline.py --ref VID-20261231-1 --rhyme humpty --format long
2026-12-31,13:00,SHT-20261231-2,short,Cock-a-Doodle-Doo,rhyme,a frozen pond with soft snow on the reeds,"sage green, warm terracotta, oat",a curious hedgehog in a knitted scarf,PENDING,NOT_STARTED,,python3 scripts/pipeline.py --ref SHT-20261231-2 --rhyme cock_doodle --format short
2026-12-31,17:00,VID-20261231-3,long,Polly Put the Kettle On,rhyme,"a rope bridge over a shallow, sunny stream","dusty blue, buttermilk, pale coral","a slow, cheerful tortoise",PENDING,NOT_STARTED,,python3 scripts/pipeline.py --ref VID-20261231-3 --rhyme polly_kettle --format long
2026-12-31,21:00,SHT-20261231-4,short,Hey Diddle Diddle,rhyme,a hay loft with warm light through the slats,"plum, mustard, soft grey",a fluffy duckling who hums along,PENDING,NOT_STARTED,,python3 scripts/pipeline.py --ref SHT-20261231-4 --rhyme hey_diddle --format short
2027-01-01,09:00,VID-20270101-1,long,Pop Goes the Weasel,rhyme,a quiet hilltop meadow under a wide evening sky,"forest green, cream, honey",a gentle brown bear cub,PENDING,NOT_STARTED,,python3 scripts/pipeline.py --ref VID-20270101-1 --rhyme pop_weasel --format long
2027-01-01,13:00,SHT-20270101-2,short,Ding Dong Bell,rhyme,a cosy wooden treehouse with round windows,"lavender, mint, warm white",a shy grey rabbit with one folded ear,PENDING,NOT_STARTED,,python3 scripts/pipeline.py --ref SHT-20270101-2 --rhyme ding_dong_bell --format short
2027-01-01,17:00,VID-20270101-3,long,"Peter, Peter, Pumpkin Eater",rhyme,a small harbour where painted boats bob at their moorings,"soft teal, apricot, ivory",a tidy badger with round spectacles,PENDING,NOT_STARTED,,python3 scripts/pipeline.py --ref VID-20270101-3 --rhyme peter_pumpkin --format long
2027-01-01,21:00,SHT-20270101-4,short,Wee Willie Winkie,rhyme,a sunlit kitchen garden with tall sunflowers,"clay pink, olive, sand",a sleepy orange cat with a bell,PENDING,NOT_STARTED,,python3 scripts/pipeline.py --ref SHT-20270101-4 --rhyme wee_willie --format short
2027-01-02,09:00,VID-20270102-1,long,"Pat-a-Cake, Pat-a-Cake",rhyme,a snowy village square with warm lantern light,"midnight blue, silver, pale rose",a small red fox with a white-tipped tail,PENDING,NOT_STARTED,,python3 scripts/pipeline.py --ref VID-20270102-1 --rhyme pat_a_cake --format long
2027-01-02,13:00,SHT-20270102-2,short,"Tom, Tom, the Piper's Son",rhyme,a riverbank where willows dip into slow water,"moss green, butter yellow, chalk",a woolly lamb with a crooked fringe,PENDING,NOT_STARTED,,python3 scripts/pipeline.py --ref SHT-20270102-2 --rhyme tom_piper --format short
2027-01-02,17:00,VID-20270102-3,long,This Little Piggy,rhyme,a friendly red barn at the edge of a green field,"russet, cream, slate blue",a bright green frog in wellington boots,PENDING,NOT_STARTED,,python3 scripts/pipeline.py --ref VID-20270102-3 --rhyme this_piggy --format long
2027-01-02,21:00,SHT-20270102-4,short,Jack and Jill,rhyme,a bright attic room full of soft toys and books,"periwinkle, peach, warm grey",a plump robin with a red waistcoat,PENDING,NOT_STARTED,,python3 scripts/pipeline.py --ref SHT-20270102-4 --rhyme jack_jill --format short
2027-01-03,09:00,VID-20270103-1,long,Little Miss Muffet,rhyme,a windmill on a low hill with long grass,"deep plum, sage, oatmeal",a spotted puppy with oversized paws,PENDING,NOT_STARTED,,python3 scripts/pipeline.py --ref VID-20270103-1 --rhyme miss_muffet --format long
2027-01-03,13:00,SHT-20270103-2,short,The Itsy Bitsy Spider,rhyme,a duck pond ringed with smooth grey stones,"denim blue, wheat, soft white",a quiet grey mouse with a patchwork bag,PENDING,NOT_STARTED,,python3 scripts/pipeline.py --ref SHT-20270103-2 --rhyme itsy_bitsy --format short
2027-01-03,17:00,VID-20270103-3,long,"Tom, Tom, the Piper's Son",rhyme,an orchard of short apple trees in soft afternoon light,"pine green, copper, bone",a friendly goose in a straw hat,PENDING,NOT_STARTED,,python3 scripts/pipeline.py --ref VID-20270103-3 --rhyme tom_piper --format long
2027-01-03,21:00,SHT-20270103-4,short,Skip to My Lou,rhyme,a lighthouse keeper's cottage above a calm bay,"mauve, straw, dove grey",a small striped bumblebee with tired wings,PENDING,NOT_STARTED,,python3 scripts/pipeline.py --ref SHT-20270103-4 --rhyme skip_to_lou --format short
2027-01-04,09:00,VID-20270104-1,long,Hey Diddle Diddle,rhyme,"a market square with striped awnings, early morning","seafoam, coral, linen",a soft grey seal pup with wide eyes,PENDING,NOT_STARTED,,python3 scripts/pipeline.py --ref VID-20270104-1 --rhyme hey_diddle --format long
2027-01-04,13:00,SHT-20270104-2,short,The Grand Old Duke of York,rhyme,a mossy woodland clearing with dappled sunlight,"deep indigo, soft gold, cream",a small brown wren with a bright eye,PENDING,NOT_STARTED,,python3 scripts/pipeline.py --ref SHT-20270104-2 --rhyme duke_york --format short
2027-01-04,17:00,VID-20270104-3,long,Ring a Ring o' Roses,rhyme,a sandy cove with gentle waves and rock pools,"sage green, warm terracotta, oat",a small round owl with speckled feathers,PENDING,NOT_STARTED,,python3 scripts/pipeline.py --ref VID-20270104-3 --rhyme ring_roses --format long
2027-01-04,21:00,SHT-20270104-4,short,"Pat-a-Cake, Pat-a-Cake",rhyme,a greenhouse full of seedlings and watering cans,"dusty blue, buttermilk, pale coral",a patient grey donkey with long ears,PENDING,NOT_STARTED,,python3 scripts/pipeline.py --ref SHT-20270104-4 --rhyme pat_a_cake --format short
2027-01-05,09:00,VID-20270105-1,long,Diddle Diddle Dumpling,rhyme,a bakery window with warm light and round loaves,"plum, mustard, soft grey",a curious hedgehog in a knitted scarf,PENDING,NOT_STARTED,,python3 scripts/pipeline.py --ref VID-20270105-1 --rhyme diddle_dumpling --format long
2027-01-05,13:00,SHT-20270105-2,short,Little Miss Muffet,rhyme,a wildflower field with a low stone wall,"forest green, cream, honey","a slow, cheerful tortoise",PENDING,NOT_STARTED,,python3 scripts/pipeline.py --ref SHT-20270105-2 --rhyme miss_muffet --format short
2027-01-05,17:00,VID-20270105-3,long,The Farmer in the Dell,rhyme,a train platform in a tiny country station,"lavender, mint, warm white",a fluffy duckling who hums along,PENDING,NOT_STARTED,,python3 scripts/pipeline.py --ref VID-20270105-3 --rhyme farmer_dell --format long
2027-01-05,21:00,SHT-20270105-4,short,This Little Piggy,rhyme,a hillside sheep pasture under drifting clouds,"soft teal, apricot, ivory",a gentle brown bear cub,PENDING,NOT_STARTED,,python3 scripts/pipeline.py --ref SHT-20270105-4 --rhyme this_piggy --format short
2027-01-06,09:00,VID-20270106-1,long,Frere Jacques (Are You Sleeping?),rhyme,a cobbled lane with window boxes and a blue door,"clay pink, olive, sand",a shy grey rabbit with one folded ear,PENDING,NOT_STARTED,,python3 scripts/pipeline.py --ref VID-20270106-1 --rhyme frere_jacques --format long
2027-01-06,13:00,SHT-20270106-2,short,Ring a Ring o' Roses,rhyme,a frozen pond with soft snow on the reeds,"midnight blue, silver, pale rose",a tidy badger with round spectacles,PENDING,NOT_STARTED,,python3 scripts/pipeline.py --ref SHT-20270106-2 --rhyme ring_roses --format short
2027-01-06,17:00,VID-20270106-3,long,"Star Light, Star Bright",rhyme,"a rope bridge over a shallow, sunny stream","moss green, butter yellow, chalk",a sleepy orange cat with a bell,PENDING,NOT_STARTED,,python3 scripts/pipeline.py --ref VID-20270106-3 --rhyme star_light --format long
2027-01-06,21:00,SHT-20270106-4,short,Simple Simon,rhyme,a hay loft with warm light through the slats,"russet, cream, slate blue",a small red fox with a white-tipped tail,PENDING,NOT_STARTED,,python3 scripts/pipeline.py --ref SHT-20270106-4 --rhyme simple_simon --format short
2027-01-07,09:00,VID-20270107-1,long,Cock-a-Doodle-Doo,rhyme,a quiet hilltop meadow under a wide evening sky,"periwinkle, peach, warm grey",a woolly lamb with a crooked fringe,PENDING,NOT_STARTED,,python3 scripts/pipeline.py --ref VID-20270107-1 --rhyme cock_doodle --format long
2027-01-07,13:00,SHT-20270107-2,short,"Mary, Mary, Quite Contrary",rhyme,a cosy wooden treehouse with round windows,"deep plum, sage, oatmeal",a bright green frog in wellington boots,PENDING,NOT_STARTED,,python3 scripts/pipeline.py --ref SHT-20270107-2 --rhyme mary_contrary --format short
2027-01-07,17:00,VID-20270107-3,long,Jack and Jill,rhyme,a small harbour where painted boats bob at their moorings,"denim blue, wheat, soft white",a plump robin with a red waistcoat,PENDING,NOT_STARTED,,python3 scripts/pipeline.py --ref VID-20270107-3 --rhyme jack_jill --format long
2027-01-07,21:00,SHT-20270107-4,short,Old MacDonald Had a Farm,rhyme,a sunlit kitchen garden with tall sunflowers,"pine green, copper, bone",a spotted puppy with oversized paws,PENDING,NOT_STARTED,,python3 scripts/pipeline.py --ref SHT-20270107-4 --rhyme old_macdonald --format short
2027-01-08,09:00,VID-20270108-1,long,"Twinkle, Twinkle, Little Star",rhyme,a snowy village square with warm lantern light,"mauve, straw, dove grey",a quiet grey mouse with a patchwork bag,PENDING,NOT_STARTED,,python3 scripts/pipeline.py --ref VID-20270108-1 --rhyme twinkle --format long
2027-01-08,13:00,SHT-20270108-2,short,Curly Locks,rhyme,a riverbank where willows dip into slow water,"seafoam, coral, linen",a friendly goose in a straw hat,PENDING,NOT_STARTED,,python3 scripts/pipeline.py --ref SHT-20270108-2 --rhyme curly_locks --format short
2027-01-08,17:00,VID-20270108-3,long,The Muffin Man,rhyme,a friendly red barn at the edge of a green field,"deep indigo, soft gold, cream",a small striped bumblebee with tired wings,PENDING,NOT_STARTED,,python3 scripts/pipeline.py --ref VID-20270108-3 --rhyme muffin_man --format long
2027-01-08,21:00,SHT-20270108-4,short,Bobby Shafto's Gone to Sea,rhyme,a bright attic room full of soft toys and books,"sage green, warm terracotta, oat",a soft grey seal pup with wide eyes,PENDING,NOT_STARTED,,python3 scripts/pipeline.py --ref SHT-20270108-4 --rhyme bobby_shafto --format short
2027-01-09,09:00,VID-20270109-1,long,Wee Willie Winkie,rhyme,a windmill on a low hill with long grass,"dusty blue, buttermilk, pale coral",a small brown wren with a bright eye,PENDING,NOT_STARTED,,python3 scripts/pipeline.py --ref VID-20270109-1 --rhyme wee_willie --format long
2027-01-09,13:00,SHT-20270109-2,short,The Muffin Man,rhyme,a duck pond ringed with smooth grey stones,"plum, mustard, soft grey",a small round owl with speckled feathers,PENDING,NOT_STARTED,,python3 scripts/pipeline.py --ref SHT-20270109-2 --rhyme muffin_man --format short
2027-01-09,17:00,VID-20270109-3,long,Little Bo-Peep,rhyme,an orchard of short apple trees in soft afternoon light,"forest green, cream, honey",a patient grey donkey with long ears,PENDING,NOT_STARTED,,python3 scripts/pipeline.py --ref VID-20270109-3 --rhyme bo_peep --format long
2027-01-09,21:00,SHT-20270109-4,short,Hickory Dickory Dock,rhyme,a lighthouse keeper's cottage above a calm bay,"lavender, mint, warm white",a curious hedgehog in a knitted scarf,PENDING,NOT_STARTED,,python3 scripts/pipeline.py --ref SHT-20270109-4 --rhyme hickory_dickory --format short
2027-01-10,09:00,VID-20270110-1,long,Ding Dong Bell,rhyme,"a market square with striped awnings, early morning","soft teal, apricot, ivory","a slow, cheerful tortoise",PENDING,NOT_STARTED,,python3 scripts/pipeline.py --ref VID-20270110-1 --rhyme ding_dong_bell --format long
2027-01-10,13:00,SHT-20270110-2,short,Lavender's Blue,rhyme,a mossy woodland clearing with dappled sunlight,"clay pink, olive, sand",a fluffy duckling who hums along,PENDING,NOT_STARTED,,python3 scripts/pipeline.py --ref SHT-20270110-2 --rhyme lavenders_blue --format short
2027-01-10,17:00,VID-20270110-3,long,Bobby Shafto's Gone to Sea,rhyme,a sandy cove with gentle waves and rock pools,"midnight blue, silver, pale rose",a gentle brown bear cub,PENDING,NOT_STARTED,,python3 scripts/pipeline.py --ref VID-20270110-3 --rhyme bobby_shafto --format long
2027-01-10,21:00,SHT-20270110-4,short,"Baa, Baa, Black Sheep",rhyme,a greenhouse full of seedlings and watering cans,"moss green, butter yellow, chalk",a shy grey rabbit with one folded ear,PENDING,NOT_STARTED,,python3 scripts/pipeline.py --ref SHT-20270110-4 --rhyme baa_baa --format short
2027-01-11,09:00,VID-20270111-1,long,The Grand Old Duke of York,rhyme,a bakery window with warm light and round loaves,"russet, cream, slate blue",a tidy badger with round spectacles,PENDING,NOT_STARTED,,python3 scripts/pipeline.py --ref VID-20270111-1 --rhyme duke_york --format long
2027-01-11,13:00,SHT-20270111-2,short,Humpty Dumpty,rhyme,a wildflower field with a low stone wall,"periwinkle, peach, warm grey",a sleepy orange cat with a bell,PENDING,NOT_STARTED,,python3 scripts/pipeline.py --ref SHT-20270111-2 --rhyme humpty --format short
2027-01-11,17:00,VID-20270111-3,long,Georgie Porgie,rhyme,a train platform in a tiny country station,"deep plum, sage, oatmeal",a small red fox with a white-tipped tail,PENDING,NOT_STARTED,,python3 scripts/pipeline.py --ref VID-20270111-3 --rhyme georgie_porgie --format long
2027-01-11,21:00,SHT-20270111-4,short,Georgie Porgie,rhyme,a hillside sheep pasture under drifting clouds,"denim blue, wheat, soft white",a woolly lamb with a crooked fringe,PENDING,NOT_STARTED,,python3 scripts/pipeline.py --ref SHT-20270111-4 --rhyme georgie_porgie --format short
2027-01-12,09:00,VID-20270112-1,long,There Was an Old Woman Who Lived in a Shoe,rhyme,a cobbled lane with window boxes and a blue door,"pine green, copper, bone",a bright green frog in wellington boots,PENDING,NOT_STARTED,,python3 scripts/pipeline.py --ref VID-20270112-1 --rhyme old_woman_shoe --format long
2027-01-12,13:00,SHT-20270112-2,short,"Peter, Peter, Pumpkin Eater",rhyme,a frozen pond with soft snow on the reeds,"mauve, straw, dove grey",a plump robin with a red waistcoat,PENDING,NOT_STARTED,,python3 scripts/pipeline.py --ref SHT-20270112-2 --rhyme peter_pumpkin --format short
2027-01-12,17:00,VID-20270112-3,long,Yankee Doodle,rhyme,"a rope bridge over a shallow, sunny stream","seafoam, coral, linen",a spotted puppy with oversized paws,PENDING,NOT_STARTED,,python3 scripts/pipeline.py --ref VID-20270112-3 --rhyme yankee_doodle --format long
2027-01-12,21:00,SHT-20270112-4,short,There Was an Old Woman Who Lived in a Shoe,rhyme,a hay loft with warm light through the slats,"deep indigo, soft gold, cream",a quiet grey mouse with a patchwork bag,PENDING,NOT_STARTED,,python3 scripts/pipeline.py --ref SHT-20270112-4 --rhyme old_woman_shoe --format short
2027-01-13,09:00,VID-20270113-1,long,"Mary, Mary, Quite Contrary",rhyme,a quiet hilltop meadow under a wide evening sky,"sage green, warm terracotta, oat",a friendly goose in a straw hat,PENDING,NOT_STARTED,,python3 scripts/pipeline.py --ref VID-20270113-1 --rhyme mary_contrary --format long
2027-01-13,13:00,SHT-20270113-2,short,Polly Put the Kettle On,rhyme,a cosy wooden treehouse with round windows,"dusty blue, buttermilk, pale coral",a small striped bumblebee with tired wings,PENDING,NOT_STARTED,,python3 scripts/pipeline.py --ref SHT-20270113-2 --rhyme polly_kettle --format short
2027-01-13,17:00,VID-20270113-3,long,The Itsy Bitsy Spider,rhyme,a small harbour where painted boats bob at their moorings,"plum, mustard, soft grey",a soft grey seal pup with wide eyes,PENDING,NOT_STARTED,,python3 scripts/pipeline.py --ref VID-20270113-3 --rhyme itsy_bitsy --format long
2027-01-13,21:00,SHT-20270113-4,short,Little Jack Horner,rhyme,a sunlit kitchen garden with tall sunflowers,"forest green, cream, honey",a small brown wren with a bright eye,PENDING,NOT_STARTED,,python3 scripts/pipeline.py --ref SHT-20270113-4 --rhyme jack_horner --format short
2027-01-14,09:00,VID-20270114-1,long,"One, Two, Buckle My Shoe",counting,a snowy village square with warm lantern light,"lavender, mint, warm white",a small round owl with speckled feathers,PENDING,NOT_STARTED,,python3 scripts/pipeline.py --ref VID-20270114-1 --rhyme one_two_buckle --format long
2027-01-14,13:00,SHT-20270114-2,short,Hot Cross Buns,rhyme,a riverbank where willows dip into slow water,"soft teal, apricot, ivory",a patient grey donkey with long ears,PENDING,NOT_STARTED,,python3 scripts/pipeline.py --ref SHT-20270114-2 --rhyme hot_cross_buns --format short
2027-01-14,17:00,VID-20270114-3,long,Old King Cole,rhyme,a friendly red barn at the edge of a green field,"clay pink, olive, sand",a curious hedgehog in a knitted scarf,PENDING,NOT_STARTED,,python3 scripts/pipeline.py --ref VID-20270114-3 --rhyme old_king_cole --format long
2027-01-14,21:00,SHT-20270114-4,short,Diddle Diddle Dumpling,rhyme,a bright attic room full of soft toys and books,"midnight blue, silver, pale rose","a slow, cheerful tortoise",PENDING,NOT_STARTED,,python3 scripts/pipeline.py --ref SHT-20270114-4 --rhyme diddle_dumpling --format short
2027-01-15,09:00,VID-20270115-1,long,Simple Simon,rhyme,a windmill on a low hill with long grass,"moss green, butter yellow, chalk",a fluffy duckling who hums along,PENDING,NOT_STARTED,,python3 scripts/pipeline.py --ref VID-20270115-1 --rhyme simple_simon --format long
2027-01-15,13:00,SHT-20270115-2,short,Three Blind Mice,rhyme,a duck pond ringed with smooth grey stones,"russet, cream, slate blue",a gentle brown bear cub,PENDING,NOT_STARTED,,python3 scripts/pipeline.py --ref SHT-20270115-2 --rhyme three_mice --format short
2027-01-15,17:00,VID-20270115-3,long,"Baa, Baa, Black Sheep",rhyme,an orchard of short apple trees in soft afternoon light,"periwinkle, peach, warm grey",a shy grey rabbit with one folded ear,PENDING,NOT_STARTED,,python3 scripts/pipeline.py --ref VID-20270115-3 --rhyme baa_baa --format long
2027-01-15,21:00,SHT-20270115-4,short,Pop Goes the Weasel,rhyme,a lighthouse keeper's cottage above a calm bay,"deep plum, sage, oatmeal",a tidy badger with round spectacles,PENDING,NOT_STARTED,,python3 scripts/pipeline.py --ref SHT-20270115-4 --rhyme pop_weasel --format short
2027-01-16,09:00,VID-20270116-1,long,Rock-a-Bye Baby,lullaby,"a market square with striped awnings, early morning","denim blue, wheat, soft white",a sleepy orange cat with a bell,PENDING,NOT_STARTED,,python3 scripts/pipeline.py --ref VID-20270116-1 --rhyme rock_a_bye --format long
2027-01-16,13:00,SHT-20270116-2,short,"Row, Row, Row Your Boat",rhyme,a mossy woodland clearing with dappled sunlight,"pine green, copper, bone",a small red fox with a white-tipped tail,PENDING,NOT_STARTED,,python3 scripts/pipeline.py --ref SHT-20270116-2 --rhyme row_row --format short
2027-01-16,17:00,VID-20270116-3,long,Jack Be Nimble,rhyme,a sandy cove with gentle waves and rock pools,"mauve, straw, dove grey",a woolly lamb with a crooked fringe,PENDING,NOT_STARTED,,python3 scripts/pipeline.py --ref VID-20270116-3 --rhyme jack_nimble --format long
2027-01-16,21:00,SHT-20270116-4,short,The Farmer in the Dell,rhyme,a greenhouse full of seedlings and watering cans,"seafoam, coral, linen",a bright green frog in wellington boots,PENDING,NOT_STARTED,,python3 scripts/pipeline.py --ref SHT-20270116-4 --rhyme farmer_dell --format short
2027-01-17,09:00,VID-20270117-1,long,Little Jack Horner,rhyme,a bakery window with warm light and round loaves,"deep indigo, soft gold, cream",a plump robin with a red waistcoat,PENDING,NOT_STARTED,,python3 scripts/pipeline.py --ref VID-20270117-1 --rhyme jack_horner --format long
2027-01-17,13:00,SHT-20270117-2,short,Mary Had a Little Lamb,rhyme,a wildflower field with a low stone wall,"sage green, warm terracotta, oat",a spotted puppy with oversized paws,PENDING,NOT_STARTED,,python3 scripts/pipeline.py --ref SHT-20270117-2 --rhyme mary_lamb --format short
2027-01-17,17:00,VID-20270117-3,long,Hickory Dickory Dock,rhyme,a train platform in a tiny country station,"dusty blue, buttermilk, pale coral",a quiet grey mouse with a patchwork bag,PENDING,NOT_STARTED,,python3 scripts/pipeline.py --ref VID-20270117-3 --rhyme hickory_dickory --format long
2027-01-17,21:00,SHT-20270117-4,short,"One, Two, Buckle My Shoe",counting,a hillside sheep pasture under drifting clouds,"plum, mustard, soft grey",a friendly goose in a straw hat,PENDING,NOT_STARTED,,python3 scripts/pipeline.py --ref SHT-20270117-4 --rhyme one_two_buckle --format short
2027-01-18,09:00,VID-20270118-1,long,Old MacDonald Had a Farm,rhyme,a cobbled lane with window boxes and a blue door,"forest green, cream, honey",a small striped bumblebee with tired wings,PENDING,NOT_STARTED,,python3 scripts/pipeline.py --ref VID-20270118-1 --rhyme old_macdonald --format long
2027-01-18,13:00,SHT-20270118-2,short,London Bridge Is Falling Down,rhyme,a frozen pond with soft snow on the reeds,"lavender, mint, warm white",a soft grey seal pup with wide eyes,PENDING,NOT_STARTED,,python3 scripts/pipeline.py --ref SHT-20270118-2 --rhyme london_bridge --format short
2027-01-18,17:00,VID-20270118-3,long,Three Blind Mice,rhyme,"a rope bridge over a shallow, sunny stream","soft teal, apricot, ivory",a small brown wren with a bright eye,PENDING,NOT_STARTED,,python3 scripts/pipeline.py --ref VID-20270118-3 --rhyme three_mice --format long
2027-01-18,21:00,SHT-20270118-4,short,Oranges and Lemons,rhyme,a hay loft with warm light through the slats,"clay pink, olive, sand",a small round owl with speckled feathers,PENDING,NOT_STARTED,,python3 scripts/pipeline.py --ref SHT-20270118-4 --rhyme oranges_lemons --format short
2027-01-19,09:00,VID-20270119-1,long,Curly Locks,rhyme,a quiet hilltop meadow under a wide evening sky,"midnight blue, silver, pale rose",a patient grey donkey with long ears,PENDING,NOT_STARTED,,python3 scripts/pipeline.py --ref VID-20270119-1 --rhyme curly_locks --format long
2027-01-19,13:00,SHT-20270119-2,short,"Star Light, Star Bright",rhyme,a cosy wooden treehouse with round windows,"moss green, butter yellow, chalk",a curious hedgehog in a knitted scarf,PENDING,NOT_STARTED,,python3 scripts/pipeline.py --ref SHT-20270119-2 --rhyme star_light --format short
2027-01-19,17:00,VID-20270119-3,long,"Hush, Little Baby",lullaby,a small harbour where painted boats bob at their moorings,"russet, cream, slate blue","a slow, cheerful tortoise",PENDING,NOT_STARTED,,python3 scripts/pipeline.py --ref VID-20270119-3 --rhyme hush_little_baby --format long
2027-01-19,21:00,SHT-20270119-4,short,Frere Jacques (Are You Sleeping?),rhyme,a sunlit kitchen garden with tall sunflowers,"periwinkle, peach, warm grey",a fluffy duckling who hums along,PENDING,NOT_STARTED,,python3 scripts/pipeline.py --ref SHT-20270119-4 --rhyme frere_jacques --format short
2027-01-20,09:00,VID-20270120-1,long,Skip to My Lou,rhyme,a snowy village square with warm lantern light,"deep plum, sage, oatmeal",a gentle brown bear cub,PENDING,NOT_STARTED,,python3 scripts/pipeline.py --ref VID-20270120-1 --rhyme skip_to_lou --format long
2027-01-20,13:00,SHT-20270120-2,short,Old King Cole,rhyme,a riverbank where willows dip into slow water,"denim blue, wheat, soft white",a shy grey rabbit with one folded ear,PENDING,NOT_STARTED,,python3 scripts/pipeline.py --ref SHT-20270120-2 --rhyme old_king_cole --format short
2027-01-20,17:00,VID-20270120-3,long,Oranges and Lemons,rhyme,a friendly red barn at the edge of a green field,"pine green, copper, bone",a tidy badger with round spectacles,PENDING,NOT_STARTED,,python3 scripts/pipeline.py --ref VID-20270120-3 --rhyme oranges_lemons --format long
2027-01-20,21:00,SHT-20270120-4,short,"Rain, Rain, Go Away",rhyme,a bright attic room full of soft toys and books,"mauve, straw, dove grey",a sleepy orange cat with a bell,PENDING,NOT_STARTED,,python3 scripts/pipeline.py --ref SHT-20270120-4 --rhyme rain_go_away --format short
2027-01-21,09:00,VID-20270121-1,long,London Bridge Is Falling Down,rhyme,a windmill on a low hill with long grass,"seafoam, coral, linen",a small red fox with a white-tipped tail,PENDING,NOT_STARTED,,python3 scripts/pipeline.py --ref VID-20270121-1 --rhyme london_bridge --format long
2027-01-21,13:00,SHT-20270121-2,short,Yankee Doodle,rhyme,a duck pond ringed with smooth grey stones,"deep indigo, soft gold, cream",a woolly lamb with a crooked fringe,PENDING,NOT_STARTED,,python3 scripts/pipeline.py --ref SHT-20270121-2 --rhyme yankee_doodle --format short
2027-01-21,17:00,VID-20270121-3,long,Hot Cross Buns,rhyme,an orchard of short apple trees in soft afternoon light,"sage green, warm terracotta, oat",a bright green frog in wellington boots,PENDING,NOT_STARTED,,python3 scripts/pipeline.py --ref VID-20270121-3 --rhyme hot_cross_buns --format long
2027-01-21,21:00,SHT-20270121-4,short,Jack Be Nimble,rhyme,a lighthouse keeper's cottage above a calm bay,"dusty blue, buttermilk, pale coral",a plump robin with a red waistcoat,PENDING,NOT_STARTED,,python3 scripts/pipeline.py --ref SHT-20270121-4 --rhyme jack_nimble --format short
2027-01-22,09:00,VID-20270122-1,long,Mary Had a Little Lamb,rhyme,"a market square with striped awnings, early morning","plum, mustard, soft grey",a spotted puppy with oversized paws,PENDING,NOT_STARTED,,python3 scripts/pipeline.py --ref VID-20270122-1 --rhyme mary_lamb --format long
2027-01-22,13:00,SHT-20270122-2,short,"Twinkle, Twinkle, Little Star",rhyme,a mossy woodland clearing with dappled sunlight,"forest green, cream, honey",a quiet grey mouse with a patchwork bag,PENDING,NOT_STARTED,,python3 scripts/pipeline.py --ref SHT-20270122-2 --rhyme twinkle --format short
2027-01-22,17:00,VID-20270122-3,long,"Row, Row, Row Your Boat",rhyme,a sandy cove with gentle waves and rock pools,"lavender, mint, warm white",a friendly goose in a straw hat,PENDING,NOT_STARTED,,python3 scripts/pipeline.py --ref VID-20270122-3 --rhyme row_row --format long
2027-01-22,21:00,SHT-20270122-4,short,Little Bo-Peep,rhyme,a greenhouse full of seedlings and watering cans,"soft teal, apricot, ivory",a small striped bumblebee with tired wings,PENDING,NOT_STARTED,,python3 scripts/pipeline.py --ref SHT-20270122-4 --rhyme bo_peep --format short
2027-01-23,09:00,VID-20270123-1,long,"Rain, Rain, Go Away",rhyme,a bakery window with warm light and round loaves,"clay pink, olive, sand",a soft grey seal pup with wide eyes,PENDING,NOT_STARTED,,python3 scripts/pipeline.py --ref VID-20270123-1 --rhyme rain_go_away --format long
2027-01-23,13:00,SHT-20270123-2,short,Cock-a-Doodle-Doo,rhyme,a wildflower field with a low stone wall,"midnight blue, silver, pale rose",a small brown wren with a bright eye,PENDING,NOT_STARTED,,python3 scripts/pipeline.py --ref SHT-20270123-2 --rhyme cock_doodle --format short
2027-01-23,17:00,VID-20270123-3,long,Lavender's Blue,rhyme,a train platform in a tiny country station,"moss green, butter yellow, chalk",a small round owl with speckled feathers,PENDING,NOT_STARTED,,python3 scripts/pipeline.py --ref VID-20270123-3 --rhyme lavenders_blue --format long
2027-01-23,21:00,SHT-20270123-4,short,Hey Diddle Diddle,rhyme,a hillside sheep pasture under drifting clouds,"russet, cream, slate blue",a patient grey donkey with long ears,PENDING,NOT_STARTED,,python3 scripts/pipeline.py --ref SHT-20270123-4 --rhyme hey_diddle --format short
2027-01-24,09:00,VID-20270124-1,long,Humpty Dumpty,rhyme,a cobbled lane with window boxes and a blue door,"periwinkle, peach, warm grey",a curious hedgehog in a knitted scarf,PENDING,NOT_STARTED,,python3 scripts/pipeline.py --ref VID-20270124-1 --rhyme humpty --format long
2027-01-24,13:00,SHT-20270124-2,short,Ding Dong Bell,rhyme,a frozen pond with soft snow on the reeds,"deep plum, sage, oatmeal","a slow, cheerful tortoise",PENDING,NOT_STARTED,,python3 scripts/pipeline.py --ref SHT-20270124-2 --rhyme ding_dong_bell --format short
2027-01-24,17:00,VID-20270124-3,long,Polly Put the Kettle On,rhyme,"a rope bridge over a shallow, sunny stream","denim blue, wheat, soft white",a fluffy duckling who hums along,PENDING,NOT_STARTED,,python3 scripts/pipeline.py --ref VID-20270124-3 --rhyme polly_kettle --format long
2027-01-24,21:00,SHT-20270124-4,short,Wee Willie Winkie,rhyme,a hay loft with warm light through the slats,"pine green, copper, bone",a gentle brown bear cub,PENDING,NOT_STARTED,,python3 scripts/pipeline.py --ref SHT-20270124-4 --rhyme wee_willie --format short
2027-01-25,09:00,VID-20270125-1,long,Pop Goes the Weasel,rhyme,a quiet hilltop meadow under a wide evening sky,"mauve, straw, dove grey",a shy grey rabbit with one folded ear,PENDING,NOT_STARTED,,python3 scripts/pipeline.py --ref VID-20270125-1 --rhyme pop_weasel --format long
2027-01-25,13:00,SHT-20270125-2,short,"Tom, Tom, the Piper's Son",rhyme,a cosy wooden treehouse with round windows,"seafoam, coral, linen",a tidy badger with round spectacles,PENDING,NOT_STARTED,,python3 scripts/pipeline.py --ref SHT-20270125-2 --rhyme tom_piper --format short
2027-01-25,17:00,VID-20270125-3,long,"Peter, Peter, Pumpkin Eater",rhyme,a small harbour where painted boats bob at their moorings,"deep indigo, soft gold, cream",a sleepy orange cat with a bell,PENDING,NOT_STARTED,,python3 scripts/pipeline.py --ref VID-20270125-3 --rhyme peter_pumpkin --format long
2027-01-25,21:00,SHT-20270125-4,short,Jack and Jill,rhyme,a sunlit kitchen garden with tall sunflowers,"sage green, warm terracotta, oat",a small red fox with a white-tipped tail,PENDING,NOT_STARTED,,python3 scripts/pipeline.py --ref SHT-20270125-4 --rhyme jack_jill --format short
2027-01-26,09:00,VID-20270126-1,long,"Pat-a-Cake, Pat-a-Cake",rhyme,a snowy village square with warm lantern light,"dusty blue, buttermilk, pale coral",a woolly lamb with a crooked fringe,PENDING,NOT_STARTED,,python3 scripts/pipeline.py --ref VID-20270126-1 --rhyme pat_a_cake --format long
2027-01-26,13:00,SHT-20270126-2,short,The Itsy Bitsy Spider,rhyme,a riverbank where willows dip into slow water,"plum, mustard, soft grey",a bright green frog in wellington boots,PENDING,NOT_STARTED,,python3 scripts/pipeline.py --ref SHT-20270126-2 --rhyme itsy_bitsy --format short
2027-01-26,17:00,VID-20270126-3,long,This Little Piggy,rhyme,a friendly red barn at the edge of a green field,"forest green, cream, honey",a plump robin with a red waistcoat,PENDING,NOT_STARTED,,python3 scripts/pipeline.py --ref VID-20270126-3 --rhyme this_piggy --format long
2027-01-26,21:00,SHT-20270126-4,short,Skip to My Lou,rhyme,a bright attic room full of soft toys and books,"lavender, mint, warm white",a spotted puppy with oversized paws,PENDING,NOT_STARTED,,python3 scripts/pipeline.py --ref SHT-20270126-4 --rhyme skip_to_lou --format short
2027-01-27,09:00,VID-20270127-1,long,Little Miss Muffet,rhyme,a windmill on a low hill with long grass,"soft teal, apricot, ivory",a quiet grey mouse with a patchwork bag,PENDING,NOT_STARTED,,python3 scripts/pipeline.py --ref VID-20270127-1 --rhyme miss_muffet --format long
2027-01-27,13:00,SHT-20270127-2,short,The Grand Old Duke of York,rhyme,a duck pond ringed with smooth grey stones,"clay pink, olive, sand",a friendly goose in a straw hat,PENDING,NOT_STARTED,,python3 scripts/pipeline.py --ref SHT-20270127-2 --rhyme duke_york --format short
2027-01-27,17:00,VID-20270127-3,long,"Tom, Tom, the Piper's Son",rhyme,an orchard of short apple trees in soft afternoon light,"midnight blue, silver, pale rose",a small striped bumblebee with tired wings,PENDING,NOT_STARTED,,python3 scripts/pipeline.py --ref VID-20270127-3 --rhyme tom_piper --format long
2027-01-27,21:00,SHT-20270127-4,short,"Pat-a-Cake, Pat-a-Cake",rhyme,a lighthouse keeper's cottage above a calm bay,"moss green, butter yellow, chalk",a soft grey seal pup with wide eyes,PENDING,NOT_STARTED,,python3 scripts/pipeline.py --ref SHT-20270127-4 --rhyme pat_a_cake --format short
2027-01-28,09:00,VID-20270128-1,long,Hey Diddle Diddle,rhyme,"a market square with striped awnings, early morning","russet, cream, slate blue",a small brown wren with a bright eye,PENDING,NOT_STARTED,,python3 scripts/pipeline.py --ref VID-20270128-1 --rhyme hey_diddle --format long
2027-01-28,13:00,SHT-20270128-2,short,Little Miss Muffet,rhyme,a mossy woodland clearing with dappled sunlight,"periwinkle, peach, warm grey",a small round owl with speckled feathers,PENDING,NOT_STARTED,,python3 scripts/pipeline.py --ref SHT-20270128-2 --rhyme miss_muffet --format short
2027-01-28,17:00,VID-20270128-3,long,Ring a Ring o' Roses,rhyme,a sandy cove with gentle waves and rock pools,"deep plum, sage, oatmeal",a patient grey donkey with long ears,PENDING,NOT_STARTED,,python3 scripts/pipeline.py --ref VID-20270128-3 --rhyme ring_roses --format long
2027-01-28,21:00,SHT-20270128-4,short,This Little Piggy,rhyme,a greenhouse full of seedlings and watering cans,"denim blue, wheat, soft white",a curious hedgehog in a knitted scarf,PENDING,NOT_STARTED,,python3 scripts/pipeline.py --ref SHT-20270128-4 --rhyme this_piggy --format short
2027-01-29,09:00,VID-20270129-1,long,Diddle Diddle Dumpling,rhyme,a bakery window with warm light and round loaves,"pine green, copper, bone","a slow, cheerful tortoise",PENDING,NOT_STARTED,,python3 scripts/pipeline.py --ref VID-20270129-1 --rhyme diddle_dumpling --format long
2027-01-29,13:00,SHT-20270129-2,short,Ring a Ring o' Roses,rhyme,a wildflower field with a low stone wall,"mauve, straw, dove grey",a fluffy duckling who hums along,PENDING,NOT_STARTED,,python3 scripts/pipeline.py --ref SHT-20270129-2 --rhyme ring_roses --format short
2027-01-29,17:00,VID-20270129-3,long,The Farmer in the Dell,rhyme,a train platform in a tiny country station,"seafoam, coral, linen",a gentle brown bear cub,PENDING,NOT_STARTED,,python3 scripts/pipeline.py --ref VID-20270129-3 --rhyme farmer_dell --format long
2027-01-29,21:00,SHT-20270129-4,short,Simple Simon,rhyme,a hillside sheep pasture under drifting clouds,"deep indigo, soft gold, cream",a shy grey rabbit with one folded ear,PENDING,NOT_STARTED,,python3 scripts/pipeline.py --ref SHT-20270129-4 --rhyme simple_simon --format short
2027-01-30,09:00,VID-20270130-1,long,Frere Jacques (Are You Sleeping?),rhyme,a cobbled lane with window boxes and a blue door,"sage green, warm terracotta, oat",a tidy badger with round spectacles,PENDING,NOT_STARTED,,python3 scripts/pipeline.py --ref VID-20270130-1 --rhyme frere_jacques --format long
2027-01-30,13:00,SHT-20270130-2,short,"Mary, Mary, Quite Contrary",rhyme,a frozen pond with soft snow on the reeds,"dusty blue, buttermilk, pale coral",a sleepy orange cat with a bell,PENDING,NOT_STARTED,,python3 scripts/pipeline.py --ref SHT-20270130-2 --rhyme mary_contrary --format short
2027-01-30,17:00,VID-20270130-3,long,"Star Light, Star Bright",rhyme,"a rope bridge over a shallow, sunny stream","plum, mustard, soft grey",a small red fox with a white-tipped tail,PENDING,NOT_STARTED,,python3 scripts/pipeline.py --ref VID-20270130-3 --rhyme star_light --format long
2027-01-30,21:00,SHT-20270130-4,short,Old MacDonald Had a Farm,rhyme,a hay loft with warm light through the slats,"forest green, cream, honey",a woolly lamb with a crooked fringe,PENDING,NOT_STARTED,,python3 scripts/pipeline.py --ref SHT-20270130-4 --rhyme old_macdonald --format short
2027-01-31,09:00,VID-20270131-1,long,Cock-a-Doodle-Doo,rhyme,a quiet hilltop meadow under a wide evening sky,"lavender, mint, warm white",a bright green frog in wellington boots,PENDING,NOT_STARTED,,python3 scripts/pipeline.py --ref VID-20270131-1 --rhyme cock_doodle --format long
2027-01-31,13:00,SHT-20270131-2,short,Curly Locks,rhyme,a cosy wooden treehouse with round windows,"soft teal, apricot, ivory",a plump robin with a red waistcoat,PENDING,NOT_STARTED,,python3 scripts/pipeline.py --ref SHT-20270131-2 --rhyme curly_locks --format short
2027-01-31,17:00,VID-20270131-3,long,Jack and Jill,rhyme,a small harbour where painted boats bob at their moorings,"clay pink, olive, sand",a spotted puppy with oversized paws,PENDING,NOT_STARTED,,python3 scripts/pipeline.py --ref VID-20270131-3 --rhyme jack_jill --format long
2027-01-31,21:00,SHT-20270131-4,short,Bobby Shafto's Gone to Sea,rhyme,a sunlit kitchen garden with tall sunflowers,"midnight blue, silver, pale rose",a quiet grey mouse with a patchwork bag,PENDING,NOT_STARTED,,python3 scripts/pipeline.py --ref SHT-20270131-4 --rhyme bobby_shafto --format short
2027-02-01,09:00,VID-20270201-1,long,"Twinkle, Twinkle, Little Star",rhyme,a snowy village square with warm lantern light,"moss green, butter yellow, chalk",a friendly goose in a straw hat,PENDING,NOT_STARTED,,python3 scripts/pipeline.py --ref VID-20270201-1 --rhyme twinkle --format long
2027-02-01,13:00,SHT-20270201-2,short,The Muffin Man,rhyme,a riverbank where willows dip into slow water,"russet, cream, slate blue",a small striped bumblebee with tired wings,PENDING,NOT_STARTED,,python3 scripts/pipeline.py --ref SHT-20270201-2 --rhyme muffin_man --format short
2027-02-01,17:00,VID-20270201-3,long,The Muffin Man,rhyme,a friendly red barn at the edge of a green field,"periwinkle, peach, warm grey",a soft grey seal pup with wide eyes,PENDING,NOT_STARTED,,python3 scripts/pipeline.py --ref VID-20270201-3 --rhyme muffin_man --format long
2027-02-01,21:00,SHT-20270201-4,short,Hickory Dickory Dock,rhyme,a bright attic room full of soft toys and books,"deep plum, sage, oatmeal",a small brown wren with a bright eye,PENDING,NOT_STARTED,,python3 scripts/pipeline.py --ref SHT-20270201-4 --rhyme hickory_dickory --format short
2027-02-02,09:00,VID-20270202-1,long,Wee Willie Winkie,rhyme,a windmill on a low hill with long grass,"denim blue, wheat, soft white",a small round owl with speckled feathers,PENDING,NOT_STARTED,,python3 scripts/pipeline.py --ref VID-20270202-1 --rhyme wee_willie --format long
2027-02-02,13:00,SHT-20270202-2,short,Lavender's Blue,rhyme,a duck pond ringed with smooth grey stones,"pine green, copper, bone",a patient grey donkey with long ears,PENDING,NOT_STARTED,,python3 scripts/pipeline.py --ref SHT-20270202-2 --rhyme lavenders_blue --format short
2027-02-02,17:00,VID-20270202-3,long,Little Bo-Peep,rhyme,an orchard of short apple trees in soft afternoon light,"mauve, straw, dove grey",a curious hedgehog in a knitted scarf,PENDING,NOT_STARTED,,python3 scripts/pipeline.py --ref VID-20270202-3 --rhyme bo_peep --format long
2027-02-02,21:00,SHT-20270202-4,short,"Baa, Baa, Black Sheep",rhyme,a lighthouse keeper's cottage above a calm bay,"seafoam, coral, linen","a slow, cheerful tortoise",PENDING,NOT_STARTED,,python3 scripts/pipeline.py --ref SHT-20270202-4 --rhyme baa_baa --format short
2027-02-03,09:00,VID-20270203-1,long,Ding Dong Bell,rhyme,"a market square with striped awnings, early morning","deep indigo, soft gold, cream",a fluffy duckling who hums along,PENDING,NOT_STARTED,,python3 scripts/pipeline.py --ref VID-20270203-1 --rhyme ding_dong_bell --format long
2027-02-03,13:00,SHT-20270203-2,short,Humpty Dumpty,rhyme,a mossy woodland clearing with dappled sunlight,"sage green, warm terracotta, oat",a gentle brown bear cub,PENDING,NOT_STARTED,,python3 scripts/pipeline.py --ref SHT-20270203-2 --rhyme humpty --format short
2027-02-03,17:00,VID-20270203-3,long,Bobby Shafto's Gone to Sea,rhyme,a sandy cove with gentle waves and rock pools,"dusty blue, buttermilk, pale coral",a shy grey rabbit with one folded ear,PENDING,NOT_STARTED,,python3 scripts/pipeline.py --ref VID-20270203-3 --rhyme bobby_shafto --format long
2027-02-03,21:00,SHT-20270203-4,short,Georgie Porgie,rhyme,a greenhouse full of seedlings and watering cans,"plum, mustard, soft grey",a tidy badger with round spectacles,PENDING,NOT_STARTED,,python3 scripts/pipeline.py --ref SHT-20270203-4 --rhyme georgie_porgie --format short
2027-02-04,09:00,VID-20270204-1,long,The Grand Old Duke of York,rhyme,a bakery window with warm light and round loaves,"forest green, cream, honey",a sleepy orange cat with a bell,PENDING,NOT_STARTED,,python3 scripts/pipeline.py --ref VID-20270204-1 --rhyme duke_york --format long
2027-02-04,13:00,SHT-20270204-2,short,"Peter, Peter, Pumpkin Eater",rhyme,a wildflower field with a low stone wall,"lavender, mint, warm white",a small red fox with a white-tipped tail,PENDING,NOT_STARTED,,python3 scripts/pipeline.py --ref SHT-20270204-2 --rhyme peter_pumpkin --format short
2027-02-04,17:00,VID-20270204-3,long,Georgie Porgie,rhyme,a train platform in a tiny country station,"soft teal, apricot, ivory",a woolly lamb with a crooked fringe,PENDING,NOT_STARTED,,python3 scripts/pipeline.py --ref VID-20270204-3 --rhyme georgie_porgie --format long
2027-02-04,21:00,SHT-20270204-4,short,There Was an Old Woman Who Lived in a Shoe,rhyme,a hillside sheep pasture under drifting clouds,"clay pink, olive, sand",a bright green frog in wellington boots,PENDING,NOT_STARTED,,python3 scripts/pipeline.py --ref SHT-20270204-4 --rhyme old_woman_shoe --format short
2027-02-05,09:00,VID-20270205-1,long,There Was an Old Woman Who Lived in a Shoe,rhyme,a cobbled lane with window boxes and a blue door,"midnight blue, silver, pale rose",a plump robin with a red waistcoat,PENDING,NOT_STARTED,,python3 scripts/pipeline.py --ref VID-20270205-1 --rhyme old_woman_shoe --format long
2027-02-05,13:00,SHT-20270205-2,short,Polly Put the Kettle On,rhyme,a frozen pond with soft snow on the reeds,"moss green, butter yellow, chalk",a spotted puppy with oversized paws,PENDING,NOT_STARTED,,python3 scripts/pipeline.py --ref SHT-20270205-2 --rhyme polly_kettle --format short
2027-02-05,17:00,VID-20270205-3,long,Yankee Doodle,rhyme,"a rope bridge over a shallow, sunny stream","russet, cream, slate blue",a quiet grey mouse with a patchwork bag,PENDING,NOT_STARTED,,python3 scripts/pipeline.py --ref VID-20270205-3 --rhyme yankee_doodle --format long
2027-02-05,21:00,SHT-20270205-4,short,Little Jack Horner,rhyme,a hay loft with warm light through the slats,"periwinkle, peach, warm grey",a friendly goose in a straw hat,PENDING,NOT_STARTED,,python3 scripts/pipeline.py --ref SHT-20270205-4 --rhyme jack_horner --format short
2027-02-06,09:00,VID-20270206-1,long,"Mary, Mary, Quite Contrary",rhyme,a quiet hilltop meadow under a wide evening sky,"deep plum, sage, oatmeal",a small striped bumblebee with tired wings,PENDING,NOT_STARTED,,python3 scripts/pipeline.py --ref VID-20270206-1 --rhyme mary_contrary --format long
2027-02-06,13:00,SHT-20270206-2,short,Hot Cross Buns,rhyme,a cosy wooden treehouse with round windows,"denim blue, wheat, soft white",a soft grey seal pup with wide eyes,PENDING,NOT_STARTED,,python3 scripts/pipeline.py --ref SHT-20270206-2 --rhyme hot_cross_buns --format short
2027-02-06,17:00,VID-20270206-3,long,The Itsy Bitsy Spider,rhyme,a small harbour where painted boats bob at their moorings,"pine green, copper, bone",a small brown wren with a bright eye,PENDING,NOT_STARTED,,python3 scripts/pipeline.py --ref VID-20270206-3 --rhyme itsy_bitsy --format long
2027-02-06,21:00,SHT-20270206-4,short,Diddle Diddle Dumpling,rhyme,a sunlit kitchen garden with tall sunflowers,"mauve, straw, dove grey",a small round owl with speckled feathers,PENDING,NOT_STARTED,,python3 scripts/pipeline.py --ref SHT-20270206-4 --rhyme diddle_dumpling --format short
2027-02-07,09:00,VID-20270207-1,long,"One, Two, Buckle My Shoe",counting,a snowy village square with warm lantern light,"seafoam, coral, linen",a patient grey donkey with long ears,PENDING,NOT_STARTED,,python3 scripts/pipeline.py --ref VID-20270207-1 --rhyme one_two_buckle --format long
2027-02-07,13:00,SHT-20270207-2,short,Three Blind Mice,rhyme,a riverbank where willows dip into slow water,"deep indigo, soft gold, cream",a curious hedgehog in a knitted scarf,PENDING,NOT_STARTED,,python3 scripts/pipeline.py --ref SHT-20270207-2 --rhyme three_mice --format short
2027-02-07,17:00,VID-20270207-3,long,Old King Cole,rhyme,a friendly red barn at the edge of a green field,"sage green, warm terracotta, oat","a slow, cheerful tortoise",PENDING,NOT_STARTED,,python3 scripts/pipeline.py --ref VID-20270207-3 --rhyme old_king_cole --format long
2027-02-07,21:00,SHT-20270207-4,short,Pop Goes the Weasel,rhyme,a bright attic room full of soft toys and books,"dusty blue, buttermilk, pale coral",a fluffy duckling who hums along,PENDING,NOT_STARTED,,python3 scripts/pipeline.py --ref SHT-20270207-4 --rhyme pop_weasel --format short
2027-02-08,09:00,VID-20270208-1,long,Simple Simon,rhyme,a windmill on a low hill with long grass,"plum, mustard, soft grey",a gentle brown bear cub,PENDING,NOT_STARTED,,python3 scripts/pipeline.py --ref VID-20270208-1 --rhyme simple_simon --format long
2027-02-08,13:00,SHT-20270208-2,short,"Row, Row, Row Your Boat",rhyme,a duck pond ringed with smooth grey stones,"forest green, cream, honey",a shy grey rabbit with one folded ear,PENDING,NOT_STARTED,,python3 scripts/pipeline.py --ref SHT-20270208-2 --rhyme row_row --format short
2027-02-08,17:00,VID-20270208-3,long,"Baa, Baa, Black Sheep",rhyme,an orchard of short apple trees in soft afternoon light,"lavender, mint, warm white",a tidy badger with round spectacles,PENDING,NOT_STARTED,,python3 scripts/pipeline.py --ref VID-20270208-3 --rhyme baa_baa --format long
2027-02-08,21:00,SHT-20270208-4,short,The Farmer in the Dell,rhyme,a lighthouse keeper's cottage above a calm bay,"soft teal, apricot, ivory",a sleepy orange cat with a bell,PENDING,NOT_STARTED,,python3 scripts/pipeline.py --ref SHT-20270208-4 --rhyme farmer_dell --format short
2027-02-09,09:00,VID-20270209-1,long,Rock-a-Bye Baby,lullaby,"a market square with striped awnings, early morning","clay pink, olive, sand",a small red fox with a white-tipped tail,PENDING,NOT_STARTED,,python3 scripts/pipeline.py --ref VID-20270209-1 --rhyme rock_a_bye --format long
2027-02-09,13:00,SHT-20270209-2,short,Mary Had a Little Lamb,rhyme,a mossy woodland clearing with dappled sunlight,"midnight blue, silver, pale rose",a woolly lamb with a crooked fringe,PENDING,NOT_STARTED,,python3 scripts/pipeline.py --ref SHT-20270209-2 --rhyme mary_lamb --format short
2027-02-09,17:00,VID-20270209-3,long,Jack Be Nimble,rhyme,a sandy cove with gentle waves and rock pools,"moss green, butter yellow, chalk",a bright green frog in wellington boots,PENDING,NOT_STARTED,,python3 scripts/pipeline.py --ref VID-20270209-3 --rhyme jack_nimble --format long
2027-02-09,21:00,SHT-20270209-4,short,"One, Two, Buckle My Shoe",counting,a greenhouse full of seedlings and watering cans,"russet, cream, slate blue",a plump robin with a red waistcoat,PENDING,NOT_STARTED,,python3 scripts/pipeline.py --ref SHT-20270209-4 --rhyme one_two_buckle --format short
2027-02-10,09:00,VID-20270210-1,long,Little Jack Horner,rhyme,a bakery window with warm light and round loaves,"periwinkle, peach, warm grey",a spotted puppy with oversized paws,PENDING,NOT_STARTED,,python3 scripts/pipeline.py --ref VID-20270210-1 --rhyme jack_horner --format long
2027-02-10,13:00,SHT-20270210-2,short,London Bridge Is Falling Down,rhyme,a wildflower field with a low stone wall,"deep plum, sage, oatmeal",a quiet grey mouse with a patchwork bag,PENDING,NOT_STARTED,,python3 scripts/pipeline.py --ref SHT-20270210-2 --rhyme london_bridge --format short
2027-02-10,17:00,VID-20270210-3,long,Hickory Dickory Dock,rhyme,a train platform in a tiny country station,"denim blue, wheat, soft white",a friendly goose in a straw hat,PENDING,NOT_STARTED,,python3 scripts/pipeline.py --ref VID-20270210-3 --rhyme hickory_dickory --format long
2027-02-10,21:00,SHT-20270210-4,short,Oranges and Lemons,rhyme,a hillside sheep pasture under drifting clouds,"pine green, copper, bone",a small striped bumblebee with tired wings,PENDING,NOT_STARTED,,python3 scripts/pipeline.py --ref SHT-20270210-4 --rhyme oranges_lemons --format short
2027-02-11,09:00,VID-20270211-1,long,Old MacDonald Had a Farm,rhyme,a cobbled lane with window boxes and a blue door,"mauve, straw, dove grey",a soft grey seal pup with wide eyes,PENDING,NOT_STARTED,,python3 scripts/pipeline.py --ref VID-20270211-1 --rhyme old_macdonald --format long
2027-02-11,13:00,SHT-20270211-2,short,"Star Light, Star Bright",rhyme,a frozen pond with soft snow on the reeds,"seafoam, coral, linen",a small brown wren with a bright eye,PENDING,NOT_STARTED,,python3 scripts/pipeline.py --ref SHT-20270211-2 --rhyme star_light --format short
2027-02-11,17:00,VID-20270211-3,long,Three Blind Mice,rhyme,"a rope bridge over a shallow, sunny stream","deep indigo, soft gold, cream",a small round owl with speckled feathers,PENDING,NOT_STARTED,,python3 scripts/pipeline.py --ref VID-20270211-3 --rhyme three_mice --format long
2027-02-11,21:00,SHT-20270211-4,short,Frere Jacques (Are You Sleeping?),rhyme,a hay loft with warm light through the slats,"sage green, warm terracotta, oat",a patient grey donkey with long ears,PENDING,NOT_STARTED,,python3 scripts/pipeline.py --ref SHT-20270211-4 --rhyme frere_jacques --format short
2027-02-12,09:00,VID-20270212-1,long,Curly Locks,rhyme,a quiet hilltop meadow under a wide evening sky,"dusty blue, buttermilk, pale coral",a curious hedgehog in a knitted scarf,PENDING,NOT_STARTED,,python3 scripts/pipeline.py --ref VID-20270212-1 --rhyme curly_locks --format long
2027-02-12,13:00,SHT-20270212-2,short,Old King Cole,rhyme,a cosy wooden treehouse with round windows,"plum, mustard, soft grey","a slow, cheerful tortoise",PENDING,NOT_STARTED,,python3 scripts/pipeline.py --ref SHT-20270212-2 --rhyme old_king_cole --format short
2027-02-12,17:00,VID-20270212-3,long,"Hush, Little Baby",lullaby,a small harbour where painted boats bob at their moorings,"forest green, cream, honey",a fluffy duckling who hums along,PENDING,NOT_STARTED,,python3 scripts/pipeline.py --ref VID-20270212-3 --rhyme hush_little_baby --format long
2027-02-12,21:00,SHT-20270212-4,short,"Rain, Rain, Go Away",rhyme,a sunlit kitchen garden with tall sunflowers,"lavender, mint, warm white",a gentle brown bear cub,PENDING,NOT_STARTED,,python3 scripts/pipeline.py --ref SHT-20270212-4 --rhyme rain_go_away --format short
2027-02-13,09:00,VID-20270213-1,long,Skip to My Lou,rhyme,a snowy village square with warm lantern light,"soft teal, apricot, ivory",a shy grey rabbit with one folded ear,PENDING,NOT_STARTED,,python3 scripts/pipeline.py --ref VID-20270213-1 --rhyme skip_to_lou --format long
2027-02-13,13:00,SHT-20270213-2,short,Yankee Doodle,rhyme,a riverbank where willows dip into slow water,"clay pink, olive, sand",a tidy badger with round spectacles,PENDING,NOT_STARTED,,python3 scripts/pipeline.py --ref SHT-20270213-2 --rhyme yankee_doodle --format short
2027-02-13,17:00,VID-20270213-3,long,Oranges and Lemons,rhyme,a friendly red barn at the edge of a green field,"midnight blue, silver, pale rose",a sleepy orange cat with a bell,PENDING,NOT_STARTED,,python3 scripts/pipeline.py --ref VID-20270213-3 --rhyme oranges_lemons --format long
2027-02-13,21:00,SHT-20270213-4,short,Jack Be Nimble,rhyme,a bright attic room full of soft toys and books,"moss green, butter yellow, chalk",a small red fox with a white-tipped tail,PENDING,NOT_STARTED,,python3 scripts/pipeline.py --ref SHT-20270213-4 --rhyme jack_nimble --format short
2027-02-14,09:00,VID-20270214-1,long,London Bridge Is Falling Down,rhyme,a windmill on a low hill with long grass,"russet, cream, slate blue",a woolly lamb with a crooked fringe,PENDING,NOT_STARTED,,python3 scripts/pipeline.py --ref VID-20270214-1 --rhyme london_bridge --format long
2027-02-14,13:00,SHT-20270214-2,short,"Twinkle, Twinkle, Little Star",rhyme,a duck pond ringed with smooth grey stones,"periwinkle, peach, warm grey",a bright green frog in wellington boots,PENDING,NOT_STARTED,,python3 scripts/pipeline.py --ref SHT-20270214-2 --rhyme twinkle --format short
2027-02-14,17:00,VID-20270214-3,long,Hot Cross Buns,rhyme,an orchard of short apple trees in soft afternoon light,"deep plum, sage, oatmeal",a plump robin with a red waistcoat,PENDING,NOT_STARTED,,python3 scripts/pipeline.py --ref VID-20270214-3 --rhyme hot_cross_buns --format long
2027-02-14,21:00,SHT-20270214-4,short,Little Bo-Peep,rhyme,a lighthouse keeper's cottage above a calm bay,"denim blue, wheat, soft white",a spotted puppy with oversized paws,PENDING,NOT_STARTED,,python3 scripts/pipeline.py --ref SHT-20270214-4 --rhyme bo_peep --format short
2027-02-15,09:00,VID-20270215-1,long,Mary Had a Little Lamb,rhyme,"a market square with striped awnings, early morning","pine green, copper, bone",a quiet grey mouse with a patchwork bag,PENDING,NOT_STARTED,,python3 scripts/pipeline.py --ref VID-20270215-1 --rhyme mary_lamb --format long
2027-02-15,13:00,SHT-20270215-2,short,Cock-a-Doodle-Doo,rhyme,a mossy woodland clearing with dappled sunlight,"mauve, straw, dove grey",a friendly goose in a straw hat,PENDING,NOT_STARTED,,python3 scripts/pipeline.py --ref SHT-20270215-2 --rhyme cock_doodle --format short
2027-02-15,17:00,VID-20270215-3,long,"Row, Row, Row Your Boat",rhyme,a sandy cove with gentle waves and rock pools,"seafoam, coral, linen",a small striped bumblebee with tired wings,PENDING,NOT_STARTED,,python3 scripts/pipeline.py --ref VID-20270215-3 --rhyme row_row --format long
2027-02-15,21:00,SHT-20270215-4,short,Hey Diddle Diddle,rhyme,a greenhouse full of seedlings and watering cans,"deep indigo, soft gold, cream",a soft grey seal pup with wide eyes,PENDING,NOT_STARTED,,python3 scripts/pipeline.py --ref SHT-20270215-4 --rhyme hey_diddle --format short
2027-02-16,09:00,VID-20270216-1,long,"Rain, Rain, Go Away",rhyme,a bakery window with warm light and round loaves,"sage green, warm terracotta, oat",a small brown wren with a bright eye,PENDING,NOT_STARTED,,python3 scripts/pipeline.py --ref VID-20270216-1 --rhyme rain_go_away --format long
2027-02-16,13:00,SHT-20270216-2,short,Ding Dong Bell,rhyme,a wildflower field with a low stone wall,"dusty blue, buttermilk, pale coral",a small round owl with speckled feathers,PENDING,NOT_STARTED,,python3 scripts/pipeline.py --ref SHT-20270216-2 --rhyme ding_dong_bell --format short
2027-02-16,17:00,VID-20270216-3,long,Lavender's Blue,rhyme,a train platform in a tiny country station,"plum, mustard, soft grey",a patient grey donkey with long ears,PENDING,NOT_STARTED,,python3 scripts/pipeline.py --ref VID-20270216-3 --rhyme lavenders_blue --format long
2027-02-16,21:00,SHT-20270216-4,short,Wee Willie Winkie,rhyme,a hillside sheep pasture under drifting clouds,"forest green, cream, honey",a curious hedgehog in a knitted scarf,PENDING,NOT_STARTED,,python3 scripts/pipeline.py --ref SHT-20270216-4 --rhyme wee_willie --format short
2027-02-17,09:00,VID-20270217-1,long,Humpty Dumpty,rhyme,a cobbled lane with window boxes and a blue door,"lavender, mint, warm white","a slow, cheerful tortoise",PENDING,NOT_STARTED,,python3 scripts/pipeline.py --ref VID-20270217-1 --rhyme humpty --format long
2027-02-17,13:00,SHT-20270217-2,short,"Tom, Tom, the Piper's Son",rhyme,a frozen pond with soft snow on the reeds,"soft teal, apricot, ivory",a fluffy duckling who hums along,PENDING,NOT_STARTED,,python3 scripts/pipeline.py --ref SHT-20270217-2 --rhyme tom_piper --format short
2027-02-17,17:00,VID-20270217-3,long,Polly Put the Kettle On,rhyme,"a rope bridge over a shallow, sunny stream","clay pink, olive, sand",a gentle brown bear cub,PENDING,NOT_STARTED,,python3 scripts/pipeline.py --ref VID-20270217-3 --rhyme polly_kettle --format long
2027-02-17,21:00,SHT-20270217-4,short,Jack and Jill,rhyme,a hay loft with warm light through the slats,"midnight blue, silver, pale rose",a shy grey rabbit with one folded ear,PENDING,NOT_STARTED,,python3 scripts/pipeline.py --ref SHT-20270217-4 --rhyme jack_jill --format short
2027-02-18,09:00,VID-20270218-1,long,Pop Goes the Weasel,rhyme,a quiet hilltop meadow under a wide evening sky,"moss green, butter yellow, chalk",a tidy badger with round spectacles,PENDING,NOT_STARTED,,python3 scripts/pipeline.py --ref VID-20270218-1 --rhyme pop_weasel --format long
2027-02-18,13:00,SHT-20270218-2,short,The Itsy Bitsy Spider,rhyme,a cosy wooden treehouse with round windows,"russet, cream, slate blue",a sleepy orange cat with a bell,PENDING,NOT_STARTED,,python3 scripts/pipeline.py --ref SHT-20270218-2 --rhyme itsy_bitsy --format short
2027-02-18,17:00,VID-20270218-3,long,"Peter, Peter, Pumpkin Eater",rhyme,a small harbour where painted boats bob at their moorings,"periwinkle, peach, warm grey",a small red fox with a white-tipped tail,PENDING,NOT_STARTED,,python3 scripts/pipeline.py --ref VID-20270218-3 --rhyme peter_pumpkin --format long
2027-02-18,21:00,SHT-20270218-4,short,Skip to My Lou,rhyme,a sunlit kitchen garden with tall sunflowers,"deep plum, sage, oatmeal",a woolly lamb with a crooked fringe,PENDING,NOT_STARTED,,python3 scripts/pipeline.py --ref SHT-20270218-4 --rhyme skip_to_lou --format short
2027-02-19,09:00,VID-20270219-1,long,"Pat-a-Cake, Pat-a-Cake",rhyme,a snowy village square with warm lantern light,"denim blue, wheat, soft white",a bright green frog in wellington boots,PENDING,NOT_STARTED,,python3 scripts/pipeline.py --ref VID-20270219-1 --rhyme pat_a_cake --format long
2027-02-19,13:00,SHT-20270219-2,short,The Grand Old Duke of York,rhyme,a riverbank where willows dip into slow water,"pine green, copper, bone",a plump robin with a red waistcoat,PENDING,NOT_STARTED,,python3 scripts/pipeline.py --ref SHT-20270219-2 --rhyme duke_york --format short
2027-02-19,17:00,VID-20270219-3,long,This Little Piggy,rhyme,a friendly red barn at the edge of a green field,"mauve, straw, dove grey",a spotted puppy with oversized paws,PENDING,NOT_STARTED,,python3 scripts/pipeline.py --ref VID-20270219-3 --rhyme this_piggy --format long
2027-02-19,21:00,SHT-20270219-4,short,"Pat-a-Cake, Pat-a-Cake",rhyme,a bright attic room full of soft toys and books,"seafoam, coral, linen",a quiet grey mouse with a patchwork bag,PENDING,NOT_STARTED,,python3 scripts/pipeline.py --ref SHT-20270219-4 --rhyme pat_a_cake --format short
2027-02-20,09:00,VID-20270220-1,long,Little Miss Muffet,rhyme,a windmill on a low hill with long grass,"deep indigo, soft gold, cream",a friendly goose in a straw hat,PENDING,NOT_STARTED,,python3 scripts/pipeline.py --ref VID-20270220-1 --rhyme miss_muffet --format long
2027-02-20,13:00,SHT-20270220-2,short,Little Miss Muffet,rhyme,a duck pond ringed with smooth grey stones,"sage green, warm terracotta, oat",a small striped bumblebee with tired wings,PENDING,NOT_STARTED,,python3 scripts/pipeline.py --ref SHT-20270220-2 --rhyme miss_muffet --format short
2027-02-20,17:00,VID-20270220-3,long,"Tom, Tom, the Piper's Son",rhyme,an orchard of short apple trees in soft afternoon light,"dusty blue, buttermilk, pale coral",a soft grey seal pup with wide eyes,PENDING,NOT_STARTED,,python3 scripts/pipeline.py --ref VID-20270220-3 --rhyme tom_piper --format long
2027-02-20,21:00,SHT-20270220-4,short,This Little Piggy,rhyme,a lighthouse keeper's cottage above a calm bay,"plum, mustard, soft grey",a small brown wren with a bright eye,PENDING,NOT_STARTED,,python3 scripts/pipeline.py --ref SHT-20270220-4 --rhyme this_piggy --format short
2027-02-21,09:00,VID-20270221-1,long,Hey Diddle Diddle,rhyme,"a market square with striped awnings, early morning","forest green, cream, honey",a small round owl with speckled feathers,PENDING,NOT_STARTED,,python3 scripts/pipeline.py --ref VID-20270221-1 --rhyme hey_diddle --format long
2027-02-21,13:00,SHT-20270221-2,short,Ring a Ring o' Roses,rhyme,a mossy woodland clearing with dappled sunlight,"lavender, mint, warm white",a patient grey donkey with long ears,PENDING,NOT_STARTED,,python3 scripts/pipeline.py --ref SHT-20270221-2 --rhyme ring_roses --format short
2027-02-21,17:00,VID-20270221-3,long,Ring a Ring o' Roses,rhyme,a sandy cove with gentle waves and rock pools,"soft teal, apricot, ivory",a curious hedgehog in a knitted scarf,PENDING,NOT_STARTED,,python3 scripts/pipeline.py --ref VID-20270221-3 --rhyme ring_roses --format long
2027-02-21,21:00,SHT-20270221-4,short,Simple Simon,rhyme,a greenhouse full of seedlings and watering cans,"clay pink, olive, sand","a slow, cheerful tortoise",PENDING,NOT_STARTED,,python3 scripts/pipeline.py --ref SHT-20270221-4 --rhyme simple_simon --format short
2027-02-22,09:00,VID-20270222-1,long,Diddle Diddle Dumpling,rhyme,a bakery window with warm light and round loaves,"midnight blue, silver, pale rose",a fluffy duckling who hums along,PENDING,NOT_STARTED,,python3 scripts/pipeline.py --ref VID-20270222-1 --rhyme diddle_dumpling --format long
2027-02-22,13:00,SHT-20270222-2,short,"Mary, Mary, Quite Contrary",rhyme,a wildflower field with a low stone wall,"moss green, butter yellow, chalk",a gentle brown bear cub,PENDING,NOT_STARTED,,python3 scripts/pipeline.py --ref SHT-20270222-2 --rhyme mary_contrary --format short
2027-02-22,17:00,VID-20270222-3,long,The Farmer in the Dell,rhyme,a train platform in a tiny country station,"russet, cream, slate blue",a shy grey rabbit with one folded ear,PENDING,NOT_STARTED,,python3 scripts/pipeline.py --ref VID-20270222-3 --rhyme farmer_dell --format long
2027-02-22,21:00,SHT-20270222-4,short,Old MacDonald Had a Farm,rhyme,a hillside sheep pasture under drifting clouds,"periwinkle, peach, warm grey",a tidy badger with round spectacles,PENDING,NOT_STARTED,,python3 scripts/pipeline.py --ref SHT-20270222-4 --rhyme old_macdonald --format short
2027-02-23,09:00,VID-20270223-1,long,Frere Jacques (Are You Sleeping?),rhyme,a cobbled lane with window boxes and a blue door,"deep plum, sage, oatmeal",a sleepy orange cat with a bell,PENDING,NOT_STARTED,,python3 scripts/pipeline.py --ref VID-20270223-1 --rhyme frere_jacques --format long
2027-02-23,13:00,SHT-20270223-2,short,Curly Locks,rhyme,a frozen pond with soft snow on the reeds,"denim blue, wheat, soft white",a small red fox with a white-tipped tail,PENDING,NOT_STARTED,,python3 scripts/pipeline.py --ref SHT-20270223-2 --rhyme curly_locks --format short
2027-02-23,17:00,VID-20270223-3,long,"Star Light, Star Bright",rhyme,"a rope bridge over a shallow, sunny stream","pine green, copper, bone",a woolly lamb with a crooked fringe,PENDING,NOT_STARTED,,python3 scripts/pipeline.py --ref VID-20270223-3 --rhyme star_light --format long
2027-02-23,21:00,SHT-20270223-4,short,Bobby Shafto's Gone to Sea,rhyme,a hay loft with warm light through the slats,"mauve, straw, dove grey",a bright green frog in wellington boots,PENDING,NOT_STARTED,,python3 scripts/pipeline.py --ref SHT-20270223-4 --rhyme bobby_shafto --format short
2027-02-24,09:00,VID-20270224-1,long,Cock-a-Doodle-Doo,rhyme,a quiet hilltop meadow under a wide evening sky,"seafoam, coral, linen",a plump robin with a red waistcoat,PENDING,NOT_STARTED,,python3 scripts/pipeline.py --ref VID-20270224-1 --rhyme cock_doodle --format long
2027-02-24,13:00,SHT-20270224-2,short,The Muffin Man,rhyme,a cosy wooden treehouse with round windows,"deep indigo, soft gold, cream",a spotted puppy with oversized paws,PENDING,NOT_STARTED,,python3 scripts/pipeline.py --ref SHT-20270224-2 --rhyme muffin_man --format short
2027-02-24,17:00,VID-20270224-3,long,Jack and Jill,rhyme,a small harbour where painted boats bob at their moorings,"sage green, warm terracotta, oat",a quiet grey mouse with a patchwork bag,PENDING,NOT_STARTED,,python3 scripts/pipeline.py --ref VID-20270224-3 --rhyme jack_jill --format long
2027-02-24,21:00,SHT-20270224-4,short,Hickory Dickory Dock,rhyme,a sunlit kitchen garden with tall sunflowers,"dusty blue, buttermilk, pale coral",a friendly goose in a straw hat,PENDING,NOT_STARTED,,python3 scripts/pipeline.py --ref SHT-20270224-4 --rhyme hickory_dickory --format short
2027-02-25,09:00,VID-20270225-1,long,"Twinkle, Twinkle, Little Star",rhyme,a snowy village square with warm lantern light,"plum, mustard, soft grey",a small striped bumblebee with tired wings,PENDING,NOT_STARTED,,python3 scripts/pipeline.py --ref VID-20270225-1 --rhyme twinkle --format long
2027-02-25,13:00,SHT-20270225-2,short,Lavender's Blue,rhyme,a riverbank where willows dip into slow water,"forest green, cream, honey",a soft grey seal pup with wide eyes,PENDING,NOT_STARTED,,python3 scripts/pipeline.py --ref SHT-20270225-2 --rhyme lavenders_blue --format short
2027-02-25,17:00,VID-20270225-3,long,The Muffin Man,rhyme,a friendly red barn at the edge of a green field,"lavender, mint, warm white",a small brown wren with a bright eye,PENDING,NOT_STARTED,,python3 scripts/pipeline.py --ref VID-20270225-3 --rhyme muffin_man --format long
2027-02-25,21:00,SHT-20270225-4,short,"Baa, Baa, Black Sheep",rhyme,a bright attic room full of soft toys and books,"soft teal, apricot, ivory",a small round owl with speckled feathers,PENDING,NOT_STARTED,,python3 scripts/pipeline.py --ref SHT-20270225-4 --rhyme baa_baa --format short
2027-02-26,09:00,VID-20270226-1,long,Wee Willie Winkie,rhyme,a windmill on a low hill with long grass,"clay pink, olive, sand",a patient grey donkey with long ears,PENDING,NOT_STARTED,,python3 scripts/pipeline.py --ref VID-20270226-1 --rhyme wee_willie --format long
2027-02-26,13:00,SHT-20270226-2,short,Humpty Dumpty,rhyme,a duck pond ringed with smooth grey stones,"midnight blue, silver, pale rose",a curious hedgehog in a knitted scarf,PENDING,NOT_STARTED,,python3 scripts/pipeline.py --ref SHT-20270226-2 --rhyme humpty --format short
2027-02-26,17:00,VID-20270226-3,long,Little Bo-Peep,rhyme,an orchard of short apple trees in soft afternoon light,"moss green, butter yellow, chalk","a slow, cheerful tortoise",PENDING,NOT_STARTED,,python3 scripts/pipeline.py --ref VID-20270226-3 --rhyme bo_peep --format long
2027-02-26,21:00,SHT-20270226-4,short,Georgie Porgie,rhyme,a lighthouse keeper's cottage above a calm bay,"russet, cream, slate blue",a fluffy duckling who hums along,PENDING,NOT_STARTED,,python3 scripts/pipeline.py --ref SHT-20270226-4 --rhyme georgie_porgie --format short
2027-02-27,09:00,VID-20270227-1,long,Ding Dong Bell,rhyme,"a market square with striped awnings, early morning","periwinkle, peach, warm grey",a gentle brown bear cub,PENDING,NOT_STARTED,,python3 scripts/pipeline.py --ref VID-20270227-1 --rhyme ding_dong_bell --format long
2027-02-27,13:00,SHT-20270227-2,short,"Peter, Peter, Pumpkin Eater",rhyme,a mossy woodland clearing with dappled sunlight,"deep plum, sage, oatmeal",a shy grey rabbit with one folded ear,PENDING,NOT_STARTED,,python3 scripts/pipeline.py --ref SHT-20270227-2 --rhyme peter_pumpkin --format short
2027-02-27,17:00,VID-20270227-3,long,Bobby Shafto's Gone to Sea,rhyme,a sandy cove with gentle waves and rock pools,"denim blue, wheat, soft white",a tidy badger with round spectacles,PENDING,NOT_STARTED,,python3 scripts/pipeline.py --ref VID-20270227-3 --rhyme bobby_shafto --format long
2027-02-27,21:00,SHT-20270227-4,short,There Was an Old Woman Who Lived in a Shoe,rhyme,a greenhouse full of seedlings and watering cans,"pine green, copper, bone",a sleepy orange cat with a bell,PENDING,NOT_STARTED,,python3 scripts/pipeline.py --ref SHT-20270227-4 --rhyme old_woman_shoe --format short
2027-02-28,09:00,VID-20270228-1,long,The Grand Old Duke of York,rhyme,a bakery window with warm light and round loaves,"mauve, straw, dove grey",a small red fox with a white-tipped tail,PENDING,NOT_STARTED,,python3 scripts/pipeline.py --ref VID-20270228-1 --rhyme duke_york --format long
2027-02-28,13:00,SHT-20270228-2,short,Polly Put the Kettle On,rhyme,a wildflower field with a low stone wall,"seafoam, coral, linen",a woolly lamb with a crooked fringe,PENDING,NOT_STARTED,,python3 scripts/pipeline.py --ref SHT-20270228-2 --rhyme polly_kettle --format short
2027-02-28,17:00,VID-20270228-3,long,Georgie Porgie,rhyme,a train platform in a tiny country station,"deep indigo, soft gold, cream",a bright green frog in wellington boots,PENDING,NOT_STARTED,,python3 scripts/pipeline.py --ref VID-20270228-3 --rhyme georgie_porgie --format long
2027-02-28,21:00,SHT-20270228-4,short,Little Jack Horner,rhyme,a hillside sheep pasture under drifting clouds,"sage green, warm terracotta, oat",a plump robin with a red waistcoat,PENDING,NOT_STARTED,,python3 scripts/pipeline.py --ref SHT-20270228-4 --rhyme jack_horner --format short
2027-03-01,09:00,VID-20270301-1,long,There Was an Old Woman Who Lived in a Shoe,rhyme,a cobbled lane with window boxes and a blue door,"dusty blue, buttermilk, pale coral",a spotted puppy with oversized paws,PENDING,NOT_STARTED,,python3 scripts/pipeline.py --ref VID-20270301-1 --rhyme old_woman_shoe --format long
2027-03-01,13:00,SHT-20270301-2,short,Hot Cross Buns,rhyme,a frozen pond with soft snow on the reeds,"plum, mustard, soft grey",a quiet grey mouse with a patchwork bag,PENDING,NOT_STARTED,,python3 scripts/pipeline.py --ref SHT-20270301-2 --rhyme hot_cross_buns --format short
2027-03-01,17:00,VID-20270301-3,long,Yankee Doodle,rhyme,"a rope bridge over a shallow, sunny stream","forest green, cream, honey",a friendly goose in a straw hat,PENDING,NOT_STARTED,,python3 scripts/pipeline.py --ref VID-20270301-3 --rhyme yankee_doodle --format long
2027-03-01,21:00,SHT-20270301-4,short,Diddle Diddle Dumpling,rhyme,a hay loft with warm light through the slats,"lavender, mint, warm white",a small striped bumblebee with tired wings,PENDING,NOT_STARTED,,python3 scripts/pipeline.py --ref SHT-20270301-4 --rhyme diddle_dumpling --format short
2027-03-02,09:00,VID-20270302-1,long,"Mary, Mary, Quite Contrary",rhyme,a quiet hilltop meadow under a wide evening sky,"soft teal, apricot, ivory",a soft grey seal pup with wide eyes,PENDING,NOT_STARTED,,python3 scripts/pipeline.py --ref VID-20270302-1 --rhyme mary_contrary --format long
2027-03-02,13:00,SHT-20270302-2,short,Three Blind Mice,rhyme,a cosy wooden treehouse with round windows,"clay pink, olive, sand",a small brown wren with a bright eye,PENDING,NOT_STARTED,,python3 scripts/pipeline.py --ref SHT-20270302-2 --rhyme three_mice --format short
2027-03-02,17:00,VID-20270302-3,long,The Itsy Bitsy Spider,rhyme,a small harbour where painted boats bob at their moorings,"midnight blue, silver, pale rose",a small round owl with speckled feathers,PENDING,NOT_STARTED,,python3 scripts/pipeline.py --ref VID-20270302-3 --rhyme itsy_bitsy --format long
2027-03-02,21:00,SHT-20270302-4,short,Pop Goes the Weasel,rhyme,a sunlit kitchen garden with tall sunflowers,"moss green, butter yellow, chalk",a patient grey donkey with long ears,PENDING,NOT_STARTED,,python3 scripts/pipeline.py --ref SHT-20270302-4 --rhyme pop_weasel --format short
2027-03-03,09:00,VID-20270303-1,long,"One, Two, Buckle My Shoe",counting,a snowy village square with warm lantern light,"russet, cream, slate blue",a curious hedgehog in a knitted scarf,PENDING,NOT_STARTED,,python3 scripts/pipeline.py --ref VID-20270303-1 --rhyme one_two_buckle --format long
2027-03-03,13:00,SHT-20270303-2,short,"Row, Row, Row Your Boat",rhyme,a riverbank where willows dip into slow water,"periwinkle, peach, warm grey","a slow, cheerful tortoise",PENDING,NOT_STARTED,,python3 scripts/pipeline.py --ref SHT-20270303-2 --rhyme row_row --format short
2027-03-03,17:00,VID-20270303-3,long,Old King Cole,rhyme,a friendly red barn at the edge of a green field,"deep plum, sage, oatmeal",a fluffy duckling who hums along,PENDING,NOT_STARTED,,python3 scripts/pipeline.py --ref VID-20270303-3 --rhyme old_king_cole --format long
2027-03-03,21:00,SHT-20270303-4,short,The Farmer in the Dell,rhyme,a bright attic room full of soft toys and books,"denim blue, wheat, soft white",a gentle brown bear cub,PENDING,NOT_STARTED,,python3 scripts/pipeline.py --ref SHT-20270303-4 --rhyme farmer_dell --format short
2027-03-04,09:00,VID-20270304-1,long,Simple Simon,rhyme,a windmill on a low hill with long grass,"pine green, copper, bone",a shy grey rabbit with one folded ear,PENDING,NOT_STARTED,,python3 scripts/pipeline.py --ref VID-20270304-1 --rhyme simple_simon --format long
2027-03-04,13:00,SHT-20270304-2,short,Mary Had a Little Lamb,rhyme,a duck pond ringed with smooth grey stones,"mauve, straw, dove grey",a tidy badger with round spectacles,PENDING,NOT_STARTED,,python3 scripts/pipeline.py --ref SHT-20270304-2 --rhyme mary_lamb --format short
2027-03-04,17:00,VID-20270304-3,long,"Baa, Baa, Black Sheep",rhyme,an orchard of short apple trees in soft afternoon light,"seafoam, coral, linen",a sleepy orange cat with a bell,PENDING,NOT_STARTED,,python3 scripts/pipeline.py --ref VID-20270304-3 --rhyme baa_baa --format long
2027-03-04,21:00,SHT-20270304-4,short,"One, Two, Buckle My Shoe",counting,a lighthouse keeper's cottage above a calm bay,"deep indigo, soft gold, cream",a small red fox with a white-tipped tail,PENDING,NOT_STARTED,,python3 scripts/pipeline.py --ref SHT-20270304-4 --rhyme one_two_buckle --format short
2027-03-05,09:00,VID-20270305-1,long,Rock-a-Bye Baby,lullaby,"a market square with striped awnings, early morning","sage green, warm terracotta, oat",a woolly lamb with a crooked fringe,PENDING,NOT_STARTED,,python3 scripts/pipeline.py --ref VID-20270305-1 --rhyme rock_a_bye --format long
2027-03-05,13:00,SHT-20270305-2,short,London Bridge Is Falling Down,rhyme,a mossy woodland clearing with dappled sunlight,"dusty blue, buttermilk, pale coral",a bright green frog in wellington boots,PENDING,NOT_STARTED,,python3 scripts/pipeline.py --ref SHT-20270305-2 --rhyme london_bridge --format short
2027-03-05,17:00,VID-20270305-3,long,Jack Be Nimble,rhyme,a sandy cove with gentle waves and rock pools,"plum, mustard, soft grey",a plump robin with a red waistcoat,PENDING,NOT_STARTED,,python3 scripts/pipeline.py --ref VID-20270305-3 --rhyme jack_nimble --format long
2027-03-05,21:00,SHT-20270305-4,short,Oranges and Lemons,rhyme,a greenhouse full of seedlings and watering cans,"forest green, cream, honey",a spotted puppy with oversized paws,PENDING,NOT_STARTED,,python3 scripts/pipeline.py --ref SHT-20270305-4 --rhyme oranges_lemons --format short
2027-03-06,09:00,VID-20270306-1,long,Little Jack Horner,rhyme,a bakery window with warm light and round loaves,"lavender, mint, warm white",a quiet grey mouse with a patchwork bag,PENDING,NOT_STARTED,,python3 scripts/pipeline.py --ref VID-20270306-1 --rhyme jack_horner --format long
2027-03-06,13:00,SHT-20270306-2,short,"Star Light, Star Bright",rhyme,a wildflower field with a low stone wall,"soft teal, apricot, ivory",a friendly goose in a straw hat,PENDING,NOT_STARTED,,python3 scripts/pipeline.py --ref SHT-20270306-2 --rhyme star_light --format short
2027-03-06,17:00,VID-20270306-3,long,Hickory Dickory Dock,rhyme,a train platform in a tiny country station,"clay pink, olive, sand",a small striped bumblebee with tired wings,PENDING,NOT_STARTED,,python3 scripts/pipeline.py --ref VID-20270306-3 --rhyme hickory_dickory --format long
2027-03-06,21:00,SHT-20270306-4,short,Frere Jacques (Are You Sleeping?),rhyme,a hillside sheep pasture under drifting clouds,"midnight blue, silver, pale rose",a soft grey seal pup with wide eyes,PENDING,NOT_STARTED,,python3 scripts/pipeline.py --ref SHT-20270306-4 --rhyme frere_jacques --format short
2027-03-07,09:00,VID-20270307-1,long,Old MacDonald Had a Farm,rhyme,a cobbled lane with window boxes and a blue door,"moss green, butter yellow, chalk",a small brown wren with a bright eye,PENDING,NOT_STARTED,,python3 scripts/pipeline.py --ref VID-20270307-1 --rhyme old_macdonald --format long
2027-03-07,13:00,SHT-20270307-2,short,Old King Cole,rhyme,a frozen pond with soft snow on the reeds,"russet, cream, slate blue",a small round owl with speckled feathers,PENDING,NOT_STARTED,,python3 scripts/pipeline.py --ref SHT-20270307-2 --rhyme old_king_cole --format short
2027-03-07,17:00,VID-20270307-3,long,Three Blind Mice,rhyme,"a rope bridge over a shallow, sunny stream","periwinkle, peach, warm grey",a patient grey donkey with long ears,PENDING,NOT_STARTED,,python3 scripts/pipeline.py --ref VID-20270307-3 --rhyme three_mice --format long
2027-03-07,21:00,SHT-20270307-4,short,"Rain, Rain, Go Away",rhyme,a hay loft with warm light through the slats,"deep plum, sage, oatmeal",a curious hedgehog in a knitted scarf,PENDING,NOT_STARTED,,python3 scripts/pipeline.py --ref SHT-20270307-4 --rhyme rain_go_away --format short
2027-03-08,09:00,VID-20270308-1,long,Curly Locks,rhyme,a quiet hilltop meadow under a wide evening sky,"denim blue, wheat, soft white","a slow, cheerful tortoise",PENDING,NOT_STARTED,,python3 scripts/pipeline.py --ref VID-20270308-1 --rhyme curly_locks --format long
2027-03-08,13:00,SHT-20270308-2,short,Yankee Doodle,rhyme,a cosy wooden treehouse with round windows,"pine green, copper, bone",a fluffy duckling who hums along,PENDING,NOT_STARTED,,python3 scripts/pipeline.py --ref SHT-20270308-2 --rhyme yankee_doodle --format short
2027-03-08,17:00,VID-20270308-3,long,"Hush, Little Baby",lullaby,a small harbour where painted boats bob at their moorings,"mauve, straw, dove grey",a gentle brown bear cub,PENDING,NOT_STARTED,,python3 scripts/pipeline.py --ref VID-20270308-3 --rhyme hush_little_baby --format long
2027-03-08,21:00,SHT-20270308-4,short,Jack Be Nimble,rhyme,a sunlit kitchen garden with tall sunflowers,"seafoam, coral, linen",a shy grey rabbit with one folded ear,PENDING,NOT_STARTED,,python3 scripts/pipeline.py --ref SHT-20270308-4 --rhyme jack_nimble --format short
2027-03-09,09:00,VID-20270309-1,long,Skip to My Lou,rhyme,a snowy village square with warm lantern light,"deep indigo, soft gold, cream",a tidy badger with round spectacles,PENDING,NOT_STARTED,,python3 scripts/pipeline.py --ref VID-20270309-1 --rhyme skip_to_lou --format long
2027-03-09,13:00,SHT-20270309-2,short,"Twinkle, Twinkle, Little Star",rhyme,a riverbank where willows dip into slow water,"sage green, warm terracotta, oat",a sleepy orange cat with a bell,PENDING,NOT_STARTED,,python3 scripts/pipeline.py --ref SHT-20270309-2 --rhyme twinkle --format short
2027-03-09,17:00,VID-20270309-3,long,Oranges and Lemons,rhyme,a friendly red barn at the edge of a green field,"dusty blue, buttermilk, pale coral",a small red fox with a white-tipped tail,PENDING,NOT_STARTED,,python3 scripts/pipeline.py --ref VID-20270309-3 --rhyme oranges_lemons --format long
2027-03-09,21:00,SHT-20270309-4,short,Little Bo-Peep,rhyme,a bright attic room full of soft toys and books,"plum, mustard, soft grey",a woolly lamb with a crooked fringe,PENDING,NOT_STARTED,,python3 scripts/pipeline.py --ref SHT-20270309-4 --rhyme bo_peep --format short
2027-03-10,09:00,VID-20270310-1,long,London Bridge Is Falling Down,rhyme,a windmill on a low hill with long grass,"forest green, cream, honey",a bright green frog in wellington boots,PENDING,NOT_STARTED,,python3 scripts/pipeline.py --ref VID-20270310-1 --rhyme london_bridge --format long
2027-03-10,13:00,SHT-20270310-2,short,Cock-a-Doodle-Doo,rhyme,a duck pond ringed with smooth grey stones,"lavender, mint, warm white",a plump robin with a red waistcoat,PENDING,NOT_STARTED,,python3 scripts/pipeline.py --ref SHT-20270310-2 --rhyme cock_doodle --format short
2027-03-10,17:00,VID-20270310-3,long,Hot Cross Buns,rhyme,an orchard of short apple trees in soft afternoon light,"soft teal, apricot, ivory",a spotted puppy with oversized paws,PENDING,NOT_STARTED,,python3 scripts/pipeline.py --ref VID-20270310-3 --rhyme hot_cross_buns --format long
2027-03-10,21:00,SHT-20270310-4,short,Hey Diddle Diddle,rhyme,a lighthouse keeper's cottage above a calm bay,"clay pink, olive, sand",a quiet grey mouse with a patchwork bag,PENDING,NOT_STARTED,,python3 scripts/pipeline.py --ref SHT-20270310-4 --rhyme hey_diddle --format short
2027-03-11,09:00,VID-20270311-1,long,Mary Had a Little Lamb,rhyme,"a market square with striped awnings, early morning","midnight blue, silver, pale rose",a friendly goose in a straw hat,PENDING,NOT_STARTED,,python3 scripts/pipeline.py --ref VID-20270311-1 --rhyme mary_lamb --format long
2027-03-11,13:00,SHT-20270311-2,short,Ding Dong Bell,rhyme,a mossy woodland clearing with dappled sunlight,"moss green, butter yellow, chalk",a small striped bumblebee with tired wings,PENDING,NOT_STARTED,,python3 scripts/pipeline.py --ref SHT-20270311-2 --rhyme ding_dong_bell --format short
2027-03-11,17:00,VID-20270311-3,long,"Row, Row, Row Your Boat",rhyme,a sandy cove with gentle waves and rock pools,"russet, cream, slate blue",a soft grey seal pup with wide eyes,PENDING,NOT_STARTED,,python3 scripts/pipeline.py --ref VID-20270311-3 --rhyme row_row --format long
2027-03-11,21:00,SHT-20270311-4,short,Wee Willie Winkie,rhyme,a greenhouse full of seedlings and watering cans,"periwinkle, peach, warm grey",a small brown wren with a bright eye,PENDING,NOT_STARTED,,python3 scripts/pipeline.py --ref SHT-20270311-4 --rhyme wee_willie --format short
2027-03-12,09:00,VID-20270312-1,long,"Rain, Rain, Go Away",rhyme,a bakery window with warm light and round loaves,"deep plum, sage, oatmeal",a small round owl with speckled feathers,PENDING,NOT_STARTED,,python3 scripts/pipeline.py --ref VID-20270312-1 --rhyme rain_go_away --format long
2027-03-12,13:00,SHT-20270312-2,short,"Tom, Tom, the Piper's Son",rhyme,a wildflower field with a low stone wall,"denim blue, wheat, soft white",a patient grey donkey with long ears,PENDING,NOT_STARTED,,python3 scripts/pipeline.py --ref SHT-20270312-2 --rhyme tom_piper --format short
2027-03-12,17:00,VID-20270312-3,long,Lavender's Blue,rhyme,a train platform in a tiny country station,"pine green, copper, bone",a curious hedgehog in a knitted scarf,PENDING,NOT_STARTED,,python3 scripts/pipeline.py --ref VID-20270312-3 --rhyme lavenders_blue --format long
2027-03-12,21:00,SHT-20270312-4,short,Jack and Jill,rhyme,a hillside sheep pasture under drifting clouds,"mauve, straw, dove grey","a slow, cheerful tortoise",PENDING,NOT_STARTED,,python3 scripts/pipeline.py --ref SHT-20270312-4 --rhyme jack_jill --format short
2027-03-13,09:00,VID-20270313-1,long,Humpty Dumpty,rhyme,a cobbled lane with window boxes and a blue door,"seafoam, coral, linen",a fluffy duckling who hums along,PENDING,NOT_STARTED,,python3 scripts/pipeline.py --ref VID-20270313-1 --rhyme humpty --format long
2027-03-13,13:00,SHT-20270313-2,short,The Itsy Bitsy Spider,rhyme,a frozen pond with soft snow on the reeds,"deep indigo, soft gold, cream",a gentle brown bear cub,PENDING,NOT_STARTED,,python3 scripts/pipeline.py --ref SHT-20270313-2 --rhyme itsy_bitsy --format short
2027-03-13,17:00,VID-20270313-3,long,Polly Put the Kettle On,rhyme,"a rope bridge over a shallow, sunny stream","sage green, warm terracotta, oat",a shy grey rabbit with one folded ear,PENDING,NOT_STARTED,,python3 scripts/pipeline.py --ref VID-20270313-3 --rhyme polly_kettle --format long
2027-03-13,21:00,SHT-20270313-4,short,Skip to My Lou,rhyme,a hay loft with warm light through the slats,"dusty blue, buttermilk, pale coral",a tidy badger with round spectacles,PENDING,NOT_STARTED,,python3 scripts/pipeline.py --ref SHT-20270313-4 --rhyme skip_to_lou --format short
2027-03-14,09:00,VID-20270314-1,long,Pop Goes the Weasel,rhyme,a quiet hilltop meadow under a wide evening sky,"plum, mustard, soft grey",a sleepy orange cat with a bell,PENDING,NOT_STARTED,,python3 scripts/pipeline.py --ref VID-20270314-1 --rhyme pop_weasel --format long
2027-03-14,13:00,SHT-20270314-2,short,The Grand Old Duke of York,rhyme,a cosy wooden treehouse with round windows,"forest green, cream, honey",a small red fox with a white-tipped tail,PENDING,NOT_STARTED,,python3 scripts/pipeline.py --ref SHT-20270314-2 --rhyme duke_york --format short
2027-03-14,17:00,VID-20270314-3,long,"Peter, Peter, Pumpkin Eater",rhyme,a small harbour where painted boats bob at their moorings,"lavender, mint, warm white",a woolly lamb with a crooked fringe,PENDING,NOT_STARTED,,python3 scripts/pipeline.py --ref VID-20270314-3 --rhyme peter_pumpkin --format long
2027-03-14,21:00,SHT-20270314-4,short,"Pat-a-Cake, Pat-a-Cake",rhyme,a sunlit kitchen garden with tall sunflowers,"soft teal, apricot, ivory",a bright green frog in wellington boots,PENDING,NOT_STARTED,,python3 scripts/pipeline.py --ref SHT-20270314-4 --rhyme pat_a_cake --format short
2027-03-15,09:00,VID-20270315-1,long,"Pat-a-Cake, Pat-a-Cake",rhyme,a snowy village square with warm lantern light,"clay pink, olive, sand",a plump robin with a red waistcoat,PENDING,NOT_STARTED,,python3 scripts/pipeline.py --ref VID-20270315-1 --rhyme pat_a_cake --format long
2027-03-15,13:00,SHT-20270315-2,short,Little Miss Muffet,rhyme,a riverbank where willows dip into slow water,"midnight blue, silver, pale rose",a spotted puppy with oversized paws,PENDING,NOT_STARTED,,python3 scripts/pipeline.py --ref SHT-20270315-2 --rhyme miss_muffet --format short
2027-03-15,17:00,VID-20270315-3,long,This Little Piggy,rhyme,a friendly red barn at the edge of a green field,"moss green, butter yellow, chalk",a quiet grey mouse with a patchwork bag,PENDING,NOT_STARTED,,python3 scripts/pipeline.py --ref VID-20270315-3 --rhyme this_piggy --format long
2027-03-15,21:00,SHT-20270315-4,short,This Little Piggy,rhyme,a bright attic room full of soft toys and books,"russet, cream, slate blue",a friendly goose in a straw hat,PENDING,NOT_STARTED,,python3 scripts/pipeline.py --ref SHT-20270315-4 --rhyme this_piggy --format short
2027-03-16,09:00,VID-20270316-1,long,Little Miss Muffet,rhyme,a windmill on a low hill with long grass,"periwinkle, peach, warm grey",a small striped bumblebee with tired wings,PENDING,NOT_STARTED,,python3 scripts/pipeline.py --ref VID-20270316-1 --rhyme miss_muffet --format long
2027-03-16,13:00,SHT-20270316-2,short,Ring a Ring o' Roses,rhyme,a duck pond ringed with smooth grey stones,"deep plum, sage, oatmeal",a soft grey seal pup with wide eyes,PENDING,NOT_STARTED,,python3 scripts/pipeline.py --ref SHT-20270316-2 --rhyme ring_roses --format short
2027-03-16,17:00,VID-20270316-3,long,"Tom, Tom, the Piper's Son",rhyme,an orchard of short apple trees in soft afternoon light,"denim blue, wheat, soft white",a small brown wren with a bright eye,PENDING,NOT_STARTED,,python3 scripts/pipeline.py --ref VID-20270316-3 --rhyme tom_piper --format long
2027-03-16,21:00,SHT-20270316-4,short,Simple Simon,rhyme,a lighthouse keeper's cottage above a calm bay,"pine green, copper, bone",a small round owl with speckled feathers,PENDING,NOT_STARTED,,python3 scripts/pipeline.py --ref SHT-20270316-4 --rhyme simple_simon --format short
2027-03-17,09:00,VID-20270317-1,long,Hey Diddle Diddle,rhyme,"a market square with striped awnings, early morning","mauve, straw, dove grey",a patient grey donkey with long ears,PENDING,NOT_STARTED,,python3 scripts/pipeline.py --ref VID-20270317-1 --rhyme hey_diddle --format long
2027-03-17,13:00,SHT-20270317-2,short,"Mary, Mary, Quite Contrary",rhyme,a mossy woodland clearing with dappled sunlight,"seafoam, coral, linen",a curious hedgehog in a knitted scarf,PENDING,NOT_STARTED,,python3 scripts/pipeline.py --ref SHT-20270317-2 --rhyme mary_contrary --format short
2027-03-17,17:00,VID-20270317-3,long,Ring a Ring o' Roses,rhyme,a sandy cove with gentle waves and rock pools,"deep indigo, soft gold, cream","a slow, cheerful tortoise",PENDING,NOT_STARTED,,python3 scripts/pipeline.py --ref VID-20270317-3 --rhyme ring_roses --format long
2027-03-17,21:00,SHT-20270317-4,short,Old MacDonald Had a Farm,rhyme,a greenhouse full of seedlings and watering cans,"sage green, warm terracotta, oat",a fluffy duckling who hums along,PENDING,NOT_STARTED,,python3 scripts/pipeline.py --ref SHT-20270317-4 --rhyme old_macdonald --format short
2027-03-18,09:00,VID-20270318-1,long,Diddle Diddle Dumpling,rhyme,a bakery window with warm light and round loaves,"dusty blue, buttermilk, pale coral",a gentle brown bear cub,PENDING,NOT_STARTED,,python3 scripts/pipeline.py --ref VID-20270318-1 --rhyme diddle_dumpling --format long
2027-03-18,13:00,SHT-20270318-2,short,Curly Locks,rhyme,a wildflower field with a low stone wall,"plum, mustard, soft grey",a shy grey rabbit with one folded ear,PENDING,NOT_STARTED,,python3 scripts/pipeline.py --ref SHT-20270318-2 --rhyme curly_locks --format short
2027-03-18,17:00,VID-20270318-3,long,The Farmer in the Dell,rhyme,a train platform in a tiny country station,"forest green, cream, honey",a tidy badger with round spectacles,PENDING,NOT_STARTED,,python3 scripts/pipeline.py --ref VID-20270318-3 --rhyme farmer_dell --format long
2027-03-18,21:00,SHT-20270318-4,short,Bobby Shafto's Gone to Sea,rhyme,a hillside sheep pasture under drifting clouds,"lavender, mint, warm white",a sleepy orange cat with a bell,PENDING,NOT_STARTED,,python3 scripts/pipeline.py --ref SHT-20270318-4 --rhyme bobby_shafto --format short
2027-03-19,09:00,VID-20270319-1,long,Frere Jacques (Are You Sleeping?),rhyme,a cobbled lane with window boxes and a blue door,"soft teal, apricot, ivory",a small red fox with a white-tipped tail,PENDING,NOT_STARTED,,python3 scripts/pipeline.py --ref VID-20270319-1 --rhyme frere_jacques --format long
2027-03-19,13:00,SHT-20270319-2,short,The Muffin Man,rhyme,a frozen pond with soft snow on the reeds,"clay pink, olive, sand",a woolly lamb with a crooked fringe,PENDING,NOT_STARTED,,python3 scripts/pipeline.py --ref SHT-20270319-2 --rhyme muffin_man --format short
2027-03-19,17:00,VID-20270319-3,long,"Star Light, Star Bright",rhyme,"a rope bridge over a shallow, sunny stream","midnight blue, silver, pale rose",a bright green frog in wellington boots,PENDING,NOT_STARTED,,python3 scripts/pipeline.py --ref VID-20270319-3 --rhyme star_light --format long
2027-03-19,21:00,SHT-20270319-4,short,Hickory Dickory Dock,rhyme,a hay loft with warm light through the slats,"moss green, butter yellow, chalk",a plump robin with a red waistcoat,PENDING,NOT_STARTED,,python3 scripts/pipeline.py --ref SHT-20270319-4 --rhyme hickory_dickory --format short
2027-03-20,09:00,VID-20270320-1,long,Cock-a-Doodle-Doo,rhyme,a quiet hilltop meadow under a wide evening sky,"russet, cream, slate blue",a spotted puppy with oversized paws,PENDING,NOT_STARTED,,python3 scripts/pipeline.py --ref VID-20270320-1 --rhyme cock_doodle --format long
2027-03-20,13:00,SHT-20270320-2,short,Lavender's Blue,rhyme,a cosy wooden treehouse with round windows,"periwinkle, peach, warm grey",a quiet grey mouse with a patchwork bag,PENDING,NOT_STARTED,,python3 scripts/pipeline.py --ref SHT-20270320-2 --rhyme lavenders_blue --format short
2027-03-20,17:00,VID-20270320-3,long,Jack and Jill,rhyme,a small harbour where painted boats bob at their moorings,"deep plum, sage, oatmeal",a friendly goose in a straw hat,PENDING,NOT_STARTED,,python3 scripts/pipeline.py --ref VID-20270320-3 --rhyme jack_jill --format long
2027-03-20,21:00,SHT-20270320-4,short,"Baa, Baa, Black Sheep",rhyme,a sunlit kitchen garden with tall sunflowers,"denim blue, wheat, soft white",a small striped bumblebee with tired wings,PENDING,NOT_STARTED,,python3 scripts/pipeline.py --ref SHT-20270320-4 --rhyme baa_baa --format short
2027-03-21,09:00,VID-20270321-1,long,"Twinkle, Twinkle, Little Star",rhyme,a snowy village square with warm lantern light,"pine green, copper, bone",a soft grey seal pup with wide eyes,PENDING,NOT_STARTED,,python3 scripts/pipeline.py --ref VID-20270321-1 --rhyme twinkle --format long
2027-03-21,13:00,SHT-20270321-2,short,Humpty Dumpty,rhyme,a riverbank where willows dip into slow water,"mauve, straw, dove grey",a small brown wren with a bright eye,PENDING,NOT_STARTED,,python3 scripts/pipeline.py --ref SHT-20270321-2 --rhyme humpty --format short
2027-03-21,17:00,VID-20270321-3,long,The Muffin Man,rhyme,a friendly red barn at the edge of a green field,"seafoam, coral, linen",a small round owl with speckled feathers,PENDING,NOT_STARTED,,python3 scripts/pipeline.py --ref VID-20270321-3 --rhyme muffin_man --format long
2027-03-21,21:00,SHT-20270321-4,short,Georgie Porgie,rhyme,a bright attic room full of soft toys and books,"deep indigo, soft gold, cream",a patient grey donkey with long ears,PENDING,NOT_STARTED,,python3 scripts/pipeline.py --ref SHT-20270321-4 --rhyme georgie_porgie --format short
2027-03-22,09:00,VID-20270322-1,long,Wee Willie Winkie,rhyme,a windmill on a low hill with long grass,"sage green, warm terracotta, oat",a curious hedgehog in a knitted scarf,PENDING,NOT_STARTED,,python3 scripts/pipeline.py --ref VID-20270322-1 --rhyme wee_willie --format long
2027-03-22,13:00,SHT-20270322-2,short,"Peter, Peter, Pumpkin Eater",rhyme,a duck pond ringed with smooth grey stones,"dusty blue, buttermilk, pale coral","a slow, cheerful tortoise",PENDING,NOT_STARTED,,python3 scripts/pipeline.py --ref SHT-20270322-2 --rhyme peter_pumpkin --format short
2027-03-22,17:00,VID-20270322-3,long,Little Bo-Peep,rhyme,an orchard of short apple trees in soft afternoon light,"plum, mustard, soft grey",a fluffy duckling who hums along,PENDING,NOT_STARTED,,python3 scripts/pipeline.py --ref VID-20270322-3 --rhyme bo_peep --format long
2027-03-22,21:00,SHT-20270322-4,short,There Was an Old Woman Who Lived in a Shoe,rhyme,a lighthouse keeper's cottage above a calm bay,"forest green, cream, honey",a gentle brown bear cub,PENDING,NOT_STARTED,,python3 scripts/pipeline.py --ref SHT-20270322-4 --rhyme old_woman_shoe --format short
2027-03-23,09:00,VID-20270323-1,long,Ding Dong Bell,rhyme,"a market square with striped awnings, early morning","lavender, mint, warm white",a shy grey rabbit with one folded ear,PENDING,NOT_STARTED,,python3 scripts/pipeline.py --ref VID-20270323-1 --rhyme ding_dong_bell --format long
2027-03-23,13:00,SHT-20270323-2,short,Polly Put the Kettle On,rhyme,a mossy woodland clearing with dappled sunlight,"soft teal, apricot, ivory",a tidy badger with round spectacles,PENDING,NOT_STARTED,,python3 scripts/pipeline.py --ref SHT-20270323-2 --rhyme polly_kettle --format short
2027-03-23,17:00,VID-20270323-3,long,Bobby Shafto's Gone to Sea,rhyme,a sandy cove with gentle waves and rock pools,"clay pink, olive, sand",a sleepy orange cat with a bell,PENDING,NOT_STARTED,,python3 scripts/pipeline.py --ref VID-20270323-3 --rhyme bobby_shafto --format long
2027-03-23,21:00,SHT-20270323-4,short,Little Jack Horner,rhyme,a greenhouse full of seedlings and watering cans,"midnight blue, silver, pale rose",a small red fox with a white-tipped tail,PENDING,NOT_STARTED,,python3 scripts/pipeline.py --ref SHT-20270323-4 --rhyme jack_horner --format short
2027-03-24,09:00,VID-20270324-1,long,The Grand Old Duke of York,rhyme,a bakery window with warm light and round loaves,"moss green, butter yellow, chalk",a woolly lamb with a crooked fringe,PENDING,NOT_STARTED,,python3 scripts/pipeline.py --ref VID-20270324-1 --rhyme duke_york --format long
2027-03-24,13:00,SHT-20270324-2,short,Hot Cross Buns,rhyme,a wildflower field with a low stone wall,"russet, cream, slate blue",a bright green frog in wellington boots,PENDING,NOT_STARTED,,python3 scripts/pipeline.py --ref SHT-20270324-2 --rhyme hot_cross_buns --format short
2027-03-24,17:00,VID-20270324-3,long,Georgie Porgie,rhyme,a train platform in a tiny country station,"periwinkle, peach, warm grey",a plump robin with a red waistcoat,PENDING,NOT_STARTED,,python3 scripts/pipeline.py --ref VID-20270324-3 --rhyme georgie_porgie --format long
2027-03-24,21:00,SHT-20270324-4,short,Diddle Diddle Dumpling,rhyme,a hillside sheep pasture under drifting clouds,"deep plum, sage, oatmeal",a spotted puppy with oversized paws,PENDING,NOT_STARTED,,python3 scripts/pipeline.py --ref SHT-20270324-4 --rhyme diddle_dumpling --format short
2027-03-25,09:00,VID-20270325-1,long,There Was an Old Woman Who Lived in a Shoe,rhyme,a cobbled lane with window boxes and a blue door,"denim blue, wheat, soft white",a quiet grey mouse with a patchwork bag,PENDING,NOT_STARTED,,python3 scripts/pipeline.py --ref VID-20270325-1 --rhyme old_woman_shoe --format long
2027-03-25,13:00,SHT-20270325-2,short,Three Blind Mice,rhyme,a frozen pond with soft snow on the reeds,"pine green, copper, bone",a friendly goose in a straw hat,PENDING,NOT_STARTED,,python3 scripts/pipeline.py --ref SHT-20270325-2 --rhyme three_mice --format short
2027-03-25,17:00,VID-20270325-3,long,Yankee Doodle,rhyme,"a rope bridge over a shallow, sunny stream","mauve, straw, dove grey",a small striped bumblebee with tired wings,PENDING,NOT_STARTED,,python3 scripts/pipeline.py --ref VID-20270325-3 --rhyme yankee_doodle --format long
2027-03-25,21:00,SHT-20270325-4,short,Pop Goes the Weasel,rhyme,a hay loft with warm light through the slats,"seafoam, coral, linen",a soft grey seal pup with wide eyes,PENDING,NOT_STARTED,,python3 scripts/pipeline.py --ref SHT-20270325-4 --rhyme pop_weasel --format short
2027-03-26,09:00,VID-20270326-1,long,"Mary, Mary, Quite Contrary",rhyme,a quiet hilltop meadow under a wide evening sky,"deep indigo, soft gold, cream",a small brown wren with a bright eye,PENDING,NOT_STARTED,,python3 scripts/pipeline.py --ref VID-20270326-1 --rhyme mary_contrary --format long
2027-03-26,13:00,SHT-20270326-2,short,"Row, Row, Row Your Boat",rhyme,a cosy wooden treehouse with round windows,"sage green, warm terracotta, oat",a small round owl with speckled feathers,PENDING,NOT_STARTED,,python3 scripts/pipeline.py --ref SHT-20270326-2 --rhyme row_row --format short
2027-03-26,17:00,VID-20270326-3,long,The Itsy Bitsy Spider,rhyme,a small harbour where painted boats bob at their moorings,"dusty blue, buttermilk, pale coral",a patient grey donkey with long ears,PENDING,NOT_STARTED,,python3 scripts/pipeline.py --ref VID-20270326-3 --rhyme itsy_bitsy --format long
2027-03-26,21:00,SHT-20270326-4,short,The Farmer in the Dell,rhyme,a sunlit kitchen garden with tall sunflowers,"plum, mustard, soft grey",a curious hedgehog in a knitted scarf,PENDING,NOT_STARTED,,python3 scripts/pipeline.py --ref SHT-20270326-4 --rhyme farmer_dell --format short
2027-03-27,09:00,VID-20270327-1,long,"One, Two, Buckle My Shoe",counting,a snowy village square with warm lantern light,"forest green, cream, honey","a slow, cheerful tortoise",PENDING,NOT_STARTED,,python3 scripts/pipeline.py --ref VID-20270327-1 --rhyme one_two_buckle --format long
2027-03-27,13:00,SHT-20270327-2,short,Mary Had a Little Lamb,rhyme,a riverbank where willows dip into slow water,"lavender, mint, warm white",a fluffy duckling who hums along,PENDING,NOT_STARTED,,python3 scripts/pipeline.py --ref SHT-20270327-2 --rhyme mary_lamb --format short
2027-03-27,17:00,VID-20270327-3,long,Old King Cole,rhyme,a friendly red barn at the edge of a green field,"soft teal, apricot, ivory",a gentle brown bear cub,PENDING,NOT_STARTED,,python3 scripts/pipeline.py --ref VID-20270327-3 --rhyme old_king_cole --format long
2027-03-27,21:00,SHT-20270327-4,short,"One, Two, Buckle My Shoe",counting,a bright attic room full of soft toys and books,"clay pink, olive, sand",a shy grey rabbit with one folded ear,PENDING,NOT_STARTED,,python3 scripts/pipeline.py --ref SHT-20270327-4 --rhyme one_two_buckle --format short
2027-03-28,09:00,VID-20270328-1,long,Simple Simon,rhyme,a windmill on a low hill with long grass,"midnight blue, silver, pale rose",a tidy badger with round spectacles,PENDING,NOT_STARTED,,python3 scripts/pipeline.py --ref VID-20270328-1 --rhyme simple_simon --format long
2027-03-28,13:00,SHT-20270328-2,short,London Bridge Is Falling Down,rhyme,a duck pond ringed with smooth grey stones,"moss green, butter yellow, chalk",a sleepy orange cat with a bell,PENDING,NOT_STARTED,,python3 scripts/pipeline.py --ref SHT-20270328-2 --rhyme london_bridge --format short
2027-03-28,17:00,VID-20270328-3,long,"Baa, Baa, Black Sheep",rhyme,an orchard of short apple trees in soft afternoon light,"russet, cream, slate blue",a small red fox with a white-tipped tail,PENDING,NOT_STARTED,,python3 scripts/pipeline.py --ref VID-20270328-3 --rhyme baa_baa --format long
2027-03-28,21:00,SHT-20270328-4,short,Oranges and Lemons,rhyme,a lighthouse keeper's cottage above a calm bay,"periwinkle, peach, warm grey",a woolly lamb with a crooked fringe,PENDING,NOT_STARTED,,python3 scripts/pipeline.py --ref SHT-20270328-4 --rhyme oranges_lemons --format short
2027-03-29,09:00,VID-20270329-1,long,Rock-a-Bye Baby,lullaby,"a market square with striped awnings, early morning","deep plum, sage, oatmeal",a bright green frog in wellington boots,PENDING,NOT_STARTED,,python3 scripts/pipeline.py --ref VID-20270329-1 --rhyme rock_a_bye --format long
2027-03-29,13:00,SHT-20270329-2,short,"Star Light, Star Bright",rhyme,a mossy woodland clearing with dappled sunlight,"denim blue, wheat, soft white",a plump robin with a red waistcoat,PENDING,NOT_STARTED,,python3 scripts/pipeline.py --ref SHT-20270329-2 --rhyme star_light --format short
2027-03-29,17:00,VID-20270329-3,long,Jack Be Nimble,rhyme,a sandy cove with gentle waves and rock pools,"pine green, copper, bone",a spotted puppy with oversized paws,PENDING,NOT_STARTED,,python3 scripts/pipeline.py --ref VID-20270329-3 --rhyme jack_nimble --format long
2027-03-29,21:00,SHT-20270329-4,short,Frere Jacques (Are You Sleeping?),rhyme,a greenhouse full of seedlings and watering cans,"mauve, straw, dove grey",a quiet grey mouse with a patchwork bag,PENDING,NOT_STARTED,,python3 scripts/pipeline.py --ref SHT-20270329-4 --rhyme frere_jacques --format short
2027-03-30,09:00,VID-20270330-1,long,Little Jack Horner,rhyme,a bakery window with warm light and round loaves,"seafoam, coral, linen",a friendly goose in a straw hat,PENDING,NOT_STARTED,,python3 scripts/pipeline.py --ref VID-20270330-1 --rhyme jack_horner --format long
2027-03-30,13:00,SHT-20270330-2,short,Old King Cole,rhyme,a wildflower field with a low stone wall,"deep indigo, soft gold, cream",a small striped bumblebee with tired wings,PENDING,NOT_STARTED,,python3 scripts/pipeline.py --ref SHT-20270330-2 --rhyme old_king_cole --format short
2027-03-30,17:00,VID-20270330-3,long,Hickory Dickory Dock,rhyme,a train platform in a tiny country station,"sage green, warm terracotta, oat",a soft grey seal pup with wide eyes,PENDING,NOT_STARTED,,python3 scripts/pipeline.py --ref VID-20270330-3 --rhyme hickory_dickory --format long
2027-03-30,21:00,SHT-20270330-4,short,"Rain, Rain, Go Away",rhyme,a hillside sheep pasture under drifting clouds,"dusty blue, buttermilk, pale coral",a small brown wren with a bright eye,PENDING,NOT_STARTED,,python3 scripts/pipeline.py --ref SHT-20270330-4 --rhyme rain_go_away --format short
2027-03-31,09:00,VID-20270331-1,long,Old MacDonald Had a Farm,rhyme,a cobbled lane with window boxes and a blue door,"plum, mustard, soft grey",a small round owl with speckled feathers,PENDING,NOT_STARTED,,python3 scripts/pipeline.py --ref VID-20270331-1 --rhyme old_macdonald --format long
2027-03-31,13:00,SHT-20270331-2,short,Yankee Doodle,rhyme,a frozen pond with soft snow on the reeds,"forest green, cream, honey",a patient grey donkey with long ears,PENDING,NOT_STARTED,,python3 scripts/pipeline.py --ref SHT-20270331-2 --rhyme yankee_doodle --format short
2027-03-31,17:00,VID-20270331-3,long,Three Blind Mice,rhyme,"a rope bridge over a shallow, sunny stream","lavender, mint, warm white",a curious hedgehog in a knitted scarf,PENDING,NOT_STARTED,,python3 scripts/pipeline.py --ref VID-20270331-3 --rhyme three_mice --format long
2027-03-31,21:00,SHT-20270331-4,short,Jack Be Nimble,rhyme,a hay loft with warm light through the slats,"soft teal, apricot, ivory","a slow, cheerful tortoise",PENDING,NOT_STARTED,,python3 scripts/pipeline.py --ref SHT-20270331-4 --rhyme jack_nimble --format short
2027-04-01,09:00,VID-20270401-1,long,Curly Locks,rhyme,a quiet hilltop meadow under a wide evening sky,"clay pink, olive, sand",a fluffy duckling who hums along,PENDING,NOT_STARTED,,python3 scripts/pipeline.py --ref VID-20270401-1 --rhyme curly_locks --format long
2027-04-01,13:00,SHT-20270401-2,short,"Twinkle, Twinkle, Little Star",rhyme,a cosy wooden treehouse with round windows,"midnight blue, silver, pale rose",a gentle brown bear cub,PENDING,NOT_STARTED,,python3 scripts/pipeline.py --ref SHT-20270401-2 --rhyme twinkle --format short
2027-04-01,17:00,VID-20270401-3,long,"Hush, Little Baby",lullaby,a small harbour where painted boats bob at their moorings,"moss green, butter yellow, chalk",a shy grey rabbit with one folded ear,PENDING,NOT_STARTED,,python3 scripts/pipeline.py --ref VID-20270401-3 --rhyme hush_little_baby --format long
2027-04-01,21:00,SHT-20270401-4,short,Little Bo-Peep,rhyme,a sunlit kitchen garden with tall sunflowers,"russet, cream, slate blue",a tidy badger with round spectacles,PENDING,NOT_STARTED,,python3 scripts/pipeline.py --ref SHT-20270401-4 --rhyme bo_peep --format short
2027-04-02,09:00,VID-20270402-1,long,Skip to My Lou,rhyme,a snowy village square with warm lantern light,"periwinkle, peach, warm grey",a sleepy orange cat with a bell,PENDING,NOT_STARTED,,python3 scripts/pipeline.py --ref VID-20270402-1 --rhyme skip_to_lou --format long
2027-04-02,13:00,SHT-20270402-2,short,Cock-a-Doodle-Doo,rhyme,a riverbank where willows dip into slow water,"deep plum, sage, oatmeal",a small red fox with a white-tipped tail,PENDING,NOT_STARTED,,python3 scripts/pipeline.py --ref SHT-20270402-2 --rhyme cock_doodle --format short
2027-04-02,17:00,VID-20270402-3,long,Oranges and Lemons,rhyme,a friendly red barn at the edge of a green field,"denim blue, wheat, soft white",a woolly lamb with a crooked fringe,PENDING,NOT_STARTED,,python3 scripts/pipeline.py --ref VID-20270402-3 --rhyme oranges_lemons --format long
2027-04-02,21:00,SHT-20270402-4,short,Hey Diddle Diddle,rhyme,a bright attic room full of soft toys and books,"pine green, copper, bone",a bright green frog in wellington boots,PENDING,NOT_STARTED,,python3 scripts/pipeline.py --ref SHT-20270402-4 --rhyme hey_diddle --format short
2027-04-03,09:00,VID-20270403-1,long,London Bridge Is Falling Down,rhyme,a windmill on a low hill with long grass,"mauve, straw, dove grey",a plump robin with a red waistcoat,PENDING,NOT_STARTED,,python3 scripts/pipeline.py --ref VID-20270403-1 --rhyme london_bridge --format long
2027-04-03,13:00,SHT-20270403-2,short,Ding Dong Bell,rhyme,a duck pond ringed with smooth grey stones,"seafoam, coral, linen",a spotted puppy with oversized paws,PENDING,NOT_STARTED,,python3 scripts/pipeline.py --ref SHT-20270403-2 --rhyme ding_dong_bell --format short
2027-04-03,17:00,VID-20270403-3,long,Hot Cross Buns,rhyme,an orchard of short apple trees in soft afternoon light,"deep indigo, soft gold, cream",a quiet grey mouse with a patchwork bag,PENDING,NOT_STARTED,,python3 scripts/pipeline.py --ref VID-20270403-3 --rhyme hot_cross_buns --format long
2027-04-03,21:00,SHT-20270403-4,short,Wee Willie Winkie,rhyme,a lighthouse keeper's cottage above a calm bay,"sage green, warm terracotta, oat",a friendly goose in a straw hat,PENDING,NOT_STARTED,,python3 scripts/pipeline.py --ref SHT-20270403-4 --rhyme wee_willie --format short
2027-04-04,09:00,VID-20270404-1,long,Mary Had a Little Lamb,rhyme,"a market square with striped awnings, early morning","dusty blue, buttermilk, pale coral",a small striped bumblebee with tired wings,PENDING,NOT_STARTED,,python3 scripts/pipeline.py --ref VID-20270404-1 --rhyme mary_lamb --format long
2027-04-04,13:00,SHT-20270404-2,short,"Tom, Tom, the Piper's Son",rhyme,a mossy woodland clearing with dappled sunlight,"plum, mustard, soft grey",a soft grey seal pup with wide eyes,PENDING,NOT_STARTED,,python3 scripts/pipeline.py --ref SHT-20270404-2 --rhyme tom_piper --format short
2027-04-04,17:00,VID-20270404-3,long,"Row, Row, Row Your Boat",rhyme,a sandy cove with gentle waves and rock pools,"forest green, cream, honey",a small brown wren with a bright eye,PENDING,NOT_STARTED,,python3 scripts/pipeline.py --ref VID-20270404-3 --rhyme row_row --format long
2027-04-04,21:00,SHT-20270404-4,short,Jack and Jill,rhyme,a greenhouse full of seedlings and watering cans,"lavender, mint, warm white",a small round owl with speckled feathers,PENDING,NOT_STARTED,,python3 scripts/pipeline.py --ref SHT-20270404-4 --rhyme jack_jill --format short
2027-04-05,09:00,VID-20270405-1,long,"Rain, Rain, Go Away",rhyme,a bakery window with warm light and round loaves,"soft teal, apricot, ivory",a patient grey donkey with long ears,PENDING,NOT_STARTED,,python3 scripts/pipeline.py --ref VID-20270405-1 --rhyme rain_go_away --format long
2027-04-05,13:00,SHT-20270405-2,short,The Itsy Bitsy Spider,rhyme,a wildflower field with a low stone wall,"clay pink, olive, sand",a curious hedgehog in a knitted scarf,PENDING,NOT_STARTED,,python3 scripts/pipeline.py --ref SHT-20270405-2 --rhyme itsy_bitsy --format short
2027-04-05,17:00,VID-20270405-3,long,Lavender's Blue,rhyme,a train platform in a tiny country station,"midnight blue, silver, pale rose","a slow, cheerful tortoise",PENDING,NOT_STARTED,,python3 scripts/pipeline.py --ref VID-20270405-3 --rhyme lavenders_blue --format long
2027-04-05,21:00,SHT-20270405-4,short,Skip to My Lou,rhyme,a hillside sheep pasture under drifting clouds,"moss green, butter yellow, chalk",a fluffy duckling who hums along,PENDING,NOT_STARTED,,python3 scripts/pipeline.py --ref SHT-20270405-4 --rhyme skip_to_lou --format short
2027-04-06,09:00,VID-20270406-1,long,Humpty Dumpty,rhyme,a cobbled lane with window boxes and a blue door,"russet, cream, slate blue",a gentle brown bear cub,PENDING,NOT_STARTED,,python3 scripts/pipeline.py --ref VID-20270406-1 --rhyme humpty --format long
2027-04-06,13:00,SHT-20270406-2,short,The Grand Old Duke of York,rhyme,a frozen pond with soft snow on the reeds,"periwinkle, peach, warm grey",a shy grey rabbit with one folded ear,PENDING,NOT_STARTED,,python3 scripts/pipeline.py --ref SHT-20270406-2 --rhyme duke_york --format short
2027-04-06,17:00,VID-20270406-3,long,Polly Put the Kettle On,rhyme,"a rope bridge over a shallow, sunny stream","deep plum, sage, oatmeal",a tidy badger with round spectacles,PENDING,NOT_STARTED,,python3 scripts/pipeline.py --ref VID-20270406-3 --rhyme polly_kettle --format long
2027-04-06,21:00,SHT-20270406-4,short,"Pat-a-Cake, Pat-a-Cake",rhyme,a hay loft with warm light through the slats,"denim blue, wheat, soft white",a sleepy orange cat with a bell,PENDING,NOT_STARTED,,python3 scripts/pipeline.py --ref SHT-20270406-4 --rhyme pat_a_cake --format short
2027-04-07,09:00,VID-20270407-1,long,Pop Goes the Weasel,rhyme,a quiet hilltop meadow under a wide evening sky,"pine green, copper, bone",a small red fox with a white-tipped tail,PENDING,NOT_STARTED,,python3 scripts/pipeline.py --ref VID-20270407-1 --rhyme pop_weasel --format long
2027-04-07,13:00,SHT-20270407-2,short,Little Miss Muffet,rhyme,a cosy wooden treehouse with round windows,"mauve, straw, dove grey",a woolly lamb with a crooked fringe,PENDING,NOT_STARTED,,python3 scripts/pipeline.py --ref SHT-20270407-2 --rhyme miss_muffet --format short
2027-04-07,17:00,VID-20270407-3,long,"Peter, Peter, Pumpkin Eater",rhyme,a small harbour where painted boats bob at their moorings,"seafoam, coral, linen",a bright green frog in wellington boots,PENDING,NOT_STARTED,,python3 scripts/pipeline.py --ref VID-20270407-3 --rhyme peter_pumpkin --format long
2027-04-07,21:00,SHT-20270407-4,short,This Little Piggy,rhyme,a sunlit kitchen garden with tall sunflowers,"deep indigo, soft gold, cream",a plump robin with a red waistcoat,PENDING,NOT_STARTED,,python3 scripts/pipeline.py --ref SHT-20270407-4 --rhyme this_piggy --format short
2027-04-08,09:00,VID-20270408-1,long,"Pat-a-Cake, Pat-a-Cake",rhyme,a snowy village square with warm lantern light,"sage green, warm terracotta, oat",a spotted puppy with oversized paws,PENDING,NOT_STARTED,,python3 scripts/pipeline.py --ref VID-20270408-1 --rhyme pat_a_cake --format long
2027-04-08,13:00,SHT-20270408-2,short,Ring a Ring o' Roses,rhyme,a riverbank where willows dip into slow water,"dusty blue, buttermilk, pale coral",a quiet grey mouse with a patchwork bag,PENDING,NOT_STARTED,,python3 scripts/pipeline.py --ref SHT-20270408-2 --rhyme ring_roses --format short
2027-04-08,17:00,VID-20270408-3,long,This Little Piggy,rhyme,a friendly red barn at the edge of a green field,"plum, mustard, soft grey",a friendly goose in a straw hat,PENDING,NOT_STARTED,,python3 scripts/pipeline.py --ref VID-20270408-3 --rhyme this_piggy --format long
2027-04-08,21:00,SHT-20270408-4,short,Simple Simon,rhyme,a bright attic room full of soft toys and books,"forest green, cream, honey",a small striped bumblebee with tired wings,PENDING,NOT_STARTED,,python3 scripts/pipeline.py --ref SHT-20270408-4 --rhyme simple_simon --format short
2027-04-09,09:00,VID-20270409-1,long,Little Miss Muffet,rhyme,a windmill on a low hill with long grass,"lavender, mint, warm white",a soft grey seal pup with wide eyes,PENDING,NOT_STARTED,,python3 scripts/pipeline.py --ref VID-20270409-1 --rhyme miss_muffet --format long
2027-04-09,13:00,SHT-20270409-2,short,"Mary, Mary, Quite Contrary",rhyme,a duck pond ringed with smooth grey stones,"soft teal, apricot, ivory",a small brown wren with a bright eye,PENDING,NOT_STARTED,,python3 scripts/pipeline.py --ref SHT-20270409-2 --rhyme mary_contrary --format short
2027-04-09,17:00,VID-20270409-3,long,"Tom, Tom, the Piper's Son",rhyme,an orchard of short apple trees in soft afternoon light,"clay pink, olive, sand",a small round owl with speckled feathers,PENDING,NOT_STARTED,,python3 scripts/pipeline.py --ref VID-20270409-3 --rhyme tom_piper --format long
2027-04-09,21:00,SHT-20270409-4,short,Old MacDonald Had a Farm,rhyme,a lighthouse keeper's cottage above a calm bay,"midnight blue, silver, pale rose",a patient grey donkey with long ears,PENDING,NOT_STARTED,,python3 scripts/pipeline.py --ref SHT-20270409-4 --rhyme old_macdonald --format short
2027-04-10,09:00,VID-20270410-1,long,Hey Diddle Diddle,rhyme,"a market square with striped awnings, early morning","moss green, butter yellow, chalk",a curious hedgehog in a knitted scarf,PENDING,NOT_STARTED,,python3 scripts/pipeline.py --ref VID-20270410-1 --rhyme hey_diddle --format long
2027-04-10,13:00,SHT-20270410-2,short,Curly Locks,rhyme,a mossy woodland clearing with dappled sunlight,"russet, cream, slate blue","a slow, cheerful tortoise",PENDING,NOT_STARTED,,python3 scripts/pipeline.py --ref SHT-20270410-2 --rhyme curly_locks --format short
2027-04-10,17:00,VID-20270410-3,long,Ring a Ring o' Roses,rhyme,a sandy cove with gentle waves and rock pools,"periwinkle, peach, warm grey",a fluffy duckling who hums along,PENDING,NOT_STARTED,,python3 scripts/pipeline.py --ref VID-20270410-3 --rhyme ring_roses --format long
2027-04-10,21:00,SHT-20270410-4,short,Bobby Shafto's Gone to Sea,rhyme,a greenhouse full of seedlings and watering cans,"deep plum, sage, oatmeal",a gentle brown bear cub,PENDING,NOT_STARTED,,python3 scripts/pipeline.py --ref SHT-20270410-4 --rhyme bobby_shafto --format short
2027-04-11,09:00,VID-20270411-1,long,Diddle Diddle Dumpling,rhyme,a bakery window with warm light and round loaves,"denim blue, wheat, soft white",a shy grey rabbit with one folded ear,PENDING,NOT_STARTED,,python3 scripts/pipeline.py --ref VID-20270411-1 --rhyme diddle_dumpling --format long
2027-04-11,13:00,SHT-20270411-2,short,The Muffin Man,rhyme,a wildflower field with a low stone wall,"pine green, copper, bone",a tidy badger with round spectacles,PENDING,NOT_STARTED,,python3 scripts/pipeline.py --ref SHT-20270411-2 --rhyme muffin_man --format short
2027-04-11,17:00,VID-20270411-3,long,The Farmer in the Dell,rhyme,a train platform in a tiny country station,"mauve, straw, dove grey",a sleepy orange cat with a bell,PENDING,NOT_STARTED,,python3 scripts/pipeline.py --ref VID-20270411-3 --rhyme farmer_dell --format long
2027-04-11,21:00,SHT-20270411-4,short,Hickory Dickory Dock,rhyme,a hillside sheep pasture under drifting clouds,"seafoam, coral, linen",a small red fox with a white-tipped tail,PENDING,NOT_STARTED,,python3 scripts/pipeline.py --ref SHT-20270411-4 --rhyme hickory_dickory --format short
2027-04-12,09:00,VID-20270412-1,long,Frere Jacques (Are You Sleeping?),rhyme,a cobbled lane with window boxes and a blue door,"deep indigo, soft gold, cream",a woolly lamb with a crooked fringe,PENDING,NOT_STARTED,,python3 scripts/pipeline.py --ref VID-20270412-1 --rhyme frere_jacques --format long
2027-04-12,13:00,SHT-20270412-2,short,Lavender's Blue,rhyme,a frozen pond with soft snow on the reeds,"sage green, warm terracotta, oat",a bright green frog in wellington boots,PENDING,NOT_STARTED,,python3 scripts/pipeline.py --ref SHT-20270412-2 --rhyme lavenders_blue --format short
2027-04-12,17:00,VID-20270412-3,long,"Star Light, Star Bright",rhyme,"a rope bridge over a shallow, sunny stream","dusty blue, buttermilk, pale coral",a plump robin with a red waistcoat,PENDING,NOT_STARTED,,python3 scripts/pipeline.py --ref VID-20270412-3 --rhyme star_light --format long
2027-04-12,21:00,SHT-20270412-4,short,"Baa, Baa, Black Sheep",rhyme,a hay loft with warm light through the slats,"plum, mustard, soft grey",a spotted puppy with oversized paws,PENDING,NOT_STARTED,,python3 scripts/pipeline.py --ref SHT-20270412-4 --rhyme baa_baa --format short
2027-04-13,09:00,VID-20270413-1,long,Cock-a-Doodle-Doo,rhyme,a quiet hilltop meadow under a wide evening sky,"forest green, cream, honey",a quiet grey mouse with a patchwork bag,PENDING,NOT_STARTED,,python3 scripts/pipeline.py --ref VID-20270413-1 --rhyme cock_doodle --format long
2027-04-13,13:00,SHT-20270413-2,short,Humpty Dumpty,rhyme,a cosy wooden treehouse with round windows,"lavender, mint, warm white",a friendly goose in a straw hat,PENDING,NOT_STARTED,,python3 scripts/pipeline.py --ref SHT-20270413-2 --rhyme humpty --format short
2027-04-13,17:00,VID-20270413-3,long,Jack and Jill,rhyme,a small harbour where painted boats bob at their moorings,"soft teal, apricot, ivory",a small striped bumblebee with tired wings,PENDING,NOT_STARTED,,python3 scripts/pipeline.py --ref VID-20270413-3 --rhyme jack_jill --format long
2027-04-13,21:00,SHT-20270413-4,short,Georgie Porgie,rhyme,a sunlit kitchen garden with tall sunflowers,"clay pink, olive, sand",a soft grey seal pup with wide eyes,PENDING,NOT_STARTED,,python3 scripts/pipeline.py --ref SHT-20270413-4 --rhyme georgie_porgie --format short
2027-04-14,09:00,VID-20270414-1,long,"Twinkle, Twinkle, Little Star",rhyme,a snowy village square with warm lantern light,"midnight blue, silver, pale rose",a small brown wren with a bright eye,PENDING,NOT_STARTED,,python3 scripts/pipeline.py --ref VID-20270414-1 --rhyme twinkle --format long
2027-04-14,13:00,SHT-20270414-2,short,"Peter, Peter, Pumpkin Eater",rhyme,a riverbank where willows dip into slow water,"moss green, butter yellow, chalk",a small round owl with speckled feathers,PENDING,NOT_STARTED,,python3 scripts/pipeline.py --ref SHT-20270414-2 --rhyme peter_pumpkin --format short
2027-04-14,17:00,VID-20270414-3,long,The Muffin Man,rhyme,a friendly red barn at the edge of a green field,"russet, cream, slate blue",a patient grey donkey with long ears,PENDING,NOT_STARTED,,python3 scripts/pipeline.py --ref VID-20270414-3 --rhyme muffin_man --format long
2027-04-14,21:00,SHT-20270414-4,short,There Was an Old Woman Who Lived in a Shoe,rhyme,a bright attic room full of soft toys and books,"periwinkle, peach, warm grey",a curious hedgehog in a knitted scarf,PENDING,NOT_STARTED,,python3 scripts/pipeline.py --ref SHT-20270414-4 --rhyme old_woman_shoe --format short
2027-04-15,09:00,VID-20270415-1,long,Wee Willie Winkie,rhyme,a windmill on a low hill with long grass,"deep plum, sage, oatmeal","a slow, cheerful tortoise",PENDING,NOT_STARTED,,python3 scripts/pipeline.py --ref VID-20270415-1 --rhyme wee_willie --format long
2027-04-15,13:00,SHT-20270415-2,short,Polly Put the Kettle On,rhyme,a duck pond ringed with smooth grey stones,"denim blue, wheat, soft white",a fluffy duckling who hums along,PENDING,NOT_STARTED,,python3 scripts/pipeline.py --ref SHT-20270415-2 --rhyme polly_kettle --format short
2027-04-15,17:00,VID-20270415-3,long,Little Bo-Peep,rhyme,an orchard of short apple trees in soft afternoon light,"pine green, copper, bone",a gentle brown bear cub,PENDING,NOT_STARTED,,python3 scripts/pipeline.py --ref VID-20270415-3 --rhyme bo_peep --format long
2027-04-15,21:00,SHT-20270415-4,short,Little Jack Horner,rhyme,a lighthouse keeper's cottage above a calm bay,"mauve, straw, dove grey",a shy grey rabbit with one folded ear,PENDING,NOT_STARTED,,python3 scripts/pipeline.py --ref SHT-20270415-4 --rhyme jack_horner --format short
2027-04-16,09:00,VID-20270416-1,long,Ding Dong Bell,rhyme,"a market square with striped awnings, early morning","seafoam, coral, linen",a tidy badger with round spectacles,PENDING,NOT_STARTED,,python3 scripts/pipeline.py --ref VID-20270416-1 --rhyme ding_dong_bell --format long
2027-04-16,13:00,SHT-20270416-2,short,Hot Cross Buns,rhyme,a mossy woodland clearing with dappled sunlight,"deep indigo, soft gold, cream",a sleepy orange cat with a bell,PENDING,NOT_STARTED,,python3 scripts/pipeline.py --ref SHT-20270416-2 --rhyme hot_cross_buns --format short
2027-04-16,17:00,VID-20270416-3,long,Bobby Shafto's Gone to Sea,rhyme,a sandy cove with gentle waves and rock pools,"sage green, warm terracotta, oat",a small red fox with a white-tipped tail,PENDING,NOT_STARTED,,python3 scripts/pipeline.py --ref VID-20270416-3 --rhyme bobby_shafto --format long
2027-04-16,21:00,SHT-20270416-4,short,Diddle Diddle Dumpling,rhyme,a greenhouse full of seedlings and watering cans,"dusty blue, buttermilk, pale coral",a woolly lamb with a crooked fringe,PENDING,NOT_STARTED,,python3 scripts/pipeline.py --ref SHT-20270416-4 --rhyme diddle_dumpling --format short
2027-04-17,09:00,VID-20270417-1,long,The Grand Old Duke of York,rhyme,a bakery window with warm light and round loaves,"plum, mustard, soft grey",a bright green frog in wellington boots,PENDING,NOT_STARTED,,python3 scripts/pipeline.py --ref VID-20270417-1 --rhyme duke_york --format long
2027-04-17,13:00,SHT-20270417-2,short,Three Blind Mice,rhyme,a wildflower field with a low stone wall,"forest green, cream, honey",a plump robin with a red waistcoat,PENDING,NOT_STARTED,,python3 scripts/pipeline.py --ref SHT-20270417-2 --rhyme three_mice --format short
2027-04-17,17:00,VID-20270417-3,long,Georgie Porgie,rhyme,a train platform in a tiny country station,"lavender, mint, warm white",a spotted puppy with oversized paws,PENDING,NOT_STARTED,,python3 scripts/pipeline.py --ref VID-20270417-3 --rhyme georgie_porgie --format long
2027-04-17,21:00,SHT-20270417-4,short,Pop Goes the Weasel,rhyme,a hillside sheep pasture under drifting clouds,"soft teal, apricot, ivory",a quiet grey mouse with a patchwork bag,PENDING,NOT_STARTED,,python3 scripts/pipeline.py --ref SHT-20270417-4 --rhyme pop_weasel --format short
2027-04-18,09:00,VID-20270418-1,long,There Was an Old Woman Who Lived in a Shoe,rhyme,a cobbled lane with window boxes and a blue door,"clay pink, olive, sand",a friendly goose in a straw hat,PENDING,NOT_STARTED,,python3 scripts/pipeline.py --ref VID-20270418-1 --rhyme old_woman_shoe --format long
2027-04-18,13:00,SHT-20270418-2,short,"Row, Row, Row Your Boat",rhyme,a frozen pond with soft snow on the reeds,"midnight blue, silver, pale rose",a small striped bumblebee with tired wings,PENDING,NOT_STARTED,,python3 scripts/pipeline.py --ref SHT-20270418-2 --rhyme row_row --format short
2027-04-18,17:00,VID-20270418-3,long,Yankee Doodle,rhyme,"a rope bridge over a shallow, sunny stream","moss green, butter yellow, chalk",a soft grey seal pup with wide eyes,PENDING,NOT_STARTED,,python3 scripts/pipeline.py --ref VID-20270418-3 --rhyme yankee_doodle --format long
2027-04-18,21:00,SHT-20270418-4,short,The Farmer in the Dell,rhyme,a hay loft with warm light through the slats,"russet, cream, slate blue",a small brown wren with a bright eye,PENDING,NOT_STARTED,,python3 scripts/pipeline.py --ref SHT-20270418-4 --rhyme farmer_dell --format short
2027-04-19,09:00,VID-20270419-1,long,"Mary, Mary, Quite Contrary",rhyme,a quiet hilltop meadow under a wide evening sky,"periwinkle, peach, warm grey",a small round owl with speckled feathers,PENDING,NOT_STARTED,,python3 scripts/pipeline.py --ref VID-20270419-1 --rhyme mary_contrary --format long
2027-04-19,13:00,SHT-20270419-2,short,Mary Had a Little Lamb,rhyme,a cosy wooden treehouse with round windows,"deep plum, sage, oatmeal",a patient grey donkey with long ears,PENDING,NOT_STARTED,,python3 scripts/pipeline.py --ref SHT-20270419-2 --rhyme mary_lamb --format short
2027-04-19,17:00,VID-20270419-3,long,The Itsy Bitsy Spider,rhyme,a small harbour where painted boats bob at their moorings,"denim blue, wheat, soft white",a curious hedgehog in a knitted scarf,PENDING,NOT_STARTED,,python3 scripts/pipeline.py --ref VID-20270419-3 --rhyme itsy_bitsy --format long
2027-04-19,21:00,SHT-20270419-4,short,"One, Two, Buckle My Shoe",counting,a sunlit kitchen garden with tall sunflowers,"pine green, copper, bone","a slow, cheerful tortoise",PENDING,NOT_STARTED,,python3 scripts/pipeline.py --ref SHT-20270419-4 --rhyme one_two_buckle --format short
2027-04-20,09:00,VID-20270420-1,long,"One, Two, Buckle My Shoe",counting,a snowy village square with warm lantern light,"mauve, straw, dove grey",a fluffy duckling who hums along,PENDING,NOT_STARTED,,python3 scripts/pipeline.py --ref VID-20270420-1 --rhyme one_two_buckle --format long
2027-04-20,13:00,SHT-20270420-2,short,London Bridge Is Falling Down,rhyme,a riverbank where willows dip into slow water,"seafoam, coral, linen",a gentle brown bear cub,PENDING,NOT_STARTED,,python3 scripts/pipeline.py --ref SHT-20270420-2 --rhyme london_bridge --format short
2027-04-20,17:00,VID-20270420-3,long,Old King Cole,rhyme,a friendly red barn at the edge of a green field,"deep indigo, soft gold, cream",a shy grey rabbit with one folded ear,PENDING,NOT_STARTED,,python3 scripts/pipeline.py --ref VID-20270420-3 --rhyme old_king_cole --format long
2027-04-20,21:00,SHT-20270420-4,short,Oranges and Lemons,rhyme,a bright attic room full of soft toys and books,"sage green, warm terracotta, oat",a tidy badger with round spectacles,PENDING,NOT_STARTED,,python3 scripts/pipeline.py --ref SHT-20270420-4 --rhyme oranges_lemons --format short
2027-04-21,09:00,VID-20270421-1,long,Simple Simon,rhyme,a windmill on a low hill with long grass,"dusty blue, buttermilk, pale coral",a sleepy orange cat with a bell,PENDING,NOT_STARTED,,python3 scripts/pipeline.py --ref VID-20270421-1 --rhyme simple_simon --format long
2027-04-21,13:00,SHT-20270421-2,short,"Star Light, Star Bright",rhyme,a duck pond ringed with smooth grey stones,"plum, mustard, soft grey",a small red fox with a white-tipped tail,PENDING,NOT_STARTED,,python3 scripts/pipeline.py --ref SHT-20270421-2 --rhyme star_light --format short
2027-04-21,17:00,VID-20270421-3,long,"Baa, Baa, Black Sheep",rhyme,an orchard of short apple trees in soft afternoon light,"forest green, cream, honey",a woolly lamb with a crooked fringe,PENDING,NOT_STARTED,,python3 scripts/pipeline.py --ref VID-20270421-3 --rhyme baa_baa --format long
2027-04-21,21:00,SHT-20270421-4,short,Frere Jacques (Are You Sleeping?),rhyme,a lighthouse keeper's cottage above a calm bay,"lavender, mint, warm white",a bright green frog in wellington boots,PENDING,NOT_STARTED,,python3 scripts/pipeline.py --ref SHT-20270421-4 --rhyme frere_jacques --format short
2027-04-22,09:00,VID-20270422-1,long,Rock-a-Bye Baby,lullaby,"a market square with striped awnings, early morning","soft teal, apricot, ivory",a plump robin with a red waistcoat,PENDING,NOT_STARTED,,python3 scripts/pipeline.py --ref VID-20270422-1 --rhyme rock_a_bye --format long
2027-04-22,13:00,SHT-20270422-2,short,Old King Cole,rhyme,a mossy woodland clearing with dappled sunlight,"clay pink, olive, sand",a spotted puppy with oversized paws,PENDING,NOT_STARTED,,python3 scripts/pipeline.py --ref SHT-20270422-2 --rhyme old_king_cole --format short
2027-04-22,17:00,VID-20270422-3,long,Jack Be Nimble,rhyme,a sandy cove with gentle waves and rock pools,"midnight blue, silver, pale rose",a quiet grey mouse with a patchwork bag,PENDING,NOT_STARTED,,python3 scripts/pipeline.py --ref VID-20270422-3 --rhyme jack_nimble --format long
2027-04-22,21:00,SHT-20270422-4,short,"Rain, Rain, Go Away",rhyme,a greenhouse full of seedlings and watering cans,"moss green, butter yellow, chalk",a friendly goose in a straw hat,PENDING,NOT_STARTED,,python3 scripts/pipeline.py --ref SHT-20270422-4 --rhyme rain_go_away --format short
2027-04-23,09:00,VID-20270423-1,long,Little Jack Horner,rhyme,a bakery window with warm light and round loaves,"russet, cream, slate blue",a small striped bumblebee with tired wings,PENDING,NOT_STARTED,,python3 scripts/pipeline.py --ref VID-20270423-1 --rhyme jack_horner --format long
2027-04-23,13:00,SHT-20270423-2,short,Yankee Doodle,rhyme,a wildflower field with a low stone wall,"periwinkle, peach, warm grey",a soft grey seal pup with wide eyes,PENDING,NOT_STARTED,,python3 scripts/pipeline.py --ref SHT-20270423-2 --rhyme yankee_doodle --format short
2027-04-23,17:00,VID-20270423-3,long,Hickory Dickory Dock,rhyme,a train platform in a tiny country station,"deep plum, sage, oatmeal",a small brown wren with a bright eye,PENDING,NOT_STARTED,,python3 scripts/pipeline.py --ref VID-20270423-3 --rhyme hickory_dickory --format long
2027-04-23,21:00,SHT-20270423-4,short,Jack Be Nimble,rhyme,a hillside sheep pasture under drifting clouds,"denim blue, wheat, soft white",a small round owl with speckled feathers,PENDING,NOT_STARTED,,python3 scripts/pipeline.py --ref SHT-20270423-4 --rhyme jack_nimble --format short
2027-04-24,09:00,VID-20270424-1,long,Old MacDonald Had a Farm,rhyme,a cobbled lane with window boxes and a blue door,"pine green, copper, bone",a patient grey donkey with long ears,PENDING,NOT_STARTED,,python3 scripts/pipeline.py --ref VID-20270424-1 --rhyme old_macdonald --format long
2027-04-24,13:00,SHT-20270424-2,short,"Twinkle, Twinkle, Little Star",rhyme,a frozen pond with soft snow on the reeds,"mauve, straw, dove grey",a curious hedgehog in a knitted scarf,PENDING,NOT_STARTED,,python3 scripts/pipeline.py --ref SHT-20270424-2 --rhyme twinkle --format short
2027-04-24,17:00,VID-20270424-3,long,Three Blind Mice,rhyme,"a rope bridge over a shallow, sunny stream","seafoam, coral, linen","a slow, cheerful tortoise",PENDING,NOT_STARTED,,python3 scripts/pipeline.py --ref VID-20270424-3 --rhyme three_mice --format long
2027-04-24,21:00,SHT-20270424-4,short,Little Bo-Peep,rhyme,a hay loft with warm light through the slats,"deep indigo, soft gold, cream",a fluffy duckling who hums along,PENDING,NOT_STARTED,,python3 scripts/pipeline.py --ref SHT-20270424-4 --rhyme bo_peep --format short
2027-04-25,09:00,VID-20270425-1,long,Curly Locks,rhyme,a quiet hilltop meadow under a wide evening sky,"sage green, warm terracotta, oat",a gentle brown bear cub,PENDING,NOT_STARTED,,python3 scripts/pipeline.py --ref VID-20270425-1 --rhyme curly_locks --format long
2027-04-25,13:00,SHT-20270425-2,short,Cock-a-Doodle-Doo,rhyme,a cosy wooden treehouse with round windows,"dusty blue, buttermilk, pale coral",a shy grey rabbit with one folded ear,PENDING,NOT_STARTED,,python3 scripts/pipeline.py --ref SHT-20270425-2 --rhyme cock_doodle --format short
2027-04-25,17:00,VID-20270425-3,long,"Hush, Little Baby",lullaby,a small harbour where painted boats bob at their moorings,"plum, mustard, soft grey",a tidy badger with round spectacles,PENDING,NOT_STARTED,,python3 scripts/pipeline.py --ref VID-20270425-3 --rhyme hush_little_baby --format long
2027-04-25,21:00,SHT-20270425-4,short,Hey Diddle Diddle,rhyme,a sunlit kitchen garden with tall sunflowers,"forest green, cream, honey",a sleepy orange cat with a bell,PENDING,NOT_STARTED,,python3 scripts/pipeline.py --ref SHT-20270425-4 --rhyme hey_diddle --format short
2027-04-26,09:00,VID-20270426-1,long,Skip to My Lou,rhyme,a snowy village square with warm lantern light,"lavender, mint, warm white",a small red fox with a white-tipped tail,PENDING,NOT_STARTED,,python3 scripts/pipeline.py --ref VID-20270426-1 --rhyme skip_to_lou --format long
2027-04-26,13:00,SHT-20270426-2,short,Ding Dong Bell,rhyme,a riverbank where willows dip into slow water,"soft teal, apricot, ivory",a woolly lamb with a crooked fringe,PENDING,NOT_STARTED,,python3 scripts/pipeline.py --ref SHT-20270426-2 --rhyme ding_dong_bell --format short
2027-04-26,17:00,VID-20270426-3,long,Oranges and Lemons,rhyme,a friendly red barn at the edge of a green field,"clay pink, olive, sand",a bright green frog in wellington boots,PENDING,NOT_STARTED,,python3 scripts/pipeline.py --ref VID-20270426-3 --rhyme oranges_lemons --format long
2027-04-26,21:00,SHT-20270426-4,short,Wee Willie Winkie,rhyme,a bright attic room full of soft toys and books,"midnight blue, silver, pale rose",a plump robin with a red waistcoat,PENDING,NOT_STARTED,,python3 scripts/pipeline.py --ref SHT-20270426-4 --rhyme wee_willie --format short
2027-04-27,09:00,VID-20270427-1,long,London Bridge Is Falling Down,rhyme,a windmill on a low hill with long grass,"moss green, butter yellow, chalk",a spotted puppy with oversized paws,PENDING,NOT_STARTED,,python3 scripts/pipeline.py --ref VID-20270427-1 --rhyme london_bridge --format long
2027-04-27,13:00,SHT-20270427-2,short,"Tom, Tom, the Piper's Son",rhyme,a duck pond ringed with smooth grey stones,"russet, cream, slate blue",a quiet grey mouse with a patchwork bag,PENDING,NOT_STARTED,,python3 scripts/pipeline.py --ref SHT-20270427-2 --rhyme tom_piper --format short
2027-04-27,17:00,VID-20270427-3,long,Hot Cross Buns,rhyme,an orchard of short apple trees in soft afternoon light,"periwinkle, peach, warm grey",a friendly goose in a straw hat,PENDING,NOT_STARTED,,python3 scripts/pipeline.py --ref VID-20270427-3 --rhyme hot_cross_buns --format long
2027-04-27,21:00,SHT-20270427-4,short,Jack and Jill,rhyme,a lighthouse keeper's cottage above a calm bay,"deep plum, sage, oatmeal",a small striped bumblebee with tired wings,PENDING,NOT_STARTED,,python3 scripts/pipeline.py --ref SHT-20270427-4 --rhyme jack_jill --format short
2027-04-28,09:00,VID-20270428-1,long,Mary Had a Little Lamb,rhyme,"a market square with striped awnings, early morning","denim blue, wheat, soft white",a soft grey seal pup with wide eyes,PENDING,NOT_STARTED,,python3 scripts/pipeline.py --ref VID-20270428-1 --rhyme mary_lamb --format long
2027-04-28,13:00,SHT-20270428-2,short,The Itsy Bitsy Spider,rhyme,a mossy woodland clearing with dappled sunlight,"pine green, copper, bone",a small brown wren with a bright eye,PENDING,NOT_STARTED,,python3 scripts/pipeline.py --ref SHT-20270428-2 --rhyme itsy_bitsy --format short
2027-04-28,17:00,VID-20270428-3,long,"Row, Row, Row Your Boat",rhyme,a sandy cove with gentle waves and rock pools,"mauve, straw, dove grey",a small round owl with speckled feathers,PENDING,NOT_STARTED,,python3 scripts/pipeline.py --ref VID-20270428-3 --rhyme row_row --format long
2027-04-28,21:00,SHT-20270428-4,short,Skip to My Lou,rhyme,a greenhouse full of seedlings and watering cans,"seafoam, coral, linen",a patient grey donkey with long ears,PENDING,NOT_STARTED,,python3 scripts/pipeline.py --ref SHT-20270428-4 --rhyme skip_to_lou --format short
2027-04-29,09:00,VID-20270429-1,long,"Rain, Rain, Go Away",rhyme,a bakery window with warm light and round loaves,"deep indigo, soft gold, cream",a curious hedgehog in a knitted scarf,PENDING,NOT_STARTED,,python3 scripts/pipeline.py --ref VID-20270429-1 --rhyme rain_go_away --format long
2027-04-29,13:00,SHT-20270429-2,short,The Grand Old Duke of York,rhyme,a wildflower field with a low stone wall,"sage green, warm terracotta, oat","a slow, cheerful tortoise",PENDING,NOT_STARTED,,python3 scripts/pipeline.py --ref SHT-20270429-2 --rhyme duke_york --format short
2027-04-29,17:00,VID-20270429-3,long,Lavender's Blue,rhyme,a train platform in a tiny country station,"dusty blue, buttermilk, pale coral",a fluffy duckling who hums along,PENDING,NOT_STARTED,,python3 scripts/pipeline.py --ref VID-20270429-3 --rhyme lavenders_blue --format long
2027-04-29,21:00,SHT-20270429-4,short,"Pat-a-Cake, Pat-a-Cake",rhyme,a hillside sheep pasture under drifting clouds,"plum, mustard, soft grey",a gentle brown bear cub,PENDING,NOT_STARTED,,python3 scripts/pipeline.py --ref SHT-20270429-4 --rhyme pat_a_cake --format short
2027-04-30,09:00,VID-20270430-1,long,Humpty Dumpty,rhyme,a cobbled lane with window boxes and a blue door,"forest green, cream, honey",a shy grey rabbit with one folded ear,PENDING,NOT_STARTED,,python3 scripts/pipeline.py --ref VID-20270430-1 --rhyme humpty --format long
2027-04-30,13:00,SHT-20270430-2,short,Little Miss Muffet,rhyme,a frozen pond with soft snow on the reeds,"lavender, mint, warm white",a tidy badger with round spectacles,PENDING,NOT_STARTED,,python3 scripts/pipeline.py --ref SHT-20270430-2 --rhyme miss_muffet --format short
2027-04-30,17:00,VID-20270430-3,long,Polly Put the Kettle On,rhyme,"a rope bridge over a shallow, sunny stream","soft teal, apricot, ivory",a sleepy orange cat with a bell,PENDING,NOT_STARTED,,python3 scripts/pipeline.py --ref VID-20270430-3 --rhyme polly_kettle --format long
2027-04-30,21:00,SHT-20270430-4,short,This Little Piggy,rhyme,a hay loft with warm light through the slats,"clay pink, olive, sand",a small red fox with a white-tipped tail,PENDING,NOT_STARTED,,python3 scripts/pipeline.py --ref SHT-20270430-4 --rhyme this_piggy --format short
2027-05-01,09:00,VID-20270501-1,long,Pop Goes the Weasel,rhyme,a quiet hilltop meadow under a wide evening sky,"midnight blue, silver, pale rose",a woolly lamb with a crooked fringe,PENDING,NOT_STARTED,,python3 scripts/pipeline.py --ref VID-20270501-1 --rhyme pop_weasel --format long
2027-05-01,13:00,SHT-20270501-2,short,Ring a Ring o' Roses,rhyme,a cosy wooden treehouse with round windows,"moss green, butter yellow, chalk",a bright green frog in wellington boots,PENDING,NOT_STARTED,,python3 scripts/pipeline.py --ref SHT-20270501-2 --rhyme ring_roses --format short
2027-05-01,17:00,VID-20270501-3,long,"Peter, Peter, Pumpkin Eater",rhyme,a small harbour where painted boats bob at their moorings,"russet, cream, slate blue",a plump robin with a red waistcoat,PENDING,NOT_STARTED,,python3 scripts/pipeline.py --ref VID-20270501-3 --rhyme peter_pumpkin --format long
2027-05-01,21:00,SHT-20270501-4,short,Simple Simon,rhyme,a sunlit kitchen garden with tall sunflowers,"periwinkle, peach, warm grey",a spotted puppy with oversized paws,PENDING,NOT_STARTED,,python3 scripts/pipeline.py --ref SHT-20270501-4 --rhyme simple_simon --format short
2027-05-02,09:00,VID-20270502-1,long,"Pat-a-Cake, Pat-a-Cake",rhyme,a snowy village square with warm lantern light,"deep plum, sage, oatmeal",a quiet grey mouse with a patchwork bag,PENDING,NOT_STARTED,,python3 scripts/pipeline.py --ref VID-20270502-1 --rhyme pat_a_cake --format long
2027-05-02,13:00,SHT-20270502-2,short,"Mary, Mary, Quite Contrary",rhyme,a riverbank where willows dip into slow water,"denim blue, wheat, soft white",a friendly goose in a straw hat,PENDING,NOT_STARTED,,python3 scripts/pipeline.py --ref SHT-20270502-2 --rhyme mary_contrary --format short
2027-05-02,17:00,VID-20270502-3,long,This Little Piggy,rhyme,a friendly red barn at the edge of a green field,"pine green, copper, bone",a small striped bumblebee with tired wings,PENDING,NOT_STARTED,,python3 scripts/pipeline.py --ref VID-20270502-3 --rhyme this_piggy --format long
2027-05-02,21:00,SHT-20270502-4,short,Old MacDonald Had a Farm,rhyme,a bright attic room full of soft toys and books,"mauve, straw, dove grey",a soft grey seal pup with wide eyes,PENDING,NOT_STARTED,,python3 scripts/pipeline.py --ref SHT-20270502-4 --rhyme old_macdonald --format short
2027-05-03,09:00,VID-20270503-1,long,Little Miss Muffet,rhyme,a windmill on a low hill with long grass,"seafoam, coral, linen",a small brown wren with a bright eye,PENDING,NOT_STARTED,,python3 scripts/pipeline.py --ref VID-20270503-1 --rhyme miss_muffet --format long
2027-05-03,13:00,SHT-20270503-2,short,Curly Locks,rhyme,a duck pond ringed with smooth grey stones,"deep indigo, soft gold, cream",a small round owl with speckled feathers,PENDING,NOT_STARTED,,python3 scripts/pipeline.py --ref SHT-20270503-2 --rhyme curly_locks --format short
2027-05-03,17:00,VID-20270503-3,long,"Tom, Tom, the Piper's Son",rhyme,an orchard of short apple trees in soft afternoon light,"sage green, warm terracotta, oat",a patient grey donkey with long ears,PENDING,NOT_STARTED,,python3 scripts/pipeline.py --ref VID-20270503-3 --rhyme tom_piper --format long
2027-05-03,21:00,SHT-20270503-4,short,Bobby Shafto's Gone to Sea,rhyme,a lighthouse keeper's cottage above a calm bay,"dusty blue, buttermilk, pale coral",a curious hedgehog in a knitted scarf,PENDING,NOT_STARTED,,python3 scripts/pipeline.py --ref SHT-20270503-4 --rhyme bobby_shafto --format short
2027-05-04,09:00,VID-20270504-1,long,Hey Diddle Diddle,rhyme,"a market square with striped awnings, early morning","plum, mustard, soft grey","a slow, cheerful tortoise",PENDING,NOT_STARTED,,python3 scripts/pipeline.py --ref VID-20270504-1 --rhyme hey_diddle --format long
2027-05-04,13:00,SHT-20270504-2,short,The Muffin Man,rhyme,a mossy woodland clearing with dappled sunlight,"forest green, cream, honey",a fluffy duckling who hums along,PENDING,NOT_STARTED,,python3 scripts/pipeline.py --ref SHT-20270504-2 --rhyme muffin_man --format short
2027-05-04,17:00,VID-20270504-3,long,Ring a Ring o' Roses,rhyme,a sandy cove with gentle waves and rock pools,"lavender, mint, warm white",a gentle brown bear cub,PENDING,NOT_STARTED,,python3 scripts/pipeline.py --ref VID-20270504-3 --rhyme ring_roses --format long
2027-05-04,21:00,SHT-20270504-4,short,Hickory Dickory Dock,rhyme,a greenhouse full of seedlings and watering cans,"soft teal, apricot, ivory",a shy grey rabbit with one folded ear,PENDING,NOT_STARTED,,python3 scripts/pipeline.py --ref SHT-20270504-4 --rhyme hickory_dickory --format short
2027-05-05,09:00,VID-20270505-1,long,Diddle Diddle Dumpling,rhyme,a bakery window with warm light and round loaves,"clay pink, olive, sand",a tidy badger with round spectacles,PENDING,NOT_STARTED,,python3 scripts/pipeline.py --ref VID-20270505-1 --rhyme diddle_dumpling --format long
2027-05-05,13:00,SHT-20270505-2,short,Lavender's Blue,rhyme,a wildflower field with a low stone wall,"midnight blue, silver, pale rose",a sleepy orange cat with a bell,PENDING,NOT_STARTED,,python3 scripts/pipeline.py --ref SHT-20270505-2 --rhyme lavenders_blue --format short
2027-05-05,17:00,VID-20270505-3,long,The Farmer in the Dell,rhyme,a train platform in a tiny country station,"moss green, butter yellow, chalk",a small red fox with a white-tipped tail,PENDING,NOT_STARTED,,python3 scripts/pipeline.py --ref VID-20270505-3 --rhyme farmer_dell --format long
2027-05-05,21:00,SHT-20270505-4,short,"Baa, Baa, Black Sheep",rhyme,a hillside sheep pasture under drifting clouds,"russet, cream, slate blue",a woolly lamb with a crooked fringe,PENDING,NOT_STARTED,,python3 scripts/pipeline.py --ref SHT-20270505-4 --rhyme baa_baa --format short
2027-05-06,09:00,VID-20270506-1,long,Frere Jacques (Are You Sleeping?),rhyme,a cobbled lane with window boxes and a blue door,"periwinkle, peach, warm grey",a bright green frog in wellington boots,PENDING,NOT_STARTED,,python3 scripts/pipeline.py --ref VID-20270506-1 --rhyme frere_jacques --format long
2027-05-06,13:00,SHT-20270506-2,short,Humpty Dumpty,rhyme,a frozen pond with soft snow on the reeds,"deep plum, sage, oatmeal",a plump robin with a red waistcoat,PENDING,NOT_STARTED,,python3 scripts/pipeline.py --ref SHT-20270506-2 --rhyme humpty --format short
2027-05-06,17:00,VID-20270506-3,long,"Star Light, Star Bright",rhyme,"a rope bridge over a shallow, sunny stream","denim blue, wheat, soft white",a spotted puppy with oversized paws,PENDING,NOT_STARTED,,python3 scripts/pipeline.py --ref VID-20270506-3 --rhyme star_light --format long
2027-05-06,21:00,SHT-20270506-4,short,Georgie Porgie,rhyme,a hay loft with warm light through the slats,"pine green, copper, bone",a quiet grey mouse with a patchwork bag,PENDING,NOT_STARTED,,python3 scripts/pipeline.py --ref SHT-20270506-4 --rhyme georgie_porgie --format short
2027-05-07,09:00,VID-20270507-1,long,Cock-a-Doodle-Doo,rhyme,a quiet hilltop meadow under a wide evening sky,"mauve, straw, dove grey",a friendly goose in a straw hat,PENDING,NOT_STARTED,,python3 scripts/pipeline.py --ref VID-20270507-1 --rhyme cock_doodle --format long
2027-05-07,13:00,SHT-20270507-2,short,"Peter, Peter, Pumpkin Eater",rhyme,a cosy wooden treehouse with round windows,"seafoam, coral, linen",a small striped bumblebee with tired wings,PENDING,NOT_STARTED,,python3 scripts/pipeline.py --ref SHT-20270507-2 --rhyme peter_pumpkin --format short
2027-05-07,17:00,VID-20270507-3,long,Jack and Jill,rhyme,a small harbour where painted boats bob at their moorings,"deep indigo, soft gold, cream",a soft grey seal pup with wide eyes,PENDING,NOT_STARTED,,python3 scripts/pipeline.py --ref VID-20270507-3 --rhyme jack_jill --format long
2027-05-07,21:00,SHT-20270507-4,short,There Was an Old Woman Who Lived in a Shoe,rhyme,a sunlit kitchen garden with tall sunflowers,"sage green, warm terracotta, oat",a small brown wren with a bright eye,PENDING,NOT_STARTED,,python3 scripts/pipeline.py --ref SHT-20270507-4 --rhyme old_woman_shoe --format short
2027-05-08,09:00,VID-20270508-1,long,"Twinkle, Twinkle, Little Star",rhyme,a snowy village square with warm lantern light,"dusty blue, buttermilk, pale coral",a small round owl with speckled feathers,PENDING,NOT_STARTED,,python3 scripts/pipeline.py --ref VID-20270508-1 --rhyme twinkle --format long
2027-05-08,13:00,SHT-20270508-2,short,Polly Put the Kettle On,rhyme,a riverbank where willows dip into slow water,"plum, mustard, soft grey",a patient grey donkey with long ears,PENDING,NOT_STARTED,,python3 scripts/pipeline.py --ref SHT-20270508-2 --rhyme polly_kettle --format short
2027-05-08,17:00,VID-20270508-3,long,The Muffin Man,rhyme,a friendly red barn at the edge of a green field,"forest green, cream, honey",a curious hedgehog in a knitted scarf,PENDING,NOT_STARTED,,python3 scripts/pipeline.py --ref VID-20270508-3 --rhyme muffin_man --format long
2027-05-08,21:00,SHT-20270508-4,short,Little Jack Horner,rhyme,a bright attic room full of soft toys and books,"lavender, mint, warm white","a slow, cheerful tortoise",PENDING,NOT_STARTED,,python3 scripts/pipeline.py --ref SHT-20270508-4 --rhyme jack_horner --format short
2027-05-09,09:00,VID-20270509-1,long,Wee Willie Winkie,rhyme,a windmill on a low hill with long grass,"soft teal, apricot, ivory",a fluffy duckling who hums along,PENDING,NOT_STARTED,,python3 scripts/pipeline.py --ref VID-20270509-1 --rhyme wee_willie --format long
2027-05-09,13:00,SHT-20270509-2,short,Hot Cross Buns,rhyme,a duck pond ringed with smooth grey stones,"clay pink, olive, sand",a gentle brown bear cub,PENDING,NOT_STARTED,,python3 scripts/pipeline.py --ref SHT-20270509-2 --rhyme hot_cross_buns --format short
2027-05-09,17:00,VID-20270509-3,long,Little Bo-Peep,rhyme,an orchard of short apple trees in soft afternoon light,"midnight blue, silver, pale rose",a shy grey rabbit with one folded ear,PENDING,NOT_STARTED,,python3 scripts/pipeline.py --ref VID-20270509-3 --rhyme bo_peep --format long
2027-05-09,21:00,SHT-20270509-4,short,Diddle Diddle Dumpling,rhyme,a lighthouse keeper's cottage above a calm bay,"moss green, butter yellow, chalk",a tidy badger with round spectacles,PENDING,NOT_STARTED,,python3 scripts/pipeline.py --ref SHT-20270509-4 --rhyme diddle_dumpling --format short
2027-05-10,09:00,VID-20270510-1,long,Ding Dong Bell,rhyme,"a market square with striped awnings, early morning","russet, cream, slate blue",a sleepy orange cat with a bell,PENDING,NOT_STARTED,,python3 scripts/pipeline.py --ref VID-20270510-1 --rhyme ding_dong_bell --format long
2027-05-10,13:00,SHT-20270510-2,short,Three Blind Mice,rhyme,a mossy woodland clearing with dappled sunlight,"periwinkle, peach, warm grey",a small red fox with a white-tipped tail,PENDING,NOT_STARTED,,python3 scripts/pipeline.py --ref SHT-20270510-2 --rhyme three_mice --format short
2027-05-10,17:00,VID-20270510-3,long,Bobby Shafto's Gone to Sea,rhyme,a sandy cove with gentle waves and rock pools,"deep plum, sage, oatmeal",a woolly lamb with a crooked fringe,PENDING,NOT_STARTED,,python3 scripts/pipeline.py --ref VID-20270510-3 --rhyme bobby_shafto --format long
2027-05-10,21:00,SHT-20270510-4,short,Pop Goes the Weasel,rhyme,a greenhouse full of seedlings and watering cans,"denim blue, wheat, soft white",a bright green frog in wellington boots,PENDING,NOT_STARTED,,python3 scripts/pipeline.py --ref SHT-20270510-4 --rhyme pop_weasel --format short
2027-05-11,09:00,VID-20270511-1,long,The Grand Old Duke of York,rhyme,a bakery window with warm light and round loaves,"pine green, copper, bone",a plump robin with a red waistcoat,PENDING,NOT_STARTED,,python3 scripts/pipeline.py --ref VID-20270511-1 --rhyme duke_york --format long
2027-05-11,13:00,SHT-20270511-2,short,"Row, Row, Row Your Boat",rhyme,a wildflower field with a low stone wall,"mauve, straw, dove grey",a spotted puppy with oversized paws,PENDING,NOT_STARTED,,python3 scripts/pipeline.py --ref SHT-20270511-2 --rhyme row_row --format short
2027-05-11,17:00,VID-20270511-3,long,Georgie Porgie,rhyme,a train platform in a tiny country station,"seafoam, coral, linen",a quiet grey mouse with a patchwork bag,PENDING,NOT_STARTED,,python3 scripts/pipeline.py --ref VID-20270511-3 --rhyme georgie_porgie --format long
2027-05-11,21:00,SHT-20270511-4,short,The Farmer in the Dell,rhyme,a hillside sheep pasture under drifting clouds,"deep indigo, soft gold, cream",a friendly goose in a straw hat,PENDING,NOT_STARTED,,python3 scripts/pipeline.py --ref SHT-20270511-4 --rhyme farmer_dell --format short
2027-05-12,09:00,VID-20270512-1,long,There Was an Old Woman Who Lived in a Shoe,rhyme,a cobbled lane with window boxes and a blue door,"sage green, warm terracotta, oat",a small striped bumblebee with tired wings,PENDING,NOT_STARTED,,python3 scripts/pipeline.py --ref VID-20270512-1 --rhyme old_woman_shoe --format long
2027-05-12,13:00,SHT-20270512-2,short,Mary Had a Little Lamb,rhyme,a frozen pond with soft snow on the reeds,"dusty blue, buttermilk, pale coral",a soft grey seal pup with wide eyes,PENDING,NOT_STARTED,,python3 scripts/pipeline.py --ref SHT-20270512-2 --rhyme mary_lamb --format short
2027-05-12,17:00,VID-20270512-3,long,Yankee Doodle,rhyme,"a rope bridge over a shallow, sunny stream","plum, mustard, soft grey",a small brown wren with a bright eye,PENDING,NOT_STARTED,,python3 scripts/pipeline.py --ref VID-20270512-3 --rhyme yankee_doodle --format long
2027-05-12,21:00,SHT-20270512-4,short,"One, Two, Buckle My Shoe",counting,a hay loft with warm light through the slats,"forest green, cream, honey",a small round owl with speckled feathers,PENDING,NOT_STARTED,,python3 scripts/pipeline.py --ref SHT-20270512-4 --rhyme one_two_buckle --format short
2027-05-13,09:00,VID-20270513-1,long,"Mary, Mary, Quite Contrary",rhyme,a quiet hilltop meadow under a wide evening sky,"lavender, mint, warm white",a patient grey donkey with long ears,PENDING,NOT_STARTED,,python3 scripts/pipeline.py --ref VID-20270513-1 --rhyme mary_contrary --format long
2027-05-13,13:00,SHT-20270513-2,short,London Bridge Is Falling Down,rhyme,a cosy wooden treehouse with round windows,"soft teal, apricot, ivory",a curious hedgehog in a knitted scarf,PENDING,NOT_STARTED,,python3 scripts/pipeline.py --ref SHT-20270513-2 --rhyme london_bridge --format short
2027-05-13,17:00,VID-20270513-3,long,The Itsy Bitsy Spider,rhyme,a small harbour where painted boats bob at their moorings,"clay pink, olive, sand","a slow, cheerful tortoise",PENDING,NOT_STARTED,,python3 scripts/pipeline.py --ref VID-20270513-3 --rhyme itsy_bitsy --format long
2027-05-13,21:00,SHT-20270513-4,short,Oranges and Lemons,rhyme,a sunlit kitchen garden with tall sunflowers,"midnight blue, silver, pale rose",a fluffy duckling who hums along,PENDING,NOT_STARTED,,python3 scripts/pipeline.py --ref SHT-20270513-4 --rhyme oranges_lemons --format short
2027-05-14,09:00,VID-20270514-1,long,"One, Two, Buckle My Shoe",counting,a snowy village square with warm lantern light,"moss green, butter yellow, chalk",a gentle brown bear cub,PENDING,NOT_STARTED,,python3 scripts/pipeline.py --ref VID-20270514-1 --rhyme one_two_buckle --format long
2027-05-14,13:00,SHT-20270514-2,short,"Star Light, Star Bright",rhyme,a riverbank where willows dip into slow water,"russet, cream, slate blue",a shy grey rabbit with one folded ear,PENDING,NOT_STARTED,,python3 scripts/pipeline.py --ref SHT-20270514-2 --rhyme star_light --format short
2027-05-14,17:00,VID-20270514-3,long,Old King Cole,rhyme,a friendly red barn at the edge of a green field,"periwinkle, peach, warm grey",a tidy badger with round spectacles,PENDING,NOT_STARTED,,python3 scripts/pipeline.py --ref VID-20270514-3 --rhyme old_king_cole --format long
2027-05-14,21:00,SHT-20270514-4,short,Frere Jacques (Are You Sleeping?),rhyme,a bright attic room full of soft toys and books,"deep plum, sage, oatmeal",a sleepy orange cat with a bell,PENDING,NOT_STARTED,,python3 scripts/pipeline.py --ref SHT-20270514-4 --rhyme frere_jacques --format short
2027-05-15,09:00,VID-20270515-1,long,Simple Simon,rhyme,a windmill on a low hill with long grass,"denim blue, wheat, soft white",a small red fox with a white-tipped tail,PENDING,NOT_STARTED,,python3 scripts/pipeline.py --ref VID-20270515-1 --rhyme simple_simon --format long
2027-05-15,13:00,SHT-20270515-2,short,Old King Cole,rhyme,a duck pond ringed with smooth grey stones,"pine green, copper, bone",a woolly lamb with a crooked fringe,PENDING,NOT_STARTED,,python3 scripts/pipeline.py --ref SHT-20270515-2 --rhyme old_king_cole --format short
2027-05-15,17:00,VID-20270515-3,long,"Baa, Baa, Black Sheep",rhyme,an orchard of short apple trees in soft afternoon light,"mauve, straw, dove grey",a bright green frog in wellington boots,PENDING,NOT_STARTED,,python3 scripts/pipeline.py --ref VID-20270515-3 --rhyme baa_baa --format long
2027-05-15,21:00,SHT-20270515-4,short,"Rain, Rain, Go Away",rhyme,a lighthouse keeper's cottage above a calm bay,"seafoam, coral, linen",a plump robin with a red waistcoat,PENDING,NOT_STARTED,,python3 scripts/pipeline.py --ref SHT-20270515-4 --rhyme rain_go_away --format short
2027-05-16,09:00,VID-20270516-1,long,Rock-a-Bye Baby,lullaby,"a market square with striped awnings, early morning","deep indigo, soft gold, cream",a spotted puppy with oversized paws,PENDING,NOT_STARTED,,python3 scripts/pipeline.py --ref VID-20270516-1 --rhyme rock_a_bye --format long
2027-05-16,13:00,SHT-20270516-2,short,Yankee Doodle,rhyme,a mossy woodland clearing with dappled sunlight,"sage green, warm terracotta, oat",a quiet grey mouse with a patchwork bag,PENDING,NOT_STARTED,,python3 scripts/pipeline.py --ref SHT-20270516-2 --rhyme yankee_doodle --format short
2027-05-16,17:00,VID-20270516-3,long,Jack Be Nimble,rhyme,a sandy cove with gentle waves and rock pools,"dusty blue, buttermilk, pale coral",a friendly goose in a straw hat,PENDING,NOT_STARTED,,python3 scripts/pipeline.py --ref VID-20270516-3 --rhyme jack_nimble --format long
2027-05-16,21:00,SHT-20270516-4,short,Jack Be Nimble,rhyme,a greenhouse full of seedlings and watering cans,"plum, mustard, soft grey",a small striped bumblebee with tired wings,PENDING,NOT_STARTED,,python3 scripts/pipeline.py --ref SHT-20270516-4 --rhyme jack_nimble --format short
2027-05-17,09:00,VID-20270517-1,long,Little Jack Horner,rhyme,a bakery window with warm light and round loaves,"forest green, cream, honey",a soft grey seal pup with wide eyes,PENDING,NOT_STARTED,,python3 scripts/pipeline.py --ref VID-20270517-1 --rhyme jack_horner --format long
2027-05-17,13:00,SHT-20270517-2,short,"Twinkle, Twinkle, Little Star",rhyme,a wildflower field with a low stone wall,"lavender, mint, warm white",a small brown wren with a bright eye,PENDING,NOT_STARTED,,python3 scripts/pipeline.py --ref SHT-20270517-2 --rhyme twinkle --format short
2027-05-17,17:00,VID-20270517-3,long,Hickory Dickory Dock,rhyme,a train platform in a tiny country station,"soft teal, apricot, ivory",a small round owl with speckled feathers,PENDING,NOT_STARTED,,python3 scripts/pipeline.py --ref VID-20270517-3 --rhyme hickory_dickory --format long
2027-05-17,21:00,SHT-20270517-4,short,Little Bo-Peep,rhyme,a hillside sheep pasture under drifting clouds,"clay pink, olive, sand",a patient grey donkey with long ears,PENDING,NOT_STARTED,,python3 scripts/pipeline.py --ref SHT-20270517-4 --rhyme bo_peep --format short
2027-05-18,09:00,VID-20270518-1,long,Old MacDonald Had a Farm,rhyme,a cobbled lane with window boxes and a blue door,"midnight blue, silver, pale rose",a curious hedgehog in a knitted scarf,PENDING,NOT_STARTED,,python3 scripts/pipeline.py --ref VID-20270518-1 --rhyme old_macdonald --format long
2027-05-18,13:00,SHT-20270518-2,short,Cock-a-Doodle-Doo,rhyme,a frozen pond with soft snow on the reeds,"moss green, butter yellow, chalk","a slow, cheerful tortoise",PENDING,NOT_STARTED,,python3 scripts/pipeline.py --ref SHT-20270518-2 --rhyme cock_doodle --format short
2027-05-18,17:00,VID-20270518-3,long,Three Blind Mice,rhyme,"a rope bridge over a shallow, sunny stream","russet, cream, slate blue",a fluffy duckling who hums along,PENDING,NOT_STARTED,,python3 scripts/pipeline.py --ref VID-20270518-3 --rhyme three_mice --format long
2027-05-18,21:00,SHT-20270518-4,short,Hey Diddle Diddle,rhyme,a hay loft with warm light through the slats,"periwinkle, peach, warm grey",a gentle brown bear cub,PENDING,NOT_STARTED,,python3 scripts/pipeline.py --ref SHT-20270518-4 --rhyme hey_diddle --format short
2027-05-19,09:00,VID-20270519-1,long,Curly Locks,rhyme,a quiet hilltop meadow under a wide evening sky,"deep plum, sage, oatmeal",a shy grey rabbit with one folded ear,PENDING,NOT_STARTED,,python3 scripts/pipeline.py --ref VID-20270519-1 --rhyme curly_locks --format long
2027-05-19,13:00,SHT-20270519-2,short,Ding Dong Bell,rhyme,a cosy wooden treehouse with round windows,"denim blue, wheat, soft white",a tidy badger with round spectacles,PENDING,NOT_STARTED,,python3 scripts/pipeline.py --ref SHT-20270519-2 --rhyme ding_dong_bell --format short
2027-05-19,17:00,VID-20270519-3,long,"Hush, Little Baby",lullaby,a small harbour where painted boats bob at their moorings,"pine green, copper, bone",a sleepy orange cat with a bell,PENDING,NOT_STARTED,,python3 scripts/pipeline.py --ref VID-20270519-3 --rhyme hush_little_baby --format long
2027-05-19,21:00,SHT-20270519-4,short,Wee Willie Winkie,rhyme,a sunlit kitchen garden with tall sunflowers,"mauve, straw, dove grey",a small red fox with a white-tipped tail,PENDING,NOT_STARTED,,python3 scripts/pipeline.py --ref SHT-20270519-4 --rhyme wee_willie --format short
2027-05-20,09:00,VID-20270520-1,long,Skip to My Lou,rhyme,a snowy village square with warm lantern light,"seafoam, coral, linen",a woolly lamb with a crooked fringe,PENDING,NOT_STARTED,,python3 scripts/pipeline.py --ref VID-20270520-1 --rhyme skip_to_lou --format long
2027-05-20,13:00,SHT-20270520-2,short,"Tom, Tom, the Piper's Son",rhyme,a riverbank where willows dip into slow water,"deep indigo, soft gold, cream",a bright green frog in wellington boots,PENDING,NOT_STARTED,,python3 scripts/pipeline.py --ref SHT-20270520-2 --rhyme tom_piper --format short
2027-05-20,17:00,VID-20270520-3,long,Oranges and Lemons,rhyme,a friendly red barn at the edge of a green field,"sage green, warm terracotta, oat",a plump robin with a red waistcoat,PENDING,NOT_STARTED,,python3 scripts/pipeline.py --ref VID-20270520-3 --rhyme oranges_lemons --format long
2027-05-20,21:00,SHT-20270520-4,short,Jack and Jill,rhyme,a bright attic room full of soft toys and books,"dusty blue, buttermilk, pale coral",a spotted puppy with oversized paws,PENDING,NOT_STARTED,,python3 scripts/pipeline.py --ref SHT-20270520-4 --rhyme jack_jill --format short
2027-05-21,09:00,VID-20270521-1,long,London Bridge Is Falling Down,rhyme,a windmill on a low hill with long grass,"plum, mustard, soft grey",a quiet grey mouse with a patchwork bag,PENDING,NOT_STARTED,,python3 scripts/pipeline.py --ref VID-20270521-1 --rhyme london_bridge --format long
2027-05-21,13:00,SHT-20270521-2,short,The Itsy Bitsy Spider,rhyme,a duck pond ringed with smooth grey stones,"forest green, cream, honey",a friendly goose in a straw hat,PENDING,NOT_STARTED,,python3 scripts/pipeline.py --ref SHT-20270521-2 --rhyme itsy_bitsy --format short
2027-05-21,17:00,VID-20270521-3,long,Hot Cross Buns,rhyme,an orchard of short apple trees in soft afternoon light,"lavender, mint, warm white",a small striped bumblebee with tired wings,PENDING,NOT_STARTED,,python3 scripts/pipeline.py --ref VID-20270521-3 --rhyme hot_cross_buns --format long
2027-05-21,21:00,SHT-20270521-4,short,Skip to My Lou,rhyme,a lighthouse keeper's cottage above a calm bay,"soft teal, apricot, ivory",a soft grey seal pup with wide eyes,PENDING,NOT_STARTED,,python3 scripts/pipeline.py --ref SHT-20270521-4 --rhyme skip_to_lou --format short
2027-05-22,09:00,VID-20270522-1,long,Mary Had a Little Lamb,rhyme,"a market square with striped awnings, early morning","clay pink, olive, sand",a small brown wren with a bright eye,PENDING,NOT_STARTED,,python3 scripts/pipeline.py --ref VID-20270522-1 --rhyme mary_lamb --format long
2027-05-22,13:00,SHT-20270522-2,short,The Grand Old Duke of York,rhyme,a mossy woodland clearing with dappled sunlight,"midnight blue, silver, pale rose",a small round owl with speckled feathers,PENDING,NOT_STARTED,,python3 scripts/pipeline.py --ref SHT-20270522-2 --rhyme duke_york --format short
2027-05-22,17:00,VID-20270522-3,long,"Row, Row, Row Your Boat",rhyme,a sandy cove with gentle waves and rock pools,"moss green, butter yellow, chalk",a patient grey donkey with long ears,PENDING,NOT_STARTED,,python3 scripts/pipeline.py --ref VID-20270522-3 --rhyme row_row --format long
2027-05-22,21:00,SHT-20270522-4,short,"Pat-a-Cake, Pat-a-Cake",rhyme,a greenhouse full of seedlings and watering cans,"russet, cream, slate blue",a curious hedgehog in a knitted scarf,PENDING,NOT_STARTED,,python3 scripts/pipeline.py --ref SHT-20270522-4 --rhyme pat_a_cake --format short
2027-05-23,09:00,VID-20270523-1,long,"Rain, Rain, Go Away",rhyme,a bakery window with warm light and round loaves,"periwinkle, peach, warm grey","a slow, cheerful tortoise",PENDING,NOT_STARTED,,python3 scripts/pipeline.py --ref VID-20270523-1 --rhyme rain_go_away --format long
2027-05-23,13:00,SHT-20270523-2,short,Little Miss Muffet,rhyme,a wildflower field with a low stone wall,"deep plum, sage, oatmeal",a fluffy duckling who hums along,PENDING,NOT_STARTED,,python3 scripts/pipeline.py --ref SHT-20270523-2 --rhyme miss_muffet --format short
2027-05-23,17:00,VID-20270523-3,long,Lavender's Blue,rhyme,a train platform in a tiny country station,"denim blue, wheat, soft white",a gentle brown bear cub,PENDING,NOT_STARTED,,python3 scripts/pipeline.py --ref VID-20270523-3 --rhyme lavenders_blue --format long
2027-05-23,21:00,SHT-20270523-4,short,This Little Piggy,rhyme,a hillside sheep pasture under drifting clouds,"pine green, copper, bone",a shy grey rabbit with one folded ear,PENDING,NOT_STARTED,,python3 scripts/pipeline.py --ref SHT-20270523-4 --rhyme this_piggy --format short
2027-05-24,09:00,VID-20270524-1,long,Humpty Dumpty,rhyme,a cobbled lane with window boxes and a blue door,"mauve, straw, dove grey",a tidy badger with round spectacles,PENDING,NOT_STARTED,,python3 scripts/pipeline.py --ref VID-20270524-1 --rhyme humpty --format long
2027-05-24,13:00,SHT-20270524-2,short,Ring a Ring o' Roses,rhyme,a frozen pond with soft snow on the reeds,"seafoam, coral, linen",a sleepy orange cat with a bell,PENDING,NOT_STARTED,,python3 scripts/pipeline.py --ref SHT-20270524-2 --rhyme ring_roses --format short
2027-05-24,17:00,VID-20270524-3,long,Polly Put the Kettle On,rhyme,"a rope bridge over a shallow, sunny stream","deep indigo, soft gold, cream",a small red fox with a white-tipped tail,PENDING,NOT_STARTED,,python3 scripts/pipeline.py --ref VID-20270524-3 --rhyme polly_kettle --format long
2027-05-24,21:00,SHT-20270524-4,short,Simple Simon,rhyme,a hay loft with warm light through the slats,"sage green, warm terracotta, oat",a woolly lamb with a crooked fringe,PENDING,NOT_STARTED,,python3 scripts/pipeline.py --ref SHT-20270524-4 --rhyme simple_simon --format short
2027-05-25,09:00,VID-20270525-1,long,Pop Goes the Weasel,rhyme,a quiet hilltop meadow under a wide evening sky,"dusty blue, buttermilk, pale coral",a bright green frog in wellington boots,PENDING,NOT_STARTED,,python3 scripts/pipeline.py --ref VID-20270525-1 --rhyme pop_weasel --format long
2027-05-25,13:00,SHT-20270525-2,short,"Mary, Mary, Quite Contrary",rhyme,a cosy wooden treehouse with round windows,"plum, mustard, soft grey",a plump robin with a red waistcoat,PENDING,NOT_STARTED,,python3 scripts/pipeline.py --ref SHT-20270525-2 --rhyme mary_contrary --format short
2027-05-25,17:00,VID-20270525-3,long,"Peter, Peter, Pumpkin Eater",rhyme,a small harbour where painted boats bob at their moorings,"forest green, cream, honey",a spotted puppy with oversized paws,PENDING,NOT_STARTED,,python3 scripts/pipeline.py --ref VID-20270525-3 --rhyme peter_pumpkin --format long
2027-05-25,21:00,SHT-20270525-4,short,Old MacDonald Had a Farm,rhyme,a sunlit kitchen garden with tall sunflowers,"lavender, mint, warm white",a quiet grey mouse with a patchwork bag,PENDING,NOT_STARTED,,python3 scripts/pipeline.py --ref SHT-20270525-4 --rhyme old_macdonald --format short
2027-05-26,09:00,VID-20270526-1,long,"Pat-a-Cake, Pat-a-Cake",rhyme,a snowy village square with warm lantern light,"soft teal, apricot, ivory",a friendly goose in a straw hat,PENDING,NOT_STARTED,,python3 scripts/pipeline.py --ref VID-20270526-1 --rhyme pat_a_cake --format long
2027-05-26,13:00,SHT-20270526-2,short,Curly Locks,rhyme,a riverbank where willows dip into slow water,"clay pink, olive, sand",a small striped bumblebee with tired wings,PENDING,NOT_STARTED,,python3 scripts/pipeline.py --ref SHT-20270526-2 --rhyme curly_locks --format short
2027-05-26,17:00,VID-20270526-3,long,This Little Piggy,rhyme,a friendly red barn at the edge of a green field,"midnight blue, silver, pale rose",a soft grey seal pup with wide eyes,PENDING,NOT_STARTED,,python3 scripts/pipeline.py --ref VID-20270526-3 --rhyme this_piggy --format long
2027-05-26,21:00,SHT-20270526-4,short,Bobby Shafto's Gone to Sea,rhyme,a bright attic room full of soft toys and books,"moss green, butter yellow, chalk",a small brown wren with a bright eye,PENDING,NOT_STARTED,,python3 scripts/pipeline.py --ref SHT-20270526-4 --rhyme bobby_shafto --format short
2027-05-27,09:00,VID-20270527-1,long,Little Miss Muffet,rhyme,a windmill on a low hill with long grass,"russet, cream, slate blue",a small round owl with speckled feathers,PENDING,NOT_STARTED,,python3 scripts/pipeline.py --ref VID-20270527-1 --rhyme miss_muffet --format long
2027-05-27,13:00,SHT-20270527-2,short,The Muffin Man,rhyme,a duck pond ringed with smooth grey stones,"periwinkle, peach, warm grey",a patient grey donkey with long ears,PENDING,NOT_STARTED,,python3 scripts/pipeline.py --ref SHT-20270527-2 --rhyme muffin_man --format short
2027-05-27,17:00,VID-20270527-3,long,"Tom, Tom, the Piper's Son",rhyme,an orchard of short apple trees in soft afternoon light,"deep plum, sage, oatmeal",a curious hedgehog in a knitted scarf,PENDING,NOT_STARTED,,python3 scripts/pipeline.py --ref VID-20270527-3 --rhyme tom_piper --format long
2027-05-27,21:00,SHT-20270527-4,short,Hickory Dickory Dock,rhyme,a lighthouse keeper's cottage above a calm bay,"denim blue, wheat, soft white","a slow, cheerful tortoise",PENDING,NOT_STARTED,,python3 scripts/pipeline.py --ref SHT-20270527-4 --rhyme hickory_dickory --format short
2027-05-28,09:00,VID-20270528-1,long,Hey Diddle Diddle,rhyme,"a market square with striped awnings, early morning","pine green, copper, bone",a fluffy duckling who hums along,PENDING,NOT_STARTED,,python3 scripts/pipeline.py --ref VID-20270528-1 --rhyme hey_diddle --format long
2027-05-28,13:00,SHT-20270528-2,short,Lavender's Blue,rhyme,a mossy woodland clearing with dappled sunlight,"mauve, straw, dove grey",a gentle brown bear cub,PENDING,NOT_STARTED,,python3 scripts/pipeline.py --ref SHT-20270528-2 --rhyme lavenders_blue --format short
2027-05-28,17:00,VID-20270528-3,long,Ring a Ring o' Roses,rhyme,a sandy cove with gentle waves and rock pools,"seafoam, coral, linen",a shy grey rabbit with one folded ear,PENDING,NOT_STARTED,,python3 scripts/pipeline.py --ref VID-20270528-3 --rhyme ring_roses --format long
2027-05-28,21:00,SHT-20270528-4,short,"Baa, Baa, Black Sheep",rhyme,a greenhouse full of seedlings and watering cans,"deep indigo, soft gold, cream",a tidy badger with round spectacles,PENDING,NOT_STARTED,,python3 scripts/pipeline.py --ref SHT-20270528-4 --rhyme baa_baa --format short
2027-05-29,09:00,VID-20270529-1,long,Diddle Diddle Dumpling,rhyme,a bakery window with warm light and round loaves,"sage green, warm terracotta, oat",a sleepy orange cat with a bell,PENDING,NOT_STARTED,,python3 scripts/pipeline.py --ref VID-20270529-1 --rhyme diddle_dumpling --format long
2027-05-29,13:00,SHT-20270529-2,short,Humpty Dumpty,rhyme,a wildflower field with a low stone wall,"dusty blue, buttermilk, pale coral",a small red fox with a white-tipped tail,PENDING,NOT_STARTED,,python3 scripts/pipeline.py --ref SHT-20270529-2 --rhyme humpty --format short
2027-05-29,17:00,VID-20270529-3,long,The Farmer in the Dell,rhyme,a train platform in a tiny country station,"plum, mustard, soft grey",a woolly lamb with a crooked fringe,PENDING,NOT_STARTED,,python3 scripts/pipeline.py --ref VID-20270529-3 --rhyme farmer_dell --format long
2027-05-29,21:00,SHT-20270529-4,short,Georgie Porgie,rhyme,a hillside sheep pasture under drifting clouds,"forest green, cream, honey",a bright green frog in wellington boots,PENDING,NOT_STARTED,,python3 scripts/pipeline.py --ref SHT-20270529-4 --rhyme georgie_porgie --format short
2027-05-30,09:00,VID-20270530-1,long,Frere Jacques (Are You Sleeping?),rhyme,a cobbled lane with window boxes and a blue door,"lavender, mint, warm white",a plump robin with a red waistcoat,PENDING,NOT_STARTED,,python3 scripts/pipeline.py --ref VID-20270530-1 --rhyme frere_jacques --format long
2027-05-30,13:00,SHT-20270530-2,short,"Peter, Peter, Pumpkin Eater",rhyme,a frozen pond with soft snow on the reeds,"soft teal, apricot, ivory",a spotted puppy with oversized paws,PENDING,NOT_STARTED,,python3 scripts/pipeline.py --ref SHT-20270530-2 --rhyme peter_pumpkin --format short
2027-05-30,17:00,VID-20270530-3,long,"Star Light, Star Bright",rhyme,"a rope bridge over a shallow, sunny stream","clay pink, olive, sand",a quiet grey mouse with a patchwork bag,PENDING,NOT_STARTED,,python3 scripts/pipeline.py --ref VID-20270530-3 --rhyme star_light --format long
2027-05-30,21:00,SHT-20270530-4,short,There Was an Old Woman Who Lived in a Shoe,rhyme,a hay loft with warm light through the slats,"midnight blue, silver, pale rose",a friendly goose in a straw hat,PENDING,NOT_STARTED,,python3 scripts/pipeline.py --ref SHT-20270530-4 --rhyme old_woman_shoe --format short
2027-05-31,09:00,VID-20270531-1,long,Cock-a-Doodle-Doo,rhyme,a quiet hilltop meadow under a wide evening sky,"moss green, butter yellow, chalk",a small striped bumblebee with tired wings,PENDING,NOT_STARTED,,python3 scripts/pipeline.py --ref VID-20270531-1 --rhyme cock_doodle --format long
2027-05-31,13:00,SHT-20270531-2,short,Polly Put the Kettle On,rhyme,a cosy wooden treehouse with round windows,"russet, cream, slate blue",a soft grey seal pup with wide eyes,PENDING,NOT_STARTED,,python3 scripts/pipeline.py --ref SHT-20270531-2 --rhyme polly_kettle --format short
2027-05-31,17:00,VID-20270531-3,long,Jack and Jill,rhyme,a small harbour where painted boats bob at their moorings,"periwinkle, peach, warm grey",a small brown wren with a bright eye,PENDING,NOT_STARTED,,python3 scripts/pipeline.py --ref VID-20270531-3 --rhyme jack_jill --format long
2027-05-31,21:00,SHT-20270531-4,short,Little Jack Horner,rhyme,a sunlit kitchen garden with tall sunflowers,"deep plum, sage, oatmeal",a small round owl with speckled feathers,PENDING,NOT_STARTED,,python3 scripts/pipeline.py --ref SHT-20270531-4 --rhyme jack_horner --format short
2027-06-01,09:00,VID-20270601-1,long,"Twinkle, Twinkle, Little Star",rhyme,a snowy village square with warm lantern light,"denim blue, wheat, soft white",a patient grey donkey with long ears,PENDING,NOT_STARTED,,python3 scripts/pipeline.py --ref VID-20270601-1 --rhyme twinkle --format long
2027-06-01,13:00,SHT-20270601-2,short,Hot Cross Buns,rhyme,a riverbank where willows dip into slow water,"pine green, copper, bone",a curious hedgehog in a knitted scarf,PENDING,NOT_STARTED,,python3 scripts/pipeline.py --ref SHT-20270601-2 --rhyme hot_cross_buns --format short
2027-06-01,17:00,VID-20270601-3,long,The Muffin Man,rhyme,a friendly red barn at the edge of a green field,"mauve, straw, dove grey","a slow, cheerful tortoise",PENDING,NOT_STARTED,,python3 scripts/pipeline.py --ref VID-20270601-3 --rhyme muffin_man --format long
2027-06-01,21:00,SHT-20270601-4,short,Diddle Diddle Dumpling,rhyme,a bright attic room full of soft toys and books,"seafoam, coral, linen",a fluffy duckling who hums along,PENDING,NOT_STARTED,,python3 scripts/pipeline.py --ref SHT-20270601-4 --rhyme diddle_dumpling --format short
2027-06-02,09:00,VID-20270602-1,long,Wee Willie Winkie,rhyme,a windmill on a low hill with long grass,"deep indigo, soft gold, cream",a gentle brown bear cub,PENDING,NOT_STARTED,,python3 scripts/pipeline.py --ref VID-20270602-1 --rhyme wee_willie --format long
2027-06-02,13:00,SHT-20270602-2,short,Three Blind Mice,rhyme,a duck pond ringed with smooth grey stones,"sage green, warm terracotta, oat",a shy grey rabbit with one folded ear,PENDING,NOT_STARTED,,python3 scripts/pipeline.py --ref SHT-20270602-2 --rhyme three_mice --format short
2027-06-02,17:00,VID-20270602-3,long,Little Bo-Peep,rhyme,an orchard of short apple trees in soft afternoon light,"dusty blue, buttermilk, pale coral",a tidy badger with round spectacles,PENDING,NOT_STARTED,,python3 scripts/pipeline.py --ref VID-20270602-3 --rhyme bo_peep --format long
2027-06-02,21:00,SHT-20270602-4,short,Pop Goes the Weasel,rhyme,a lighthouse keeper's cottage above a calm bay,"plum, mustard, soft grey",a sleepy orange cat with a bell,PENDING,NOT_STARTED,,python3 scripts/pipeline.py --ref SHT-20270602-4 --rhyme pop_weasel --format short
2027-06-03,09:00,VID-20270603-1,long,Ding Dong Bell,rhyme,"a market square with striped awnings, early morning","forest green, cream, honey",a small red fox with a white-tipped tail,PENDING,NOT_STARTED,,python3 scripts/pipeline.py --ref VID-20270603-1 --rhyme ding_dong_bell --format long
2027-06-03,13:00,SHT-20270603-2,short,"Row, Row, Row Your Boat",rhyme,a mossy woodland clearing with dappled sunlight,"lavender, mint, warm white",a woolly lamb with a crooked fringe,PENDING,NOT_STARTED,,python3 scripts/pipeline.py --ref SHT-20270603-2 --rhyme row_row --format short
2027-06-03,17:00,VID-20270603-3,long,Bobby Shafto's Gone to Sea,rhyme,a sandy cove with gentle waves and rock pools,"soft teal, apricot, ivory",a bright green frog in wellington boots,PENDING,NOT_STARTED,,python3 scripts/pipeline.py --ref VID-20270603-3 --rhyme bobby_shafto --format long
2027-06-03,21:00,SHT-20270603-4,short,The Farmer in the Dell,rhyme,a greenhouse full of seedlings and watering cans,"clay pink, olive, sand",a plump robin with a red waistcoat,PENDING,NOT_STARTED,,python3 scripts/pipeline.py --ref SHT-20270603-4 --rhyme farmer_dell --format short
2027-06-04,09:00,VID-20270604-1,long,The Grand Old Duke of York,rhyme,a bakery window with warm light and round loaves,"midnight blue, silver, pale rose",a spotted puppy with oversized paws,PENDING,NOT_STARTED,,python3 scripts/pipeline.py --ref VID-20270604-1 --rhyme duke_york --format long
2027-06-04,13:00,SHT-20270604-2,short,Mary Had a Little Lamb,rhyme,a wildflower field with a low stone wall,"moss green, butter yellow, chalk",a quiet grey mouse with a patchwork bag,PENDING,NOT_STARTED,,python3 scripts/pipeline.py --ref SHT-20270604-2 --rhyme mary_lamb --format short
2027-06-04,17:00,VID-20270604-3,long,Georgie Porgie,rhyme,a train platform in a tiny country station,"russet, cream, slate blue",a friendly goose in a straw hat,PENDING,NOT_STARTED,,python3 scripts/pipeline.py --ref VID-20270604-3 --rhyme georgie_porgie --format long
2027-06-04,21:00,SHT-20270604-4,short,"One, Two, Buckle My Shoe",counting,a hillside sheep pasture under drifting clouds,"periwinkle, peach, warm grey",a small striped bumblebee with tired wings,PENDING,NOT_STARTED,,python3 scripts/pipeline.py --ref SHT-20270604-4 --rhyme one_two_buckle --format short
2027-06-05,09:00,VID-20270605-1,long,There Was an Old Woman Who Lived in a Shoe,rhyme,a cobbled lane with window boxes and a blue door,"deep plum, sage, oatmeal",a soft grey seal pup with wide eyes,PENDING,NOT_STARTED,,python3 scripts/pipeline.py --ref VID-20270605-1 --rhyme old_woman_shoe --format long
2027-06-05,13:00,SHT-20270605-2,short,London Bridge Is Falling Down,rhyme,a frozen pond with soft snow on the reeds,"denim blue, wheat, soft white",a small brown wren with a bright eye,PENDING,NOT_STARTED,,python3 scripts/pipeline.py --ref SHT-20270605-2 --rhyme london_bridge --format short
2027-06-05,17:00,VID-20270605-3,long,Yankee Doodle,rhyme,"a rope bridge over a shallow, sunny stream","pine green, copper, bone",a small round owl with speckled feathers,PENDING,NOT_STARTED,,python3 scripts/pipeline.py --ref VID-20270605-3 --rhyme yankee_doodle --format long
2027-06-05,21:00,SHT-20270605-4,short,Oranges and Lemons,rhyme,a hay loft with warm light through the slats,"mauve, straw, dove grey",a patient grey donkey with long ears,PENDING,NOT_STARTED,,python3 scripts/pipeline.py --ref SHT-20270605-4 --rhyme oranges_lemons --format short
2027-06-06,09:00,VID-20270606-1,long,"Mary, Mary, Quite Contrary",rhyme,a quiet hilltop meadow under a wide evening sky,"seafoam, coral, linen",a curious hedgehog in a knitted scarf,PENDING,NOT_STARTED,,python3 scripts/pipeline.py --ref VID-20270606-1 --rhyme mary_contrary --format long
2027-06-06,13:00,SHT-20270606-2,short,"Star Light, Star Bright",rhyme,a cosy wooden treehouse with round windows,"deep indigo, soft gold, cream","a slow, cheerful tortoise",PENDING,NOT_STARTED,,python3 scripts/pipeline.py --ref SHT-20270606-2 --rhyme star_light --format short
2027-06-06,17:00,VID-20270606-3,long,The Itsy Bitsy Spider,rhyme,a small harbour where painted boats bob at their moorings,"sage green, warm terracotta, oat",a fluffy duckling who hums along,PENDING,NOT_STARTED,,python3 scripts/pipeline.py --ref VID-20270606-3 --rhyme itsy_bitsy --format long
2027-06-06,21:00,SHT-20270606-4,short,Frere Jacques (Are You Sleeping?),rhyme,a sunlit kitchen garden with tall sunflowers,"dusty blue, buttermilk, pale coral",a gentle brown bear cub,PENDING,NOT_STARTED,,python3 scripts/pipeline.py --ref SHT-20270606-4 --rhyme frere_jacques --format short
2027-06-07,09:00,VID-20270607-1,long,"One, Two, Buckle My Shoe",counting,a snowy village square with warm lantern light,"plum, mustard, soft grey",a shy grey rabbit with one folded ear,PENDING,NOT_STARTED,,python3 scripts/pipeline.py --ref VID-20270607-1 --rhyme one_two_buckle --format long
2027-06-07,13:00,SHT-20270607-2,short,Old King Cole,rhyme,a riverbank where willows dip into slow water,"forest green, cream, honey",a tidy badger with round spectacles,PENDING,NOT_STARTED,,python3 scripts/pipeline.py --ref SHT-20270607-2 --rhyme old_king_cole --format short
2027-06-07,17:00,VID-20270607-3,long,Old King Cole,rhyme,a friendly red barn at the edge of a green field,"lavender, mint, warm white",a sleepy orange cat with a bell,PENDING,NOT_STARTED,,python3 scripts/pipeline.py --ref VID-20270607-3 --rhyme old_king_cole --format long
2027-06-07,21:00,SHT-20270607-4,short,"Rain, Rain, Go Away",rhyme,a bright attic room full of soft toys and books,"soft teal, apricot, ivory",a small red fox with a white-tipped tail,PENDING,NOT_STARTED,,python3 scripts/pipeline.py --ref SHT-20270607-4 --rhyme rain_go_away --format short
2027-06-08,09:00,VID-20270608-1,long,Simple Simon,rhyme,a windmill on a low hill with long grass,"clay pink, olive, sand",a woolly lamb with a crooked fringe,PENDING,NOT_STARTED,,python3 scripts/pipeline.py --ref VID-20270608-1 --rhyme simple_simon --format long
2027-06-08,13:00,SHT-20270608-2,short,Yankee Doodle,rhyme,a duck pond ringed with smooth grey stones,"midnight blue, silver, pale rose",a bright green frog in wellington boots,PENDING,NOT_STARTED,,python3 scripts/pipeline.py --ref SHT-20270608-2 --rhyme yankee_doodle --format short
2027-06-08,17:00,VID-20270608-3,long,"Baa, Baa, Black Sheep",rhyme,an orchard of short apple trees in soft afternoon light,"moss green, butter yellow, chalk",a plump robin with a red waistcoat,PENDING,NOT_STARTED,,python3 scripts/pipeline.py --ref VID-20270608-3 --rhyme baa_baa --format long
2027-06-08,21:00,SHT-20270608-4,short,Jack Be Nimble,rhyme,a lighthouse keeper's cottage above a calm bay,"russet, cream, slate blue",a spotted puppy with oversized paws,PENDING,NOT_STARTED,,python3 scripts/pipeline.py --ref SHT-20270608-4 --rhyme jack_nimble --format short
2027-06-09,09:00,VID-20270609-1,long,Rock-a-Bye Baby,lullaby,"a market square with striped awnings, early morning","periwinkle, peach, warm grey",a quiet grey mouse with a patchwork bag,PENDING,NOT_STARTED,,python3 scripts/pipeline.py --ref VID-20270609-1 --rhyme rock_a_bye --format long
2027-06-09,13:00,SHT-20270609-2,short,"Twinkle, Twinkle, Little Star",rhyme,a mossy woodland clearing with dappled sunlight,"deep plum, sage, oatmeal",a friendly goose in a straw hat,PENDING,NOT_STARTED,,python3 scripts/pipeline.py --ref SHT-20270609-2 --rhyme twinkle --format short
2027-06-09,17:00,VID-20270609-3,long,Jack Be Nimble,rhyme,a sandy cove with gentle waves and rock pools,"denim blue, wheat, soft white",a small striped bumblebee with tired wings,PENDING,NOT_STARTED,,python3 scripts/pipeline.py --ref VID-20270609-3 --rhyme jack_nimble --format long
2027-06-09,21:00,SHT-20270609-4,short,Little Bo-Peep,rhyme,a greenhouse full of seedlings and watering cans,"pine green, copper, bone",a soft grey seal pup with wide eyes,PENDING,NOT_STARTED,,python3 scripts/pipeline.py --ref SHT-20270609-4 --rhyme bo_peep --format short
2027-06-10,09:00,VID-20270610-1,long,Little Jack Horner,rhyme,a bakery window with warm light and round loaves,"mauve, straw, dove grey",a small brown wren with a bright eye,PENDING,NOT_STARTED,,python3 scripts/pipeline.py --ref VID-20270610-1 --rhyme jack_horner --format long
2027-06-10,13:00,SHT-20270610-2,short,Cock-a-Doodle-Doo,rhyme,a wildflower field with a low stone wall,"seafoam, coral, linen",a small round owl with speckled feathers,PENDING,NOT_STARTED,,python3 scripts/pipeline.py --ref SHT-20270610-2 --rhyme cock_doodle --format short
2027-06-10,17:00,VID-20270610-3,long,Hickory Dickory Dock,rhyme,a train platform in a tiny country station,"deep indigo, soft gold, cream",a patient grey donkey with long ears,PENDING,NOT_STARTED,,python3 scripts/pipeline.py --ref VID-20270610-3 --rhyme hickory_dickory --format long
2027-06-10,21:00,SHT-20270610-4,short,Hey Diddle Diddle,rhyme,a hillside sheep pasture under drifting clouds,"sage green, warm terracotta, oat",a curious hedgehog in a knitted scarf,PENDING,NOT_STARTED,,python3 scripts/pipeline.py --ref SHT-20270610-4 --rhyme hey_diddle --format short
2027-06-11,09:00,VID-20270611-1,long,Old MacDonald Had a Farm,rhyme,a cobbled lane with window boxes and a blue door,"dusty blue, buttermilk, pale coral","a slow, cheerful tortoise",PENDING,NOT_STARTED,,python3 scripts/pipeline.py --ref VID-20270611-1 --rhyme old_macdonald --format long
2027-06-11,13:00,SHT-20270611-2,short,Ding Dong Bell,rhyme,a frozen pond with soft snow on the reeds,"plum, mustard, soft grey",a fluffy duckling who hums along,PENDING,NOT_STARTED,,python3 scripts/pipeline.py --ref SHT-20270611-2 --rhyme ding_dong_bell --format short
2027-06-11,17:00,VID-20270611-3,long,Three Blind Mice,rhyme,"a rope bridge over a shallow, sunny stream","forest green, cream, honey",a gentle brown bear cub,PENDING,NOT_STARTED,,python3 scripts/pipeline.py --ref VID-20270611-3 --rhyme three_mice --format long
2027-06-11,21:00,SHT-20270611-4,short,Wee Willie Winkie,rhyme,a hay loft with warm light through the slats,"lavender, mint, warm white",a shy grey rabbit with one folded ear,PENDING,NOT_STARTED,,python3 scripts/pipeline.py --ref SHT-20270611-4 --rhyme wee_willie --format short
2027-06-12,09:00,VID-20270612-1,long,Curly Locks,rhyme,a quiet hilltop meadow under a wide evening sky,"soft teal, apricot, ivory",a tidy badger with round spectacles,PENDING,NOT_STARTED,,python3 scripts/pipeline.py --ref VID-20270612-1 --rhyme curly_locks --format long
2027-06-12,13:00,SHT-20270612-2,short,"Tom, Tom, the Piper's Son",rhyme,a cosy wooden treehouse with round windows,"clay pink, olive, sand",a sleepy orange cat with a bell,PENDING,NOT_STARTED,,python3 scripts/pipeline.py --ref SHT-20270612-2 --rhyme tom_piper --format short
2027-06-12,17:00,VID-20270612-3,long,"Hush, Little Baby",lullaby,a small harbour where painted boats bob at their moorings,"midnight blue, silver, pale rose",a small red fox with a white-tipped tail,PENDING,NOT_STARTED,,python3 scripts/pipeline.py --ref VID-20270612-3 --rhyme hush_little_baby --format long
2027-06-12,21:00,SHT-20270612-4,short,Jack and Jill,rhyme,a sunlit kitchen garden with tall sunflowers,"moss green, butter yellow, chalk",a woolly lamb with a crooked fringe,PENDING,NOT_STARTED,,python3 scripts/pipeline.py --ref SHT-20270612-4 --rhyme jack_jill --format short
2027-06-13,09:00,VID-20270613-1,long,Skip to My Lou,rhyme,a snowy village square with warm lantern light,"russet, cream, slate blue",a bright green frog in wellington boots,PENDING,NOT_STARTED,,python3 scripts/pipeline.py --ref VID-20270613-1 --rhyme skip_to_lou --format long
2027-06-13,13:00,SHT-20270613-2,short,The Itsy Bitsy Spider,rhyme,a riverbank where willows dip into slow water,"periwinkle, peach, warm grey",a plump robin with a red waistcoat,PENDING,NOT_STARTED,,python3 scripts/pipeline.py --ref SHT-20270613-2 --rhyme itsy_bitsy --format short
2027-06-13,17:00,VID-20270613-3,long,Oranges and Lemons,rhyme,a friendly red barn at the edge of a green field,"deep plum, sage, oatmeal",a spotted puppy with oversized paws,PENDING,NOT_STARTED,,python3 scripts/pipeline.py --ref VID-20270613-3 --rhyme oranges_lemons --format long
2027-06-13,21:00,SHT-20270613-4,short,Skip to My Lou,rhyme,a bright attic room full of soft toys and books,"denim blue, wheat, soft white",a quiet grey mouse with a patchwork bag,PENDING,NOT_STARTED,,python3 scripts/pipeline.py --ref SHT-20270613-4 --rhyme skip_to_lou --format short
2027-06-14,09:00,VID-20270614-1,long,London Bridge Is Falling Down,rhyme,a windmill on a low hill with long grass,"pine green, copper, bone",a friendly goose in a straw hat,PENDING,NOT_STARTED,,python3 scripts/pipeline.py --ref VID-20270614-1 --rhyme london_bridge --format long
2027-06-14,13:00,SHT-20270614-2,short,The Grand Old Duke of York,rhyme,a duck pond ringed with smooth grey stones,"mauve, straw, dove grey",a small striped bumblebee with tired wings,PENDING,NOT_STARTED,,python3 scripts/pipeline.py --ref SHT-20270614-2 --rhyme duke_york --format short
2027-06-14,17:00,VID-20270614-3,long,Hot Cross Buns,rhyme,an orchard of short apple trees in soft afternoon light,"seafoam, coral, linen",a soft grey seal pup with wide eyes,PENDING,NOT_STARTED,,python3 scripts/pipeline.py --ref VID-20270614-3 --rhyme hot_cross_buns --format long
2027-06-14,21:00,SHT-20270614-4,short,"Pat-a-Cake, Pat-a-Cake",rhyme,a lighthouse keeper's cottage above a calm bay,"deep indigo, soft gold, cream",a small brown wren with a bright eye,PENDING,NOT_STARTED,,python3 scripts/pipeline.py --ref SHT-20270614-4 --rhyme pat_a_cake --format short
2027-06-15,09:00,VID-20270615-1,long,Mary Had a Little Lamb,rhyme,"a market square with striped awnings, early morning","sage green, warm terracotta, oat",a small round owl with speckled feathers,PENDING,NOT_STARTED,,python3 scripts/pipeline.py --ref VID-20270615-1 --rhyme mary_lamb --format long
2027-06-15,13:00,SHT-20270615-2,short,Little Miss Muffet,rhyme,a mossy woodland clearing with dappled sunlight,"dusty blue, buttermilk, pale coral",a patient grey donkey with long ears,PENDING,NOT_STARTED,,python3 scripts/pipeline.py --ref SHT-20270615-2 --rhyme miss_muffet --format short
2027-06-15,17:00,VID-20270615-3,long,"Row, Row, Row Your Boat",rhyme,a sandy cove with gentle waves and rock pools,"plum, mustard, soft grey",a curious hedgehog in a knitted scarf,PENDING,NOT_STARTED,,python3 scripts/pipeline.py --ref VID-20270615-3 --rhyme row_row --format long
2027-06-15,21:00,SHT-20270615-4,short,This Little Piggy,rhyme,a greenhouse full of seedlings and watering cans,"forest green, cream, honey","a slow, cheerful tortoise",PENDING,NOT_STARTED,,python3 scripts/pipeline.py --ref SHT-20270615-4 --rhyme this_piggy --format short
2027-06-16,09:00,VID-20270616-1,long,"Rain, Rain, Go Away",rhyme,a bakery window with warm light and round loaves,"lavender, mint, warm white",a fluffy duckling who hums along,PENDING,NOT_STARTED,,python3 scripts/pipeline.py --ref VID-20270616-1 --rhyme rain_go_away --format long
2027-06-16,13:00,SHT-20270616-2,short,Ring a Ring o' Roses,rhyme,a wildflower field with a low stone wall,"soft teal, apricot, ivory",a gentle brown bear cub,PENDING,NOT_STARTED,,python3 scripts/pipeline.py --ref SHT-20270616-2 --rhyme ring_roses --format short
2027-06-16,17:00,VID-20270616-3,long,Lavender's Blue,rhyme,a train platform in a tiny country station,"clay pink, olive, sand",a shy grey rabbit with one folded ear,PENDING,NOT_STARTED,,python3 scripts/pipeline.py --ref VID-20270616-3 --rhyme lavenders_blue --format long
2027-06-16,21:00,SHT-20270616-4,short,Simple Simon,rhyme,a hillside sheep pasture under drifting clouds,"midnight blue, silver, pale rose",a tidy badger with round spectacles,PENDING,NOT_STARTED,,python3 scripts/pipeline.py --ref SHT-20270616-4 --rhyme simple_simon --format short
2027-06-17,09:00,VID-20270617-1,long,Humpty Dumpty,rhyme,a cobbled lane with window boxes and a blue door,"moss green, butter yellow, chalk",a sleepy orange cat with a bell,PENDING,NOT_STARTED,,python3 scripts/pipeline.py --ref VID-20270617-1 --rhyme humpty --format long
2027-06-17,13:00,SHT-20270617-2,short,"Mary, Mary, Quite Contrary",rhyme,a frozen pond with soft snow on the reeds,"russet, cream, slate blue",a small red fox with a white-tipped tail,PENDING,NOT_STARTED,,python3 scripts/pipeline.py --ref SHT-20270617-2 --rhyme mary_contrary --format short
2027-06-17,17:00,VID-20270617-3,long,Polly Put the Kettle On,rhyme,"a rope bridge over a shallow, sunny stream","periwinkle, peach, warm grey",a woolly lamb with a crooked fringe,PENDING,NOT_STARTED,,python3 scripts/pipeline.py --ref VID-20270617-3 --rhyme polly_kettle --format long
2027-06-17,21:00,SHT-20270617-4,short,Old MacDonald Had a Farm,rhyme,a hay loft with warm light through the slats,"deep plum, sage, oatmeal",a bright green frog in wellington boots,PENDING,NOT_STARTED,,python3 scripts/pipeline.py --ref SHT-20270617-4 --rhyme old_macdonald --format short
2027-06-18,09:00,VID-20270618-1,long,Pop Goes the Weasel,rhyme,a quiet hilltop meadow under a wide evening sky,"denim blue, wheat, soft white",a plump robin with a red waistcoat,PENDING,NOT_STARTED,,python3 scripts/pipeline.py --ref VID-20270618-1 --rhyme pop_weasel --format long
2027-06-18,13:00,SHT-20270618-2,short,Curly Locks,rhyme,a cosy wooden treehouse with round windows,"pine green, copper, bone",a spotted puppy with oversized paws,PENDING,NOT_STARTED,,python3 scripts/pipeline.py --ref SHT-20270618-2 --rhyme curly_locks --format short
2027-06-18,17:00,VID-20270618-3,long,"Peter, Peter, Pumpkin Eater",rhyme,a small harbour where painted boats bob at their moorings,"mauve, straw, dove grey",a quiet grey mouse with a patchwork bag,PENDING,NOT_STARTED,,python3 scripts/pipeline.py --ref VID-20270618-3 --rhyme peter_pumpkin --format long
2027-06-18,21:00,SHT-20270618-4,short,Bobby Shafto's Gone to Sea,rhyme,a sunlit kitchen garden with tall sunflowers,"seafoam, coral, linen",a friendly goose in a straw hat,PENDING,NOT_STARTED,,python3 scripts/pipeline.py --ref SHT-20270618-4 --rhyme bobby_shafto --format short
2027-06-19,09:00,VID-20270619-1,long,"Pat-a-Cake, Pat-a-Cake",rhyme,a snowy village square with warm lantern light,"deep indigo, soft gold, cream",a small striped bumblebee with tired wings,PENDING,NOT_STARTED,,python3 scripts/pipeline.py --ref VID-20270619-1 --rhyme pat_a_cake --format long
2027-06-19,13:00,SHT-20270619-2,short,The Muffin Man,rhyme,a riverbank where willows dip into slow water,"sage green, warm terracotta, oat",a soft grey seal pup with wide eyes,PENDING,NOT_STARTED,,python3 scripts/pipeline.py --ref SHT-20270619-2 --rhyme muffin_man --format short
2027-06-19,17:00,VID-20270619-3,long,This Little Piggy,rhyme,a friendly red barn at the edge of a green field,"dusty blue, buttermilk, pale coral",a small brown wren with a bright eye,PENDING,NOT_STARTED,,python3 scripts/pipeline.py --ref VID-20270619-3 --rhyme this_piggy --format long
2027-06-19,21:00,SHT-20270619-4,short,Hickory Dickory Dock,rhyme,a bright attic room full of soft toys and books,"plum, mustard, soft grey",a small round owl with speckled feathers,PENDING,NOT_STARTED,,python3 scripts/pipeline.py --ref SHT-20270619-4 --rhyme hickory_dickory --format short
2027-06-20,09:00,VID-20270620-1,long,Little Miss Muffet,rhyme,a windmill on a low hill with long grass,"forest green, cream, honey",a patient grey donkey with long ears,PENDING,NOT_STARTED,,python3 scripts/pipeline.py --ref VID-20270620-1 --rhyme miss_muffet --format long
2027-06-20,13:00,SHT-20270620-2,short,Lavender's Blue,rhyme,a duck pond ringed with smooth grey stones,"lavender, mint, warm white",a curious hedgehog in a knitted scarf,PENDING,NOT_STARTED,,python3 scripts/pipeline.py --ref SHT-20270620-2 --rhyme lavenders_blue --format short
2027-06-20,17:00,VID-20270620-3,long,"Tom, Tom, the Piper's Son",rhyme,an orchard of short apple trees in soft afternoon light,"soft teal, apricot, ivory","a slow, cheerful tortoise",PENDING,NOT_STARTED,,python3 scripts/pipeline.py --ref VID-20270620-3 --rhyme tom_piper --format long
2027-06-20,21:00,SHT-20270620-4,short,"Baa, Baa, Black Sheep",rhyme,a lighthouse keeper's cottage above a calm bay,"clay pink, olive, sand",a fluffy duckling who hums along,PENDING,NOT_STARTED,,python3 scripts/pipeline.py --ref SHT-20270620-4 --rhyme baa_baa --format short
2027-06-21,09:00,VID-20270621-1,long,Hey Diddle Diddle,rhyme,"a market square with striped awnings, early morning","midnight blue, silver, pale rose",a gentle brown bear cub,PENDING,NOT_STARTED,,python3 scripts/pipeline.py --ref VID-20270621-1 --rhyme hey_diddle --format long
2027-06-21,13:00,SHT-20270621-2,short,Humpty Dumpty,rhyme,a mossy woodland clearing with dappled sunlight,"moss green, butter yellow, chalk",a shy grey rabbit with one folded ear,PENDING,NOT_STARTED,,python3 scripts/pipeline.py --ref SHT-20270621-2 --rhyme humpty --format short
2027-06-21,17:00,VID-20270621-3,long,Ring a Ring o' Roses,rhyme,a sandy cove with gentle waves and rock pools,"russet, cream, slate blue",a tidy badger with round spectacles,PENDING,NOT_STARTED,,python3 scripts/pipeline.py --ref VID-20270621-3 --rhyme ring_roses --format long
2027-06-21,21:00,SHT-20270621-4,short,Georgie Porgie,rhyme,a greenhouse full of seedlings and watering cans,"periwinkle, peach, warm grey",a sleepy orange cat with a bell,PENDING,NOT_STARTED,,python3 scripts/pipeline.py --ref SHT-20270621-4 --rhyme georgie_porgie --format short
2027-06-22,09:00,VID-20270622-1,long,Diddle Diddle Dumpling,rhyme,a bakery window with warm light and round loaves,"deep plum, sage, oatmeal",a small red fox with a white-tipped tail,PENDING,NOT_STARTED,,python3 scripts/pipeline.py --ref VID-20270622-1 --rhyme diddle_dumpling --format long
2027-06-22,13:00,SHT-20270622-2,short,"Peter, Peter, Pumpkin Eater",rhyme,a wildflower field with a low stone wall,"denim blue, wheat, soft white",a woolly lamb with a crooked fringe,PENDING,NOT_STARTED,,python3 scripts/pipeline.py --ref SHT-20270622-2 --rhyme peter_pumpkin --format short
2027-06-22,17:00,VID-20270622-3,long,The Farmer in the Dell,rhyme,a train platform in a tiny country station,"pine green, copper, bone",a bright green frog in wellington boots,PENDING,NOT_STARTED,,python3 scripts/pipeline.py --ref VID-20270622-3 --rhyme farmer_dell --format long
2027-06-22,21:00,SHT-20270622-4,short,There Was an Old Woman Who Lived in a Shoe,rhyme,a hillside sheep pasture under drifting clouds,"mauve, straw, dove grey",a plump robin with a red waistcoat,PENDING,NOT_STARTED,,python3 scripts/pipeline.py --ref SHT-20270622-4 --rhyme old_woman_shoe --format short
2027-06-23,09:00,VID-20270623-1,long,Frere Jacques (Are You Sleeping?),rhyme,a cobbled lane with window boxes and a blue door,"seafoam, coral, linen",a spotted puppy with oversized paws,PENDING,NOT_STARTED,,python3 scripts/pipeline.py --ref VID-20270623-1 --rhyme frere_jacques --format long
2027-06-23,13:00,SHT-20270623-2,short,Polly Put the Kettle On,rhyme,a frozen pond with soft snow on the reeds,"deep indigo, soft gold, cream",a quiet grey mouse with a patchwork bag,PENDING,NOT_STARTED,,python3 scripts/pipeline.py --ref SHT-20270623-2 --rhyme polly_kettle --format short
2027-06-23,17:00,VID-20270623-3,long,"Star Light, Star Bright",rhyme,"a rope bridge over a shallow, sunny stream","sage green, warm terracotta, oat",a friendly goose in a straw hat,PENDING,NOT_STARTED,,python3 scripts/pipeline.py --ref VID-20270623-3 --rhyme star_light --format long
2027-06-23,21:00,SHT-20270623-4,short,Little Jack Horner,rhyme,a hay loft with warm light through the slats,"dusty blue, buttermilk, pale coral",a small striped bumblebee with tired wings,PENDING,NOT_STARTED,,python3 scripts/pipeline.py --ref SHT-20270623-4 --rhyme jack_horner --format short
2027-06-24,09:00,VID-20270624-1,long,Cock-a-Doodle-Doo,rhyme,a quiet hilltop meadow under a wide evening sky,"plum, mustard, soft grey",a soft grey seal pup with wide eyes,PENDING,NOT_STARTED,,python3 scripts/pipeline.py --ref VID-20270624-1 --rhyme cock_doodle --format long
2027-06-24,13:00,SHT-20270624-2,short,Hot Cross Buns,rhyme,a cosy wooden treehouse with round windows,"forest green, cream, honey",a small brown wren with a bright eye,PENDING,NOT_STARTED,,python3 scripts/pipeline.py --ref SHT-20270624-2 --rhyme hot_cross_buns --format short
2027-06-24,17:00,VID-20270624-3,long,Jack and Jill,rhyme,a small harbour where painted boats bob at their moorings,"lavender, mint, warm white",a small round owl with speckled feathers,PENDING,NOT_STARTED,,python3 scripts/pipeline.py --ref VID-20270624-3 --rhyme jack_jill --format long
2027-06-24,21:00,SHT-20270624-4,short,Diddle Diddle Dumpling,rhyme,a sunlit kitchen garden with tall sunflowers,"soft teal, apricot, ivory",a patient grey donkey with long ears,PENDING,NOT_STARTED,,python3 scripts/pipeline.py --ref SHT-20270624-4 --rhyme diddle_dumpling --format short
2027-06-25,09:00,VID-20270625-1,long,"Twinkle, Twinkle, Little Star",rhyme,a snowy village square with warm lantern light,"clay pink, olive, sand",a curious hedgehog in a knitted scarf,PENDING,NOT_STARTED,,python3 scripts/pipeline.py --ref VID-20270625-1 --rhyme twinkle --format long
2027-06-25,13:00,SHT-20270625-2,short,Three Blind Mice,rhyme,a riverbank where willows dip into slow water,"midnight blue, silver, pale rose","a slow, cheerful tortoise",PENDING,NOT_STARTED,,python3 scripts/pipeline.py --ref SHT-20270625-2 --rhyme three_mice --format short
2027-06-25,17:00,VID-20270625-3,long,The Muffin Man,rhyme,a friendly red barn at the edge of a green field,"moss green, butter yellow, chalk",a fluffy duckling who hums along,PENDING,NOT_STARTED,,python3 scripts/pipeline.py --ref VID-20270625-3 --rhyme muffin_man --format long
2027-06-25,21:00,SHT-20270625-4,short,Pop Goes the Weasel,rhyme,a bright attic room full of soft toys and books,"russet, cream, slate blue",a gentle brown bear cub,PENDING,NOT_STARTED,,python3 scripts/pipeline.py --ref SHT-20270625-4 --rhyme pop_weasel --format short
2027-06-26,09:00,VID-20270626-1,long,Wee Willie Winkie,rhyme,a windmill on a low hill with long grass,"periwinkle, peach, warm grey",a shy grey rabbit with one folded ear,PENDING,NOT_STARTED,,python3 scripts/pipeline.py --ref VID-20270626-1 --rhyme wee_willie --format long
2027-06-26,13:00,SHT-20270626-2,short,"Row, Row, Row Your Boat",rhyme,a duck pond ringed with smooth grey stones,"deep plum, sage, oatmeal",a tidy badger with round spectacles,PENDING,NOT_STARTED,,python3 scripts/pipeline.py --ref SHT-20270626-2 --rhyme row_row --format short
2027-06-26,17:00,VID-20270626-3,long,Little Bo-Peep,rhyme,an orchard of short apple trees in soft afternoon light,"denim blue, wheat, soft white",a sleepy orange cat with a bell,PENDING,NOT_STARTED,,python3 scripts/pipeline.py --ref VID-20270626-3 --rhyme bo_peep --format long
2027-06-26,21:00,SHT-20270626-4,short,The Farmer in the Dell,rhyme,a lighthouse keeper's cottage above a calm bay,"pine green, copper, bone",a small red fox with a white-tipped tail,PENDING,NOT_STARTED,,python3 scripts/pipeline.py --ref SHT-20270626-4 --rhyme farmer_dell --format short
2027-06-27,09:00,VID-20270627-1,long,Ding Dong Bell,rhyme,"a market square with striped awnings, early morning","mauve, straw, dove grey",a woolly lamb with a crooked fringe,PENDING,NOT_STARTED,,python3 scripts/pipeline.py --ref VID-20270627-1 --rhyme ding_dong_bell --format long
2027-06-27,13:00,SHT-20270627-2,short,Mary Had a Little Lamb,rhyme,a mossy woodland clearing with dappled sunlight,"seafoam, coral, linen",a bright green frog in wellington boots,PENDING,NOT_STARTED,,python3 scripts/pipeline.py --ref SHT-20270627-2 --rhyme mary_lamb --format short
2027-06-27,17:00,VID-20270627-3,long,Bobby Shafto's Gone to Sea,rhyme,a sandy cove with gentle waves and rock pools,"deep indigo, soft gold, cream",a plump robin with a red waistcoat,PENDING,NOT_STARTED,,python3 scripts/pipeline.py --ref VID-20270627-3 --rhyme bobby_shafto --format long
2027-06-27,21:00,SHT-20270627-4,short,"One, Two, Buckle My Shoe",counting,a greenhouse full of seedlings and watering cans,"sage green, warm terracotta, oat",a spotted puppy with oversized paws,PENDING,NOT_STARTED,,python3 scripts/pipeline.py --ref SHT-20270627-4 --rhyme one_two_buckle --format short
2027-06-28,09:00,VID-20270628-1,long,The Grand Old Duke of York,rhyme,a bakery window with warm light and round loaves,"dusty blue, buttermilk, pale coral",a quiet grey mouse with a patchwork bag,PENDING,NOT_STARTED,,python3 scripts/pipeline.py --ref VID-20270628-1 --rhyme duke_york --format long
2027-06-28,13:00,SHT-20270628-2,short,London Bridge Is Falling Down,rhyme,a wildflower field with a low stone wall,"plum, mustard, soft grey",a friendly goose in a straw hat,PENDING,NOT_STARTED,,python3 scripts/pipeline.py --ref SHT-20270628-2 --rhyme london_bridge --format short
2027-06-28,17:00,VID-20270628-3,long,Georgie Porgie,rhyme,a train platform in a tiny country station,"forest green, cream, honey",a small striped bumblebee with tired wings,PENDING,NOT_STARTED,,python3 scripts/pipeline.py --ref VID-20270628-3 --rhyme georgie_porgie --format long
2027-06-28,21:00,SHT-20270628-4,short,Oranges and Lemons,rhyme,a hillside sheep pasture under drifting clouds,"lavender, mint, warm white",a soft grey seal pup with wide eyes,PENDING,NOT_STARTED,,python3 scripts/pipeline.py --ref SHT-20270628-4 --rhyme oranges_lemons --format short
2027-06-29,09:00,VID-20270629-1,long,There Was an Old Woman Who Lived in a Shoe,rhyme,a cobbled lane with window boxes and a blue door,"soft teal, apricot, ivory",a small brown wren with a bright eye,PENDING,NOT_STARTED,,python3 scripts/pipeline.py --ref VID-20270629-1 --rhyme old_woman_shoe --format long
2027-06-29,13:00,SHT-20270629-2,short,"Star Light, Star Bright",rhyme,a frozen pond with soft snow on the reeds,"clay pink, olive, sand",a small round owl with speckled feathers,PENDING,NOT_STARTED,,python3 scripts/pipeline.py --ref SHT-20270629-2 --rhyme star_light --format short
2027-06-29,17:00,VID-20270629-3,long,Yankee Doodle,rhyme,"a rope bridge over a shallow, sunny stream","midnight blue, silver, pale rose",a patient grey donkey with long ears,PENDING,NOT_STARTED,,python3 scripts/pipeline.py --ref VID-20270629-3 --rhyme yankee_doodle --format long
2027-06-29,21:00,SHT-20270629-4,short,Frere Jacques (Are You Sleeping?),rhyme,a hay loft with warm light through the slats,"moss green, butter yellow, chalk",a curious hedgehog in a knitted scarf,PENDING,NOT_STARTED,,python3 scripts/pipeline.py --ref SHT-20270629-4 --rhyme frere_jacques --format short
2027-06-30,09:00,VID-20270630-1,long,"Mary, Mary, Quite Contrary",rhyme,a quiet hilltop meadow under a wide evening sky,"russet, cream, slate blue","a slow, cheerful tortoise",PENDING,NOT_STARTED,,python3 scripts/pipeline.py --ref VID-20270630-1 --rhyme mary_contrary --format long
2027-06-30,13:00,SHT-20270630-2,short,Old King Cole,rhyme,a cosy wooden treehouse with round windows,"periwinkle, peach, warm grey",a fluffy duckling who hums along,PENDING,NOT_STARTED,,python3 scripts/pipeline.py --ref SHT-20270630-2 --rhyme old_king_cole --format short
2027-06-30,17:00,VID-20270630-3,long,The Itsy Bitsy Spider,rhyme,a small harbour where painted boats bob at their moorings,"deep plum, sage, oatmeal",a gentle brown bear cub,PENDING,NOT_STARTED,,python3 scripts/pipeline.py --ref VID-20270630-3 --rhyme itsy_bitsy --format long
2027-06-30,21:00,SHT-20270630-4,short,"Rain, Rain, Go Away",rhyme,a sunlit kitchen garden with tall sunflowers,"denim blue, wheat, soft white",a shy grey rabbit with one folded ear,PENDING,NOT_STARTED,,python3 scripts/pipeline.py --ref SHT-20270630-4 --rhyme rain_go_away --format short
2027-07-01,09:00,VID-20270701-1,long,"One, Two, Buckle My Shoe",counting,a snowy village square with warm lantern light,"pine green, copper, bone",a tidy badger with round spectacles,PENDING,NOT_STARTED,,python3 scripts/pipeline.py --ref VID-20270701-1 --rhyme one_two_buckle --format long
2027-07-01,13:00,SHT-20270701-2,short,Yankee Doodle,rhyme,a riverbank where willows dip into slow water,"mauve, straw, dove grey",a sleepy orange cat with a bell,PENDING,NOT_STARTED,,python3 scripts/pipeline.py --ref SHT-20270701-2 --rhyme yankee_doodle --format short
2027-07-01,17:00,VID-20270701-3,long,Old King Cole,rhyme,a friendly red barn at the edge of a green field,"seafoam, coral, linen",a small red fox with a white-tipped tail,PENDING,NOT_STARTED,,python3 scripts/pipeline.py --ref VID-20270701-3 --rhyme old_king_cole --format long
2027-07-01,21:00,SHT-20270701-4,short,Jack Be Nimble,rhyme,a bright attic room full of soft toys and books,"deep indigo, soft gold, cream",a woolly lamb with a crooked fringe,PENDING,NOT_STARTED,,python3 scripts/pipeline.py --ref SHT-20270701-4 --rhyme jack_nimble --format short
2027-07-02,09:00,VID-20270702-1,long,Simple Simon,rhyme,a windmill on a low hill with long grass,"sage green, warm terracotta, oat",a bright green frog in wellington boots,PENDING,NOT_STARTED,,python3 scripts/pipeline.py --ref VID-20270702-1 --rhyme simple_simon --format long
2027-07-02,13:00,SHT-20270702-2,short,"Twinkle, Twinkle, Little Star",rhyme,a duck pond ringed with smooth grey stones,"dusty blue, buttermilk, pale coral",a plump robin with a red waistcoat,PENDING,NOT_STARTED,,python3 scripts/pipeline.py --ref SHT-20270702-2 --rhyme twinkle --format short
2027-07-02,17:00,VID-20270702-3,long,"Baa, Baa, Black Sheep",rhyme,an orchard of short apple trees in soft afternoon light,"plum, mustard, soft grey",a spotted puppy with oversized paws,PENDING,NOT_STARTED,,python3 scripts/pipeline.py --ref VID-20270702-3 --rhyme baa_baa --format long
2027-07-02,21:00,SHT-20270702-4,short,Little Bo-Peep,rhyme,a lighthouse keeper's cottage above a calm bay,"forest green, cream, honey",a quiet grey mouse with a patchwork bag,PENDING,NOT_STARTED,,python3 scripts/pipeline.py --ref SHT-20270702-4 --rhyme bo_peep --format short
2027-07-03,09:00,VID-20270703-1,long,Rock-a-Bye Baby,lullaby,"a market square with striped awnings, early morning","lavender, mint, warm white",a friendly goose in a straw hat,PENDING,NOT_STARTED,,python3 scripts/pipeline.py --ref VID-20270703-1 --rhyme rock_a_bye --format long
2027-07-03,13:00,SHT-20270703-2,short,Cock-a-Doodle-Doo,rhyme,a mossy woodland clearing with dappled sunlight,"soft teal, apricot, ivory",a small striped bumblebee with tired wings,PENDING,NOT_STARTED,,python3 scripts/pipeline.py --ref SHT-20270703-2 --rhyme cock_doodle --format short
2027-07-03,17:00,VID-20270703-3,long,Jack Be Nimble,rhyme,a sandy cove with gentle waves and rock pools,"clay pink, olive, sand",a soft grey seal pup with wide eyes,PENDING,NOT_STARTED,,python3 scripts/pipeline.py --ref VID-20270703-3 --rhyme jack_nimble --format long
2027-07-03,21:00,SHT-20270703-4,short,Hey Diddle Diddle,rhyme,a greenhouse full of seedlings and watering cans,"midnight blue, silver, pale rose",a small brown wren with a bright eye,PENDING,NOT_STARTED,,python3 scripts/pipeline.py --ref SHT-20270703-4 --rhyme hey_diddle --format short
2027-07-04,09:00,VID-20270704-1,long,Little Jack Horner,rhyme,a bakery window with warm light and round loaves,"moss green, butter yellow, chalk",a small round owl with speckled feathers,PENDING,NOT_STARTED,,python3 scripts/pipeline.py --ref VID-20270704-1 --rhyme jack_horner --format long
2027-07-04,13:00,SHT-20270704-2,short,Ding Dong Bell,rhyme,a wildflower field with a low stone wall,"russet, cream, slate blue",a patient grey donkey with long ears,PENDING,NOT_STARTED,,python3 scripts/pipeline.py --ref SHT-20270704-2 --rhyme ding_dong_bell --format short
2027-07-04,17:00,VID-20270704-3,long,Hickory Dickory Dock,rhyme,a train platform in a tiny country station,"periwinkle, peach, warm grey",a curious hedgehog in a knitted scarf,PENDING,NOT_STARTED,,python3 scripts/pipeline.py --ref VID-20270704-3 --rhyme hickory_dickory --format long
2027-07-04,21:00,SHT-20270704-4,short,Wee Willie Winkie,rhyme,a hillside sheep pasture under drifting clouds,"deep plum, sage, oatmeal","a slow, cheerful tortoise",PENDING,NOT_STARTED,,python3 scripts/pipeline.py --ref SHT-20270704-4 --rhyme wee_willie --format short
2027-07-05,09:00,VID-20270705-1,long,Old MacDonald Had a Farm,rhyme,a cobbled lane with window boxes and a blue door,"denim blue, wheat, soft white",a fluffy duckling who hums along,PENDING,NOT_STARTED,,python3 scripts/pipeline.py --ref VID-20270705-1 --rhyme old_macdonald --format long
2027-07-05,13:00,SHT-20270705-2,short,"Tom, Tom, the Piper's Son",rhyme,a frozen pond with soft snow on the reeds,"pine green, copper, bone",a gentle brown bear cub,PENDING,NOT_STARTED,,python3 scripts/pipeline.py --ref SHT-20270705-2 --rhyme tom_piper --format short
2027-07-05,17:00,VID-20270705-3,long,Three Blind Mice,rhyme,"a rope bridge over a shallow, sunny stream","mauve, straw, dove grey",a shy grey rabbit with one folded ear,PENDING,NOT_STARTED,,python3 scripts/pipeline.py --ref VID-20270705-3 --rhyme three_mice --format long
2027-07-05,21:00,SHT-20270705-4,short,Jack and Jill,rhyme,a hay loft with warm light through the slats,"seafoam, coral, linen",a tidy badger with round spectacles,PENDING,NOT_STARTED,,python3 scripts/pipeline.py --ref SHT-20270705-4 --rhyme jack_jill --format short
2027-07-06,09:00,VID-20270706-1,long,Curly Locks,rhyme,a quiet hilltop meadow under a wide evening sky,"deep indigo, soft gold, cream",a sleepy orange cat with a bell,PENDING,NOT_STARTED,,python3 scripts/pipeline.py --ref VID-20270706-1 --rhyme curly_locks --format long
2027-07-06,13:00,SHT-20270706-2,short,The Itsy Bitsy Spider,rhyme,a cosy wooden treehouse with round windows,"sage green, warm terracotta, oat",a small red fox with a white-tipped tail,PENDING,NOT_STARTED,,python3 scripts/pipeline.py --ref SHT-20270706-2 --rhyme itsy_bitsy --format short
2027-07-06,17:00,VID-20270706-3,long,"Hush, Little Baby",lullaby,a small harbour where painted boats bob at their moorings,"dusty blue, buttermilk, pale coral",a woolly lamb with a crooked fringe,PENDING,NOT_STARTED,,python3 scripts/pipeline.py --ref VID-20270706-3 --rhyme hush_little_baby --format long
2027-07-06,21:00,SHT-20270706-4,short,Skip to My Lou,rhyme,a sunlit kitchen garden with tall sunflowers,"plum, mustard, soft grey",a bright green frog in wellington boots,PENDING,NOT_STARTED,,python3 scripts/pipeline.py --ref SHT-20270706-4 --rhyme skip_to_lou --format short
2027-07-07,09:00,VID-20270707-1,long,Skip to My Lou,rhyme,a snowy village square with warm lantern light,"forest green, cream, honey",a plump robin with a red waistcoat,PENDING,NOT_STARTED,,python3 scripts/pipeline.py --ref VID-20270707-1 --rhyme skip_to_lou --format long
2027-07-07,13:00,SHT-20270707-2,short,The Grand Old Duke of York,rhyme,a riverbank where willows dip into slow water,"lavender, mint, warm white",a spotted puppy with oversized paws,PENDING,NOT_STARTED,,python3 scripts/pipeline.py --ref SHT-20270707-2 --rhyme duke_york --format short
2027-07-07,17:00,VID-20270707-3,long,Oranges and Lemons,rhyme,a friendly red barn at the edge of a green field,"soft teal, apricot, ivory",a quiet grey mouse with a patchwork bag,PENDING,NOT_STARTED,,python3 scripts/pipeline.py --ref VID-20270707-3 --rhyme oranges_lemons --format long
2027-07-07,21:00,SHT-20270707-4,short,"Pat-a-Cake, Pat-a-Cake",rhyme,a bright attic room full of soft toys and books,"clay pink, olive, sand",a friendly goose in a straw hat,PENDING,NOT_STARTED,,python3 scripts/pipeline.py --ref SHT-20270707-4 --rhyme pat_a_cake --format short
2027-07-08,09:00,VID-20270708-1,long,London Bridge Is Falling Down,rhyme,a windmill on a low hill with long grass,"midnight blue, silver, pale rose",a small striped bumblebee with tired wings,PENDING,NOT_STARTED,,python3 scripts/pipeline.py --ref VID-20270708-1 --rhyme london_bridge --format long
2027-07-08,13:00,SHT-20270708-2,short,Little Miss Muffet,rhyme,a duck pond ringed with smooth grey stones,"moss green, butter yellow, chalk",a soft grey seal pup with wide eyes,PENDING,NOT_STARTED,,python3 scripts/pipeline.py --ref SHT-20270708-2 --rhyme miss_muffet --format short
2027-07-08,17:00,VID-20270708-3,long,Hot Cross Buns,rhyme,an orchard of short apple trees in soft afternoon light,"russet, cream, slate blue",a small brown wren with a bright eye,PENDING,NOT_STARTED,,python3 scripts/pipeline.py --ref VID-20270708-3 --rhyme hot_cross_buns --format long
2027-07-08,21:00,SHT-20270708-4,short,This Little Piggy,rhyme,a lighthouse keeper's cottage above a calm bay,"periwinkle, peach, warm grey",a small round owl with speckled feathers,PENDING,NOT_STARTED,,python3 scripts/pipeline.py --ref SHT-20270708-4 --rhyme this_piggy --format short
2027-07-09,09:00,VID-20270709-1,long,Mary Had a Little Lamb,rhyme,"a market square with striped awnings, early morning","deep plum, sage, oatmeal",a patient grey donkey with long ears,PENDING,NOT_STARTED,,python3 scripts/pipeline.py --ref VID-20270709-1 --rhyme mary_lamb --format long
2027-07-09,13:00,SHT-20270709-2,short,Ring a Ring o' Roses,rhyme,a mossy woodland clearing with dappled sunlight,"denim blue, wheat, soft white",a curious hedgehog in a knitted scarf,PENDING,NOT_STARTED,,python3 scripts/pipeline.py --ref SHT-20270709-2 --rhyme ring_roses --format short
2027-07-09,17:00,VID-20270709-3,long,"Row, Row, Row Your Boat",rhyme,a sandy cove with gentle waves and rock pools,"pine green, copper, bone","a slow, cheerful tortoise",PENDING,NOT_STARTED,,python3 scripts/pipeline.py --ref VID-20270709-3 --rhyme row_row --format long
2027-07-09,21:00,SHT-20270709-4,short,Simple Simon,rhyme,a greenhouse full of seedlings and watering cans,"mauve, straw, dove grey",a fluffy duckling who hums along,PENDING,NOT_STARTED,,python3 scripts/pipeline.py --ref SHT-20270709-4 --rhyme simple_simon --format short
2027-07-10,09:00,VID-20270710-1,long,"Rain, Rain, Go Away",rhyme,a bakery window with warm light and round loaves,"seafoam, coral, linen",a gentle brown bear cub,PENDING,NOT_STARTED,,python3 scripts/pipeline.py --ref VID-20270710-1 --rhyme rain_go_away --format long
2027-07-10,13:00,SHT-20270710-2,short,"Mary, Mary, Quite Contrary",rhyme,a wildflower field with a low stone wall,"deep indigo, soft gold, cream",a shy grey rabbit with one folded ear,PENDING,NOT_STARTED,,python3 scripts/pipeline.py --ref SHT-20270710-2 --rhyme mary_contrary --format short
2027-07-10,17:00,VID-20270710-3,long,Lavender's Blue,rhyme,a train platform in a tiny country station,"sage green, warm terracotta, oat",a tidy badger with round spectacles,PENDING,NOT_STARTED,,python3 scripts/pipeline.py --ref VID-20270710-3 --rhyme lavenders_blue --format long
2027-07-10,21:00,SHT-20270710-4,short,Old MacDonald Had a Farm,rhyme,a hillside sheep pasture under drifting clouds,"dusty blue, buttermilk, pale coral",a sleepy orange cat with a bell,PENDING,NOT_STARTED,,python3 scripts/pipeline.py --ref SHT-20270710-4 --rhyme old_macdonald --format short
2027-07-11,09:00,VID-20270711-1,long,Humpty Dumpty,rhyme,a cobbled lane with window boxes and a blue door,"plum, mustard, soft grey",a small red fox with a white-tipped tail,PENDING,NOT_STARTED,,python3 scripts/pipeline.py --ref VID-20270711-1 --rhyme humpty --format long
2027-07-11,13:00,SHT-20270711-2,short,Curly Locks,rhyme,a frozen pond with soft snow on the reeds,"forest green, cream, honey",a woolly lamb with a crooked fringe,PENDING,NOT_STARTED,,python3 scripts/pipeline.py --ref SHT-20270711-2 --rhyme curly_locks --format short
2027-07-11,17:00,VID-20270711-3,long,Polly Put the Kettle On,rhyme,"a rope bridge over a shallow, sunny stream","lavender, mint, warm white",a bright green frog in wellington boots,PENDING,NOT_STARTED,,python3 scripts/pipeline.py --ref VID-20270711-3 --rhyme polly_kettle --format long
2027-07-11,21:00,SHT-20270711-4,short,Bobby Shafto's Gone to Sea,rhyme,a hay loft with warm light through the slats,"soft teal, apricot, ivory",a plump robin with a red waistcoat,PENDING,NOT_STARTED,,python3 scripts/pipeline.py --ref SHT-20270711-4 --rhyme bobby_shafto --format short
2027-07-12,09:00,VID-20270712-1,long,Pop Goes the Weasel,rhyme,a quiet hilltop meadow under a wide evening sky,"clay pink, olive, sand",a spotted puppy with oversized paws,PENDING,NOT_STARTED,,python3 scripts/pipeline.py --ref VID-20270712-1 --rhyme pop_weasel --format long
2027-07-12,13:00,SHT-20270712-2,short,The Muffin Man,rhyme,a cosy wooden treehouse with round windows,"midnight blue, silver, pale rose",a quiet grey mouse with a patchwork bag,PENDING,NOT_STARTED,,python3 scripts/pipeline.py --ref SHT-20270712-2 --rhyme muffin_man --format short
2027-07-12,17:00,VID-20270712-3,long,"Peter, Peter, Pumpkin Eater",rhyme,a small harbour where painted boats bob at their moorings,"moss green, butter yellow, chalk",a friendly goose in a straw hat,PENDING,NOT_STARTED,,python3 scripts/pipeline.py --ref VID-20270712-3 --rhyme peter_pumpkin --format long
2027-07-12,21:00,SHT-20270712-4,short,Hickory Dickory Dock,rhyme,a sunlit kitchen garden with tall sunflowers,"russet, cream, slate blue",a small striped bumblebee with tired wings,PENDING,NOT_STARTED,,python3 scripts/pipeline.py --ref SHT-20270712-4 --rhyme hickory_dickory --format short
2027-07-13,09:00,VID-20270713-1,long,"Pat-a-Cake, Pat-a-Cake",rhyme,a snowy village square with warm lantern light,"periwinkle, peach, warm grey",a soft grey seal pup with wide eyes,PENDING,NOT_STARTED,,python3 scripts/pipeline.py --ref VID-20270713-1 --rhyme pat_a_cake --format long
2027-07-13,13:00,SHT-20270713-2,short,Lavender's Blue,rhyme,a riverbank where willows dip into slow water,"deep plum, sage, oatmeal",a small brown wren with a bright eye,PENDING,NOT_STARTED,,python3 scripts/pipeline.py --ref SHT-20270713-2 --rhyme lavenders_blue --format short
2027-07-13,17:00,VID-20270713-3,long,This Little Piggy,rhyme,a friendly red barn at the edge of a green field,"denim blue, wheat, soft white",a small round owl with speckled feathers,PENDING,NOT_STARTED,,python3 scripts/pipeline.py --ref VID-20270713-3 --rhyme this_piggy --format long
2027-07-13,21:00,SHT-20270713-4,short,"Baa, Baa, Black Sheep",rhyme,a bright attic room full of soft toys and books,"pine green, copper, bone",a patient grey donkey with long ears,PENDING,NOT_STARTED,,python3 scripts/pipeline.py --ref SHT-20270713-4 --rhyme baa_baa --format short
2027-07-14,09:00,VID-20270714-1,long,Little Miss Muffet,rhyme,a windmill on a low hill with long grass,"mauve, straw, dove grey",a curious hedgehog in a knitted scarf,PENDING,NOT_STARTED,,python3 scripts/pipeline.py --ref VID-20270714-1 --rhyme miss_muffet --format long
2027-07-14,13:00,SHT-20270714-2,short,Humpty Dumpty,rhyme,a duck pond ringed with smooth grey stones,"seafoam, coral, linen","a slow, cheerful tortoise",PENDING,NOT_STARTED,,python3 scripts/pipeline.py --ref SHT-20270714-2 --rhyme humpty --format short
2027-07-14,17:00,VID-20270714-3,long,"Tom, Tom, the Piper's Son",rhyme,an orchard of short apple trees in soft afternoon light,"deep indigo, soft gold, cream",a fluffy duckling who hums along,PENDING,NOT_STARTED,,python3 scripts/pipeline.py --ref VID-20270714-3 --rhyme tom_piper --format long
2027-07-14,21:00,SHT-20270714-4,short,Georgie Porgie,rhyme,a lighthouse keeper's cottage above a calm bay,"sage green, warm terracotta, oat",a gentle brown bear cub,PENDING,NOT_STARTED,,python3 scripts/pipeline.py --ref SHT-20270714-4 --rhyme georgie_porgie --format short
2027-07-15,09:00,VID-20270715-1,long,Hey Diddle Diddle,rhyme,"a market square with striped awnings, early morning","dusty blue, buttermilk, pale coral",a shy grey rabbit with one folded ear,PENDING,NOT_STARTED,,python3 scripts/pipeline.py --ref VID-20270715-1 --rhyme hey_diddle --format long
2027-07-15,13:00,SHT-20270715-2,short,"Peter, Peter, Pumpkin Eater",rhyme,a mossy woodland clearing with dappled sunlight,"plum, mustard, soft grey",a tidy badger with round spectacles,PENDING,NOT_STARTED,,python3 scripts/pipeline.py --ref SHT-20270715-2 --rhyme peter_pumpkin --format short
2027-07-15,17:00,VID-20270715-3,long,Ring a Ring o' Roses,rhyme,a sandy cove with gentle waves and rock pools,"forest green, cream, honey",a sleepy orange cat with a bell,PENDING,NOT_STARTED,,python3 scripts/pipeline.py --ref VID-20270715-3 --rhyme ring_roses --format long
2027-07-15,21:00,SHT-20270715-4,short,There Was an Old Woman Who Lived in a Shoe,rhyme,a greenhouse full of seedlings and watering cans,"lavender, mint, warm white",a small red fox with a white-tipped tail,PENDING,NOT_STARTED,,python3 scripts/pipeline.py --ref SHT-20270715-4 --rhyme old_woman_shoe --format short
2027-07-16,09:00,VID-20270716-1,long,Diddle Diddle Dumpling,rhyme,a bakery window with warm light and round loaves,"soft teal, apricot, ivory",a woolly lamb with a crooked fringe,PENDING,NOT_STARTED,,python3 scripts/pipeline.py --ref VID-20270716-1 --rhyme diddle_dumpling --format long
2027-07-16,13:00,SHT-20270716-2,short,Polly Put the Kettle On,rhyme,a wildflower field with a low stone wall,"clay pink, olive, sand",a bright green frog in wellington boots,PENDING,NOT_STARTED,,python3 scripts/pipeline.py --ref SHT-20270716-2 --rhyme polly_kettle --format short
2027-07-16,17:00,VID-20270716-3,long,The Farmer in the Dell,rhyme,a train platform in a tiny country station,"midnight blue, silver, pale rose",a plump robin with a red waistcoat,PENDING,NOT_STARTED,,python3 scripts/pipeline.py --ref VID-20270716-3 --rhyme farmer_dell --format long
2027-07-16,21:00,SHT-20270716-4,short,Little Jack Horner,rhyme,a hillside sheep pasture under drifting clouds,"moss green, butter yellow, chalk",a spotted puppy with oversized paws,PENDING,NOT_STARTED,,python3 scripts/pipeline.py --ref SHT-20270716-4 --rhyme jack_horner --format short
2027-07-17,09:00,VID-20270717-1,long,Frere Jacques (Are You Sleeping?),rhyme,a cobbled lane with window boxes and a blue door,"russet, cream, slate blue",a quiet grey mouse with a patchwork bag,PENDING,NOT_STARTED,,python3 scripts/pipeline.py --ref VID-20270717-1 --rhyme frere_jacques --format long
2027-07-17,13:00,SHT-20270717-2,short,Hot Cross Buns,rhyme,a frozen pond with soft snow on the reeds,"periwinkle, peach, warm grey",a friendly goose in a straw hat,PENDING,NOT_STARTED,,python3 scripts/pipeline.py --ref SHT-20270717-2 --rhyme hot_cross_buns --format short
2027-07-17,17:00,VID-20270717-3,long,"Star Light, Star Bright",rhyme,"a rope bridge over a shallow, sunny stream","deep plum, sage, oatmeal",a small striped bumblebee with tired wings,PENDING,NOT_STARTED,,python3 scripts/pipeline.py --ref VID-20270717-3 --rhyme star_light --format long
2027-07-17,21:00,SHT-20270717-4,short,Diddle Diddle Dumpling,rhyme,a hay loft with warm light through the slats,"denim blue, wheat, soft white",a soft grey seal pup with wide eyes,PENDING,NOT_STARTED,,python3 scripts/pipeline.py --ref SHT-20270717-4 --rhyme diddle_dumpling --format short
2027-07-18,09:00,VID-20270718-1,long,Cock-a-Doodle-Doo,rhyme,a quiet hilltop meadow under a wide evening sky,"pine green, copper, bone",a small brown wren with a bright eye,PENDING,NOT_STARTED,,python3 scripts/pipeline.py --ref VID-20270718-1 --rhyme cock_doodle --format long
2027-07-18,13:00,SHT-20270718-2,short,Three Blind Mice,rhyme,a cosy wooden treehouse with round windows,"mauve, straw, dove grey",a small round owl with speckled feathers,PENDING,NOT_STARTED,,python3 scripts/pipeline.py --ref SHT-20270718-2 --rhyme three_mice --format short
2027-07-18,17:00,VID-20270718-3,long,Jack and Jill,rhyme,a small harbour where painted boats bob at their moorings,"seafoam, coral, linen",a patient grey donkey with long ears,PENDING,NOT_STARTED,,python3 scripts/pipeline.py --ref VID-20270718-3 --rhyme jack_jill --format long
2027-07-18,21:00,SHT-20270718-4,short,Pop Goes the Weasel,rhyme,a sunlit kitchen garden with tall sunflowers,"deep indigo, soft gold, cream",a curious hedgehog in a knitted scarf,PENDING,NOT_STARTED,,python3 scripts/pipeline.py --ref SHT-20270718-4 --rhyme pop_weasel --format short
2027-07-19,09:00,VID-20270719-1,long,"Twinkle, Twinkle, Little Star",rhyme,a snowy village square with warm lantern light,"sage green, warm terracotta, oat","a slow, cheerful tortoise",PENDING,NOT_STARTED,,python3 scripts/pipeline.py --ref VID-20270719-1 --rhyme twinkle --format long
2027-07-19,13:00,SHT-20270719-2,short,"Row, Row, Row Your Boat",rhyme,a riverbank where willows dip into slow water,"dusty blue, buttermilk, pale coral",a fluffy duckling who hums along,PENDING,NOT_STARTED,,python3 scripts/pipeline.py --ref SHT-20270719-2 --rhyme row_row --format short
2027-07-19,17:00,VID-20270719-3,long,The Muffin Man,rhyme,a friendly red barn at the edge of a green field,"plum, mustard, soft grey",a gentle brown bear cub,PENDING,NOT_STARTED,,python3 scripts/pipeline.py --ref VID-20270719-3 --rhyme muffin_man --format long
2027-07-19,21:00,SHT-20270719-4,short,The Farmer in the Dell,rhyme,a bright attic room full of soft toys and books,"forest green, cream, honey",a shy grey rabbit with one folded ear,PENDING,NOT_STARTED,,python3 scripts/pipeline.py --ref SHT-20270719-4 --rhyme farmer_dell --format short
2027-07-20,09:00,VID-20270720-1,long,Wee Willie Winkie,rhyme,a windmill on a low hill with long grass,"lavender, mint, warm white",a tidy badger with round spectacles,PENDING,NOT_STARTED,,python3 scripts/pipeline.py --ref VID-20270720-1 --rhyme wee_willie --format long
2027-07-20,13:00,SHT-20270720-2,short,Mary Had a Little Lamb,rhyme,a duck pond ringed with smooth grey stones,"soft teal, apricot, ivory",a sleepy orange cat with a bell,PENDING,NOT_STARTED,,python3 scripts/pipeline.py --ref SHT-20270720-2 --rhyme mary_lamb --format short
2027-07-20,17:00,VID-20270720-3,long,Little Bo-Peep,rhyme,an orchard of short apple trees in soft afternoon light,"clay pink, olive, sand",a small red fox with a white-tipped tail,PENDING,NOT_STARTED,,python3 scripts/pipeline.py --ref VID-20270720-3 --rhyme bo_peep --format long
2027-07-20,21:00,SHT-20270720-4,short,"One, Two, Buckle My Shoe",counting,a lighthouse keeper's cottage above a calm bay,"midnight blue, silver, pale rose",a woolly lamb with a crooked fringe,PENDING,NOT_STARTED,,python3 scripts/pipeline.py --ref SHT-20270720-4 --rhyme one_two_buckle --format short
2027-07-21,09:00,VID-20270721-1,long,Ding Dong Bell,rhyme,"a market square with striped awnings, early morning","moss green, butter yellow, chalk",a bright green frog in wellington boots,PENDING,NOT_STARTED,,python3 scripts/pipeline.py --ref VID-20270721-1 --rhyme ding_dong_bell --format long
2027-07-21,13:00,SHT-20270721-2,short,London Bridge Is Falling Down,rhyme,a mossy woodland clearing with dappled sunlight,"russet, cream, slate blue",a plump robin with a red waistcoat,PENDING,NOT_STARTED,,python3 scripts/pipeline.py --ref SHT-20270721-2 --rhyme london_bridge --format short
2027-07-21,17:00,VID-20270721-3,long,Bobby Shafto's Gone to Sea,rhyme,a sandy cove with gentle waves and rock pools,"periwinkle, peach, warm grey",a spotted puppy with oversized paws,PENDING,NOT_STARTED,,python3 scripts/pipeline.py --ref VID-20270721-3 --rhyme bobby_shafto --format long
2027-07-21,21:00,SHT-20270721-4,short,Oranges and Lemons,rhyme,a greenhouse full of seedlings and watering cans,"deep plum, sage, oatmeal",a quiet grey mouse with a patchwork bag,PENDING,NOT_STARTED,,python3 scripts/pipeline.py --ref SHT-20270721-4 --rhyme oranges_lemons --format short
2027-07-22,09:00,VID-20270722-1,long,The Grand Old Duke of York,rhyme,a bakery window with warm light and round loaves,"denim blue, wheat, soft white",a friendly goose in a straw hat,PENDING,NOT_STARTED,,python3 scripts/pipeline.py --ref VID-20270722-1 --rhyme duke_york --format long
2027-07-22,13:00,SHT-20270722-2,short,"Star Light, Star Bright",rhyme,a wildflower field with a low stone wall,"pine green, copper, bone",a small striped bumblebee with tired wings,PENDING,NOT_STARTED,,python3 scripts/pipeline.py --ref SHT-20270722-2 --rhyme star_light --format short
2027-07-22,17:00,VID-20270722-3,long,Georgie Porgie,rhyme,a train platform in a tiny country station,"mauve, straw, dove grey",a soft grey seal pup with wide eyes,PENDING,NOT_STARTED,,python3 scripts/pipeline.py --ref VID-20270722-3 --rhyme georgie_porgie --format long
2027-07-22,21:00,SHT-20270722-4,short,Frere Jacques (Are You Sleeping?),rhyme,a hillside sheep pasture under drifting clouds,"seafoam, coral, linen",a small brown wren with a bright eye,PENDING,NOT_STARTED,,python3 scripts/pipeline.py --ref SHT-20270722-4 --rhyme frere_jacques --format short
2027-07-23,09:00,VID-20270723-1,long,There Was an Old Woman Who Lived in a Shoe,rhyme,a cobbled lane with window boxes and a blue door,"deep indigo, soft gold, cream",a small round owl with speckled feathers,PENDING,NOT_STARTED,,python3 scripts/pipeline.py --ref VID-20270723-1 --rhyme old_woman_shoe --format long
2027-07-23,13:00,SHT-20270723-2,short,Old King Cole,rhyme,a frozen pond with soft snow on the reeds,"sage green, warm terracotta, oat",a patient grey donkey with long ears,PENDING,NOT_STARTED,,python3 scripts/pipeline.py --ref SHT-20270723-2 --rhyme old_king_cole --format short
2027-07-23,17:00,VID-20270723-3,long,Yankee Doodle,rhyme,"a rope bridge over a shallow, sunny stream","dusty blue, buttermilk, pale coral",a curious hedgehog in a knitted scarf,PENDING,NOT_STARTED,,python3 scripts/pipeline.py --ref VID-20270723-3 --rhyme yankee_doodle --format long
2027-07-23,21:00,SHT-20270723-4,short,"Rain, Rain, Go Away",rhyme,a hay loft with warm light through the slats,"plum, mustard, soft grey","a slow, cheerful tortoise",PENDING,NOT_STARTED,,python3 scripts/pipeline.py --ref SHT-20270723-4 --rhyme rain_go_away --format short
2027-07-24,09:00,VID-20270724-1,long,"Mary, Mary, Quite Contrary",rhyme,a quiet hilltop meadow under a wide evening sky,"forest green, cream, honey",a fluffy duckling who hums along,PENDING,NOT_STARTED,,python3 scripts/pipeline.py --ref VID-20270724-1 --rhyme mary_contrary --format long
2027-07-24,13:00,SHT-20270724-2,short,Yankee Doodle,rhyme,a cosy wooden treehouse with round windows,"lavender, mint, warm white",a gentle brown bear cub,PENDING,NOT_STARTED,,python3 scripts/pipeline.py --ref SHT-20270724-2 --rhyme yankee_doodle --format short
2027-07-24,17:00,VID-20270724-3,long,The Itsy Bitsy Spider,rhyme,a small harbour where painted boats bob at their moorings,"soft teal, apricot, ivory",a shy grey rabbit with one folded ear,PENDING,NOT_STARTED,,python3 scripts/pipeline.py --ref VID-20270724-3 --rhyme itsy_bitsy --format long
2027-07-24,21:00,SHT-20270724-4,short,Jack Be Nimble,rhyme,a sunlit kitchen garden with tall sunflowers,"clay pink, olive, sand",a tidy badger with round spectacles,PENDING,NOT_STARTED,,python3 scripts/pipeline.py --ref SHT-20270724-4 --rhyme jack_nimble --format short
2027-07-25,09:00,VID-20270725-1,long,"One, Two, Buckle My Shoe",counting,a snowy village square with warm lantern light,"midnight blue, silver, pale rose",a sleepy orange cat with a bell,PENDING,NOT_STARTED,,python3 scripts/pipeline.py --ref VID-20270725-1 --rhyme one_two_buckle --format long
2027-07-25,13:00,SHT-20270725-2,short,"Twinkle, Twinkle, Little Star",rhyme,a riverbank where willows dip into slow water,"moss green, butter yellow, chalk",a small red fox with a white-tipped tail,PENDING,NOT_STARTED,,python3 scripts/pipeline.py --ref SHT-20270725-2 --rhyme twinkle --format short
2027-07-25,17:00,VID-20270725-3,long,Old King Cole,rhyme,a friendly red barn at the edge of a green field,"russet, cream, slate blue",a woolly lamb with a crooked fringe,PENDING,NOT_STARTED,,python3 scripts/pipeline.py --ref VID-20270725-3 --rhyme old_king_cole --format long
2027-07-25,21:00,SHT-20270725-4,short,Little Bo-Peep,rhyme,a bright attic room full of soft toys and books,"periwinkle, peach, warm grey",a bright green frog in wellington boots,PENDING,NOT_STARTED,,python3 scripts/pipeline.py --ref SHT-20270725-4 --rhyme bo_peep --format short
2027-07-26,09:00,VID-20270726-1,long,Simple Simon,rhyme,a windmill on a low hill with long grass,"deep plum, sage, oatmeal",a plump robin with a red waistcoat,PENDING,NOT_STARTED,,python3 scripts/pipeline.py --ref VID-20270726-1 --rhyme simple_simon --format long
2027-07-26,13:00,SHT-20270726-2,short,Cock-a-Doodle-Doo,rhyme,a duck pond ringed with smooth grey stones,"denim blue, wheat, soft white",a spotted puppy with oversized paws,PENDING,NOT_STARTED,,python3 scripts/pipeline.py --ref SHT-20270726-2 --rhyme cock_doodle --format short
2027-07-26,17:00,VID-20270726-3,long,"Baa, Baa, Black Sheep",rhyme,an orchard of short apple trees in soft afternoon light,"pine green, copper, bone",a quiet grey mouse with a patchwork bag,PENDING,NOT_STARTED,,python3 scripts/pipeline.py --ref VID-20270726-3 --rhyme baa_baa --format long
2027-07-26,21:00,SHT-20270726-4,short,Hey Diddle Diddle,rhyme,a lighthouse keeper's cottage above a calm bay,"mauve, straw, dove grey",a friendly goose in a straw hat,PENDING,NOT_STARTED,,python3 scripts/pipeline.py --ref SHT-20270726-4 --rhyme hey_diddle --format short
2027-07-27,09:00,VID-20270727-1,long,Rock-a-Bye Baby,lullaby,"a market square with striped awnings, early morning","seafoam, coral, linen",a small striped bumblebee with tired wings,PENDING,NOT_STARTED,,python3 scripts/pipeline.py --ref VID-20270727-1 --rhyme rock_a_bye --format long
2027-07-27,13:00,SHT-20270727-2,short,Ding Dong Bell,rhyme,a mossy woodland clearing with dappled sunlight,"deep indigo, soft gold, cream",a soft grey seal pup with wide eyes,PENDING,NOT_STARTED,,python3 scripts/pipeline.py --ref SHT-20270727-2 --rhyme ding_dong_bell --format short
2027-07-27,17:00,VID-20270727-3,long,Jack Be Nimble,rhyme,a sandy cove with gentle waves and rock pools,"sage green, warm terracotta, oat",a small brown wren with a bright eye,PENDING,NOT_STARTED,,python3 scripts/pipeline.py --ref VID-20270727-3 --rhyme jack_nimble --format long
2027-07-27,21:00,SHT-20270727-4,short,Wee Willie Winkie,rhyme,a greenhouse full of seedlings and watering cans,"dusty blue, buttermilk, pale coral",a small round owl with speckled feathers,PENDING,NOT_STARTED,,python3 scripts/pipeline.py --ref SHT-20270727-4 --rhyme wee_willie --format short
2027-07-28,09:00,VID-20270728-1,long,Little Jack Horner,rhyme,a bakery window with warm light and round loaves,"plum, mustard, soft grey",a patient grey donkey with long ears,PENDING,NOT_STARTED,,python3 scripts/pipeline.py --ref VID-20270728-1 --rhyme jack_horner --format long
2027-07-28,13:00,SHT-20270728-2,short,"Tom, Tom, the Piper's Son",rhyme,a wildflower field with a low stone wall,"forest green, cream, honey",a curious hedgehog in a knitted scarf,PENDING,NOT_STARTED,,python3 scripts/pipeline.py --ref SHT-20270728-2 --rhyme tom_piper --format short
2027-07-28,17:00,VID-20270728-3,long,Hickory Dickory Dock,rhyme,a train platform in a tiny country station,"lavender, mint, warm white","a slow, cheerful tortoise",PENDING,NOT_STARTED,,python3 scripts/pipeline.py --ref VID-20270728-3 --rhyme hickory_dickory --format long
2027-07-28,21:00,SHT-20270728-4,short,Jack and Jill,rhyme,a hillside sheep pasture under drifting clouds,"soft teal, apricot, ivory",a fluffy duckling who hums along,PENDING,NOT_STARTED,,python3 scripts/pipeline.py --ref SHT-20270728-4 --rhyme jack_jill --format short
2027-07-29,09:00,VID-20270729-1,long,Old MacDonald Had a Farm,rhyme,a cobbled lane with window boxes and a blue door,"clay pink, olive, sand",a gentle brown bear cub,PENDING,NOT_STARTED,,python3 scripts/pipeline.py --ref VID-20270729-1 --rhyme old_macdonald --format long
2027-07-29,13:00,SHT-20270729-2,short,The Itsy Bitsy Spider,rhyme,a frozen pond with soft snow on the reeds,"midnight blue, silver, pale rose",a shy grey rabbit with one folded ear,PENDING,NOT_STARTED,,python3 scripts/pipeline.py --ref SHT-20270729-2 --rhyme itsy_bitsy --format short
2027-07-29,17:00,VID-20270729-3,long,Three Blind Mice,rhyme,"a rope bridge over a shallow, sunny stream","moss green, butter yellow, chalk",a tidy badger with round spectacles,PENDING,NOT_STARTED,,python3 scripts/pipeline.py --ref VID-20270729-3 --rhyme three_mice --format long
2027-07-29,21:00,SHT-20270729-4,short,Skip to My Lou,rhyme,a hay loft with warm light through the slats,"russet, cream, slate blue",a sleepy orange cat with a bell,PENDING,NOT_STARTED,,python3 scripts/pipeline.py --ref SHT-20270729-4 --rhyme skip_to_lou --format short
2027-07-30,09:00,VID-20270730-1,long,Curly Locks,rhyme,a quiet hilltop meadow under a wide evening sky,"periwinkle, peach, warm grey",a small red fox with a white-tipped tail,PENDING,NOT_STARTED,,python3 scripts/pipeline.py --ref VID-20270730-1 --rhyme curly_locks --format long
2027-07-30,13:00,SHT-20270730-2,short,The Grand Old Duke of York,rhyme,a cosy wooden treehouse with round windows,"deep plum, sage, oatmeal",a woolly lamb with a crooked fringe,PENDING,NOT_STARTED,,python3 scripts/pipeline.py --ref SHT-20270730-2 --rhyme duke_york --format short
2027-07-30,17:00,VID-20270730-3,long,"Hush, Little Baby",lullaby,a small harbour where painted boats bob at their moorings,"denim blue, wheat, soft white",a bright green frog in wellington boots,PENDING,NOT_STARTED,,python3 scripts/pipeline.py --ref VID-20270730-3 --rhyme hush_little_baby --format long
2027-07-30,21:00,SHT-20270730-4,short,"Pat-a-Cake, Pat-a-Cake",rhyme,a sunlit kitchen garden with tall sunflowers,"pine green, copper, bone",a plump robin with a red waistcoat,PENDING,NOT_STARTED,,python3 scripts/pipeline.py --ref SHT-20270730-4 --rhyme pat_a_cake --format short
2027-07-31,09:00,VID-20270731-1,long,Skip to My Lou,rhyme,a snowy village square with warm lantern light,"mauve, straw, dove grey",a spotted puppy with oversized paws,PENDING,NOT_STARTED,,python3 scripts/pipeline.py --ref VID-20270731-1 --rhyme skip_to_lou --format long
2027-07-31,13:00,SHT-20270731-2,short,Little Miss Muffet,rhyme,a riverbank where willows dip into slow water,"seafoam, coral, linen",a quiet grey mouse with a patchwork bag,PENDING,NOT_STARTED,,python3 scripts/pipeline.py --ref SHT-20270731-2 --rhyme miss_muffet --format short
2027-07-31,17:00,VID-20270731-3,long,Oranges and Lemons,rhyme,a friendly red barn at the edge of a green field,"deep indigo, soft gold, cream",a friendly goose in a straw hat,PENDING,NOT_STARTED,,python3 scripts/pipeline.py --ref VID-20270731-3 --rhyme oranges_lemons --format long
2027-07-31,21:00,SHT-20270731-4,short,This Little Piggy,rhyme,a bright attic room full of soft toys and books,"sage green, warm terracotta, oat",a small striped bumblebee with tired wings,PENDING,NOT_STARTED,,python3 scripts/pipeline.py --ref SHT-20270731-4 --rhyme this_piggy --format short
2027-08-01,09:00,VID-20270801-1,long,London Bridge Is Falling Down,rhyme,a windmill on a low hill with long grass,"dusty blue, buttermilk, pale coral",a soft grey seal pup with wide eyes,PENDING,NOT_STARTED,,python3 scripts/pipeline.py --ref VID-20270801-1 --rhyme london_bridge --format long
2027-08-01,13:00,SHT-20270801-2,short,Ring a Ring o' Roses,rhyme,a duck pond ringed with smooth grey stones,"plum, mustard, soft grey",a small brown wren with a bright eye,PENDING,NOT_STARTED,,python3 scripts/pipeline.py --ref SHT-20270801-2 --rhyme ring_roses --format short
2027-08-01,17:00,VID-20270801-3,long,Hot Cross Buns,rhyme,an orchard of short apple trees in soft afternoon light,"forest green, cream, honey",a small round owl with speckled feathers,PENDING,NOT_STARTED,,python3 scripts/pipeline.py --ref VID-20270801-3 --rhyme hot_cross_buns --format long
2027-08-01,21:00,SHT-20270801-4,short,Simple Simon,rhyme,a lighthouse keeper's cottage above a calm bay,"lavender, mint, warm white",a patient grey donkey with long ears,PENDING,NOT_STARTED,,python3 scripts/pipeline.py --ref SHT-20270801-4 --rhyme simple_simon --format short
2027-08-02,09:00,VID-20270802-1,long,Mary Had a Little Lamb,rhyme,"a market square with striped awnings, early morning","soft teal, apricot, ivory",a curious hedgehog in a knitted scarf,PENDING,NOT_STARTED,,python3 scripts/pipeline.py --ref VID-20270802-1 --rhyme mary_lamb --format long
2027-08-02,13:00,SHT-20270802-2,short,"Mary, Mary, Quite Contrary",rhyme,a mossy woodland clearing with dappled sunlight,"clay pink, olive, sand","a slow, cheerful tortoise",PENDING,NOT_STARTED,,python3 scripts/pipeline.py --ref SHT-20270802-2 --rhyme mary_contrary --format short
2027-08-02,17:00,VID-20270802-3,long,"Row, Row, Row Your Boat",rhyme,a sandy cove with gentle waves and rock pools,"midnight blue, silver, pale rose",a fluffy duckling who hums along,PENDING,NOT_STARTED,,python3 scripts/pipeline.py --ref VID-20270802-3 --rhyme row_row --format long
2027-08-02,21:00,SHT-20270802-4,short,Old MacDonald Had a Farm,rhyme,a greenhouse full of seedlings and watering cans,"moss green, butter yellow, chalk",a gentle brown bear cub,PENDING,NOT_STARTED,,python3 scripts/pipeline.py --ref SHT-20270802-4 --rhyme old_macdonald --format short
2027-08-03,09:00,VID-20270803-1,long,"Rain, Rain, Go Away",rhyme,a bakery window with warm light and round loaves,"russet, cream, slate blue",a shy grey rabbit with one folded ear,PENDING,NOT_STARTED,,python3 scripts/pipeline.py --ref VID-20270803-1 --rhyme rain_go_away --format long
2027-08-03,13:00,SHT-20270803-2,short,Curly Locks,rhyme,a wildflower field with a low stone wall,"periwinkle, peach, warm grey",a tidy badger with round spectacles,PENDING,NOT_STARTED,,python3 scripts/pipeline.py --ref SHT-20270803-2 --rhyme curly_locks --format short
2027-08-03,17:00,VID-20270803-3,long,Lavender's Blue,rhyme,a train platform in a tiny country station,"deep plum, sage, oatmeal",a sleepy orange cat with a bell,PENDING,NOT_STARTED,,python3 scripts/pipeline.py --ref VID-20270803-3 --rhyme lavenders_blue --format long
2027-08-03,21:00,SHT-20270803-4,short,Bobby Shafto's Gone to Sea,rhyme,a hillside sheep pasture under drifting clouds,"denim blue, wheat, soft white",a small red fox with a white-tipped tail,PENDING,NOT_STARTED,,python3 scripts/pipeline.py --ref SHT-20270803-4 --rhyme bobby_shafto --format short
2027-08-04,09:00,VID-20270804-1,long,Humpty Dumpty,rhyme,a cobbled lane with window boxes and a blue door,"pine green, copper, bone",a woolly lamb with a crooked fringe,PENDING,NOT_STARTED,,python3 scripts/pipeline.py --ref VID-20270804-1 --rhyme humpty --format long
2027-08-04,13:00,SHT-20270804-2,short,The Muffin Man,rhyme,a frozen pond with soft snow on the reeds,"mauve, straw, dove grey",a bright green frog in wellington boots,PENDING,NOT_STARTED,,python3 scripts/pipeline.py --ref SHT-20270804-2 --rhyme muffin_man --format short
2027-08-04,17:00,VID-20270804-3,long,Polly Put the Kettle On,rhyme,"a rope bridge over a shallow, sunny stream","seafoam, coral, linen",a plump robin with a red waistcoat,PENDING,NOT_STARTED,,python3 scripts/pipeline.py --ref VID-20270804-3 --rhyme polly_kettle --format long
2027-08-04,21:00,SHT-20270804-4,short,Hickory Dickory Dock,rhyme,a hay loft with warm light through the slats,"deep indigo, soft gold, cream",a spotted puppy with oversized paws,PENDING,NOT_STARTED,,python3 scripts/pipeline.py --ref SHT-20270804-4 --rhyme hickory_dickory --format short
2027-08-05,09:00,VID-20270805-1,long,Pop Goes the Weasel,rhyme,a quiet hilltop meadow under a wide evening sky,"sage green, warm terracotta, oat",a quiet grey mouse with a patchwork bag,PENDING,NOT_STARTED,,python3 scripts/pipeline.py --ref VID-20270805-1 --rhyme pop_weasel --format long
2027-08-05,13:00,SHT-20270805-2,short,Lavender's Blue,rhyme,a cosy wooden treehouse with round windows,"dusty blue, buttermilk, pale coral",a friendly goose in a straw hat,PENDING,NOT_STARTED,,python3 scripts/pipeline.py --ref SHT-20270805-2 --rhyme lavenders_blue --format short
2027-08-05,17:00,VID-20270805-3,long,"Peter, Peter, Pumpkin Eater",rhyme,a small harbour where painted boats bob at their moorings,"plum, mustard, soft grey",a small striped bumblebee with tired wings,PENDING,NOT_STARTED,,python3 scripts/pipeline.py --ref VID-20270805-3 --rhyme peter_pumpkin --format long
2027-08-05,21:00,SHT-20270805-4,short,"Baa, Baa, Black Sheep",rhyme,a sunlit kitchen garden with tall sunflowers,"forest green, cream, honey",a soft grey seal pup with wide eyes,PENDING,NOT_STARTED,,python3 scripts/pipeline.py --ref SHT-20270805-4 --rhyme baa_baa --format short
2027-08-06,09:00,VID-20270806-1,long,"Pat-a-Cake, Pat-a-Cake",rhyme,a snowy village square with warm lantern light,"lavender, mint, warm white",a small brown wren with a bright eye,PENDING,NOT_STARTED,,python3 scripts/pipeline.py --ref VID-20270806-1 --rhyme pat_a_cake --format long
2027-08-06,13:00,SHT-20270806-2,short,Humpty Dumpty,rhyme,a riverbank where willows dip into slow water,"soft teal, apricot, ivory",a small round owl with speckled feathers,PENDING,NOT_STARTED,,python3 scripts/pipeline.py --ref SHT-20270806-2 --rhyme humpty --format short
2027-08-06,17:00,VID-20270806-3,long,This Little Piggy,rhyme,a friendly red barn at the edge of a green field,"clay pink, olive, sand",a patient grey donkey with long ears,PENDING,NOT_STARTED,,python3 scripts/pipeline.py --ref VID-20270806-3 --rhyme this_piggy --format long
2027-08-06,21:00,SHT-20270806-4,short,Georgie Porgie,rhyme,a bright attic room full of soft toys and books,"midnight blue, silver, pale rose",a curious hedgehog in a knitted scarf,PENDING,NOT_STARTED,,python3 scripts/pipeline.py --ref SHT-20270806-4 --rhyme georgie_porgie --format short
2027-08-07,09:00,VID-20270807-1,long,Little Miss Muffet,rhyme,a windmill on a low hill with long grass,"moss green, butter yellow, chalk","a slow, cheerful tortoise",PENDING,NOT_STARTED,,python3 scripts/pipeline.py --ref VID-20270807-1 --rhyme miss_muffet --format long
2027-08-07,13:00,SHT-20270807-2,short,"Peter, Peter, Pumpkin Eater",rhyme,a duck pond ringed with smooth grey stones,"russet, cream, slate blue",a fluffy duckling who hums along,PENDING,NOT_STARTED,,python3 scripts/pipeline.py --ref SHT-20270807-2 --rhyme peter_pumpkin --format short
2027-08-07,17:00,VID-20270807-3,long,"Tom, Tom, the Piper's Son",rhyme,an orchard of short apple trees in soft afternoon light,"periwinkle, peach, warm grey",a gentle brown bear cub,PENDING,NOT_STARTED,,python3 scripts/pipeline.py --ref VID-20270807-3 --rhyme tom_piper --format long
2027-08-07,21:00,SHT-20270807-4,short,There Was an Old Woman Who Lived in a Shoe,rhyme,a lighthouse keeper's cottage above a calm bay,"deep plum, sage, oatmeal",a shy grey rabbit with one folded ear,PENDING,NOT_STARTED,,python3 scripts/pipeline.py --ref SHT-20270807-4 --rhyme old_woman_shoe --format short
2027-08-08,09:00,VID-20270808-1,long,Hey Diddle Diddle,rhyme,"a market square with striped awnings, early morning","denim blue, wheat, soft white",a tidy badger with round spectacles,PENDING,NOT_STARTED,,python3 scripts/pipeline.py --ref VID-20270808-1 --rhyme hey_diddle --format long
2027-08-08,13:00,SHT-20270808-2,short,Polly Put the Kettle On,rhyme,a mossy woodland clearing with dappled sunlight,"pine green, copper, bone",a sleepy orange cat with a bell,PENDING,NOT_STARTED,,python3 scripts/pipeline.py --ref SHT-20270808-2 --rhyme polly_kettle --format short
2027-08-08,17:00,VID-20270808-3,long,Ring a Ring o' Roses,rhyme,a sandy cove with gentle waves and rock pools,"mauve, straw, dove grey",a small red fox with a white-tipped tail,PENDING,NOT_STARTED,,python3 scripts/pipeline.py --ref VID-20270808-3 --rhyme ring_roses --format long
2027-08-08,21:00,SHT-20270808-4,short,Little Jack Horner,rhyme,a greenhouse full of seedlings and watering cans,"seafoam, coral, linen",a woolly lamb with a crooked fringe,PENDING,NOT_STARTED,,python3 scripts/pipeline.py --ref SHT-20270808-4 --rhyme jack_horner --format short
2027-08-09,09:00,VID-20270809-1,long,Diddle Diddle Dumpling,rhyme,a bakery window with warm light and round loaves,"deep indigo, soft gold, cream",a bright green frog in wellington boots,PENDING,NOT_STARTED,,python3 scripts/pipeline.py --ref VID-20270809-1 --rhyme diddle_dumpling --format long
2027-08-09,13:00,SHT-20270809-2,short,Hot Cross Buns,rhyme,a wildflower field with a low stone wall,"sage green, warm terracotta, oat",a plump robin with a red waistcoat,PENDING,NOT_STARTED,,python3 scripts/pipeline.py --ref SHT-20270809-2 --rhyme hot_cross_buns --format short
2027-08-09,17:00,VID-20270809-3,long,The Farmer in the Dell,rhyme,a train platform in a tiny country station,"dusty blue, buttermilk, pale coral",a spotted puppy with oversized paws,PENDING,NOT_STARTED,,python3 scripts/pipeline.py --ref VID-20270809-3 --rhyme farmer_dell --format long
2027-08-09,21:00,SHT-20270809-4,short,Diddle Diddle Dumpling,rhyme,a hillside sheep pasture under drifting clouds,"plum, mustard, soft grey",a quiet grey mouse with a patchwork bag,PENDING,NOT_STARTED,,python3 scripts/pipeline.py --ref SHT-20270809-4 --rhyme diddle_dumpling --format short
2027-08-10,09:00,VID-20270810-1,long,Frere Jacques (Are You Sleeping?),rhyme,a cobbled lane with window boxes and a blue door,"forest green, cream, honey",a friendly goose in a straw hat,PENDING,NOT_STARTED,,python3 scripts/pipeline.py --ref VID-20270810-1 --rhyme frere_jacques --format long
2027-08-10,13:00,SHT-20270810-2,short,Three Blind Mice,rhyme,a frozen pond with soft snow on the reeds,"lavender, mint, warm white",a small striped bumblebee with tired wings,PENDING,NOT_STARTED,,python3 scripts/pipeline.py --ref SHT-20270810-2 --rhyme three_mice --format short
2027-08-10,17:00,VID-20270810-3,long,"Star Light, Star Bright",rhyme,"a rope bridge over a shallow, sunny stream","soft teal, apricot, ivory",a soft grey seal pup with wide eyes,PENDING,NOT_STARTED,,python3 scripts/pipeline.py --ref VID-20270810-3 --rhyme star_light --format long
2027-08-10,21:00,SHT-20270810-4,short,Pop Goes the Weasel,rhyme,a hay loft with warm light through the slats,"clay pink, olive, sand",a small brown wren with a bright eye,PENDING,NOT_STARTED,,python3 scripts/pipeline.py --ref SHT-20270810-4 --rhyme pop_weasel --format short
2027-08-11,09:00,VID-20270811-1,long,Cock-a-Doodle-Doo,rhyme,a quiet hilltop meadow under a wide evening sky,"midnight blue, silver, pale rose",a small round owl with speckled feathers,PENDING,NOT_STARTED,,python3 scripts/pipeline.py --ref VID-20270811-1 --rhyme cock_doodle --format long
2027-08-11,13:00,SHT-20270811-2,short,"Row, Row, Row Your Boat",rhyme,a cosy wooden treehouse with round windows,"moss green, butter yellow, chalk",a patient grey donkey with long ears,PENDING,NOT_STARTED,,python3 scripts/pipeline.py --ref SHT-20270811-2 --rhyme row_row --format short
2027-08-11,17:00,VID-20270811-3,long,Jack and Jill,rhyme,a small harbour where painted boats bob at their moorings,"russet, cream, slate blue",a curious hedgehog in a knitted scarf,PENDING,NOT_STARTED,,python3 scripts/pipeline.py --ref VID-20270811-3 --rhyme jack_jill --format long
2027-08-11,21:00,SHT-20270811-4,short,The Farmer in the Dell,rhyme,a sunlit kitchen garden with tall sunflowers,"periwinkle, peach, warm grey","a slow, cheerful tortoise",PENDING,NOT_STARTED,,python3 scripts/pipeline.py --ref SHT-20270811-4 --rhyme farmer_dell --format short
2027-08-12,09:00,VID-20270812-1,long,"Twinkle, Twinkle, Little Star",rhyme,a snowy village square with warm lantern light,"deep plum, sage, oatmeal",a fluffy duckling who hums along,PENDING,NOT_STARTED,,python3 scripts/pipeline.py --ref VID-20270812-1 --rhyme twinkle --format long
2027-08-12,13:00,SHT-20270812-2,short,Mary Had a Little Lamb,rhyme,a riverbank where willows dip into slow water,"denim blue, wheat, soft white",a gentle brown bear cub,PENDING,NOT_STARTED,,python3 scripts/pipeline.py --ref SHT-20270812-2 --rhyme mary_lamb --format short
2027-08-12,17:00,VID-20270812-3,long,The Muffin Man,rhyme,a friendly red barn at the edge of a green field,"pine green, copper, bone",a shy grey rabbit with one folded ear,PENDING,NOT_STARTED,,python3 scripts/pipeline.py --ref VID-20270812-3 --rhyme muffin_man --format long
2027-08-12,21:00,SHT-20270812-4,short,"One, Two, Buckle My Shoe",counting,a bright attic room full of soft toys and books,"mauve, straw, dove grey",a tidy badger with round spectacles,PENDING,NOT_STARTED,,python3 scripts/pipeline.py --ref SHT-20270812-4 --rhyme one_two_buckle --format short
2027-08-13,09:00,VID-20270813-1,long,Wee Willie Winkie,rhyme,a windmill on a low hill with long grass,"seafoam, coral, linen",a sleepy orange cat with a bell,PENDING,NOT_STARTED,,python3 scripts/pipeline.py --ref VID-20270813-1 --rhyme wee_willie --format long
2027-08-13,13:00,SHT-20270813-2,short,London Bridge Is Falling Down,rhyme,a duck pond ringed with smooth grey stones,"deep indigo, soft gold, cream",a small red fox with a white-tipped tail,PENDING,NOT_STARTED,,python3 scripts/pipeline.py --ref SHT-20270813-2 --rhyme london_bridge --format short
2027-08-13,17:00,VID-20270813-3,long,Little Bo-Peep,rhyme,an orchard of short apple trees in soft afternoon light,"sage green, warm terracotta, oat",a woolly lamb with a crooked fringe,PENDING,NOT_STARTED,,python3 scripts/pipeline.py --ref VID-20270813-3 --rhyme bo_peep --format long
2027-08-13,21:00,SHT-20270813-4,short,Oranges and Lemons,rhyme,a lighthouse keeper's cottage above a calm bay,"dusty blue, buttermilk, pale coral",a bright green frog in wellington boots,PENDING,NOT_STARTED,,python3 scripts/pipeline.py --ref SHT-20270813-4 --rhyme oranges_lemons --format short
2027-08-14,09:00,VID-20270814-1,long,Ding Dong Bell,rhyme,"a market square with striped awnings, early morning","plum, mustard, soft grey",a plump robin with a red waistcoat,PENDING,NOT_STARTED,,python3 scripts/pipeline.py --ref VID-20270814-1 --rhyme ding_dong_bell --format long
2027-08-14,13:00,SHT-20270814-2,short,"Star Light, Star Bright",rhyme,a mossy woodland clearing with dappled sunlight,"forest green, cream, honey",a spotted puppy with oversized paws,PENDING,NOT_STARTED,,python3 scripts/pipeline.py --ref SHT-20270814-2 --rhyme star_light --format short
2027-08-14,17:00,VID-20270814-3,long,Bobby Shafto's Gone to Sea,rhyme,a sandy cove with gentle waves and rock pools,"lavender, mint, warm white",a quiet grey mouse with a patchwork bag,PENDING,NOT_STARTED,,python3 scripts/pipeline.py --ref VID-20270814-3 --rhyme bobby_shafto --format long
2027-08-14,21:00,SHT-20270814-4,short,Frere Jacques (Are You Sleeping?),rhyme,a greenhouse full of seedlings and watering cans,"soft teal, apricot, ivory",a friendly goose in a straw hat,PENDING,NOT_STARTED,,python3 scripts/pipeline.py --ref SHT-20270814-4 --rhyme frere_jacques --format short
2027-08-15,09:00,VID-20270815-1,long,The Grand Old Duke of York,rhyme,a bakery window with warm light and round loaves,"clay pink, olive, sand",a small striped bumblebee with tired wings,PENDING,NOT_STARTED,,python3 scripts/pipeline.py --ref VID-20270815-1 --rhyme duke_york --format long
2027-08-15,13:00,SHT-20270815-2,short,Old King Cole,rhyme,a wildflower field with a low stone wall,"midnight blue, silver, pale rose",a soft grey seal pup with wide eyes,PENDING,NOT_STARTED,,python3 scripts/pipeline.py --ref SHT-20270815-2 --rhyme old_king_cole --format short
2027-08-15,17:00,VID-20270815-3,long,Georgie Porgie,rhyme,a train platform in a tiny country station,"moss green, butter yellow, chalk",a small brown wren with a bright eye,PENDING,NOT_STARTED,,python3 scripts/pipeline.py --ref VID-20270815-3 --rhyme georgie_porgie --format long
2027-08-15,21:00,SHT-20270815-4,short,"Rain, Rain, Go Away",rhyme,a hillside sheep pasture under drifting clouds,"russet, cream, slate blue",a small round owl with speckled feathers,PENDING,NOT_STARTED,,python3 scripts/pipeline.py --ref SHT-20270815-4 --rhyme rain_go_away --format short
2027-08-16,09:00,VID-20270816-1,long,There Was an Old Woman Who Lived in a Shoe,rhyme,a cobbled lane with window boxes and a blue door,"periwinkle, peach, warm grey",a patient grey donkey with long ears,PENDING,NOT_STARTED,,python3 scripts/pipeline.py --ref VID-20270816-1 --rhyme old_woman_shoe --format long
2027-08-16,13:00,SHT-20270816-2,short,Yankee Doodle,rhyme,a frozen pond with soft snow on the reeds,"deep plum, sage, oatmeal",a curious hedgehog in a knitted scarf,PENDING,NOT_STARTED,,python3 scripts/pipeline.py --ref SHT-20270816-2 --rhyme yankee_doodle --format short
2027-08-16,17:00,VID-20270816-3,long,Yankee Doodle,rhyme,"a rope bridge over a shallow, sunny stream","denim blue, wheat, soft white","a slow, cheerful tortoise",PENDING,NOT_STARTED,,python3 scripts/pipeline.py --ref VID-20270816-3 --rhyme yankee_doodle --format long
2027-08-16,21:00,SHT-20270816-4,short,Jack Be Nimble,rhyme,a hay loft with warm light through the slats,"pine green, copper, bone",a fluffy duckling who hums along,PENDING,NOT_STARTED,,python3 scripts/pipeline.py --ref SHT-20270816-4 --rhyme jack_nimble --format short
2027-08-17,09:00,VID-20270817-1,long,"Mary, Mary, Quite Contrary",rhyme,a quiet hilltop meadow under a wide evening sky,"mauve, straw, dove grey",a gentle brown bear cub,PENDING,NOT_STARTED,,python3 scripts/pipeline.py --ref VID-20270817-1 --rhyme mary_contrary --format long
2027-08-17,13:00,SHT-20270817-2,short,"Twinkle, Twinkle, Little Star",rhyme,a cosy wooden treehouse with round windows,"seafoam, coral, linen",a shy grey rabbit with one folded ear,PENDING,NOT_STARTED,,python3 scripts/pipeline.py --ref SHT-20270817-2 --rhyme twinkle --format short
2027-08-17,17:00,VID-20270817-3,long,The Itsy Bitsy Spider,rhyme,a small harbour where painted boats bob at their moorings,"deep indigo, soft gold, cream",a tidy badger with round spectacles,PENDING,NOT_STARTED,,python3 scripts/pipeline.py --ref VID-20270817-3 --rhyme itsy_bitsy --format long
2027-08-17,21:00,SHT-20270817-4,short,Little Bo-Peep,rhyme,a sunlit kitchen garden with tall sunflowers,"sage green, warm terracotta, oat",a sleepy orange cat with a bell,PENDING,NOT_STARTED,,python3 scripts/pipeline.py --ref SHT-20270817-4 --rhyme bo_peep --format short
2027-08-18,09:00,VID-20270818-1,long,"One, Two, Buckle My Shoe",counting,a snowy village square with warm lantern light,"dusty blue, buttermilk, pale coral",a small red fox with a white-tipped tail,PENDING,NOT_STARTED,,python3 scripts/pipeline.py --ref VID-20270818-1 --rhyme one_two_buckle --format long
2027-08-18,13:00,SHT-20270818-2,short,Cock-a-Doodle-Doo,rhyme,a riverbank where willows dip into slow water,"plum, mustard, soft grey",a woolly lamb with a crooked fringe,PENDING,NOT_STARTED,,python3 scripts/pipeline.py --ref SHT-20270818-2 --rhyme cock_doodle --format short
2027-08-18,17:00,VID-20270818-3,long,Old King Cole,rhyme,a friendly red barn at the edge of a green field,"forest green, cream, honey",a bright green frog in wellington boots,PENDING,NOT_STARTED,,python3 scripts/pipeline.py --ref VID-20270818-3 --rhyme old_king_cole --format long
2027-08-18,21:00,SHT-20270818-4,short,Hey Diddle Diddle,rhyme,a bright attic room full of soft toys and books,"lavender, mint, warm white",a plump robin with a red waistcoat,PENDING,NOT_STARTED,,python3 scripts/pipeline.py --ref SHT-20270818-4 --rhyme hey_diddle --format short
2027-08-19,09:00,VID-20270819-1,long,Simple Simon,rhyme,a windmill on a low hill with long grass,"soft teal, apricot, ivory",a spotted puppy with oversized paws,PENDING,NOT_STARTED,,python3 scripts/pipeline.py --ref VID-20270819-1 --rhyme simple_simon --format long
2027-08-19,13:00,SHT-20270819-2,short,Ding Dong Bell,rhyme,a duck pond ringed with smooth grey stones,"clay pink, olive, sand",a quiet grey mouse with a patchwork bag,PENDING,NOT_STARTED,,python3 scripts/pipeline.py --ref SHT-20270819-2 --rhyme ding_dong_bell --format short
2027-08-19,17:00,VID-20270819-3,long,"Baa, Baa, Black Sheep",rhyme,an orchard of short apple trees in soft afternoon light,"midnight blue, silver, pale rose",a friendly goose in a straw hat,PENDING,NOT_STARTED,,python3 scripts/pipeline.py --ref VID-20270819-3 --rhyme baa_baa --format long
2027-08-19,21:00,SHT-20270819-4,short,Wee Willie Winkie,rhyme,a lighthouse keeper's cottage above a calm bay,"moss green, butter yellow, chalk",a small striped bumblebee with tired wings,PENDING,NOT_STARTED,,python3 scripts/pipeline.py --ref SHT-20270819-4 --rhyme wee_willie --format short
2027-08-20,09:00,VID-20270820-1,long,Rock-a-Bye Baby,lullaby,"a market square with striped awnings, early morning","russet, cream, slate blue",a soft grey seal pup with wide eyes,PENDING,NOT_STARTED,,python3 scripts/pipeline.py --ref VID-20270820-1 --rhyme rock_a_bye --format long
2027-08-20,13:00,SHT-20270820-2,short,"Tom, Tom, the Piper's Son",rhyme,a mossy woodland clearing with dappled sunlight,"periwinkle, peach, warm grey",a small brown wren with a bright eye,PENDING,NOT_STARTED,,python3 scripts/pipeline.py --ref SHT-20270820-2 --rhyme tom_piper --format short
2027-08-20,17:00,VID-20270820-3,long,Jack Be Nimble,rhyme,a sandy cove with gentle waves and rock pools,"deep plum, sage, oatmeal",a small round owl with speckled feathers,PENDING,NOT_STARTED,,python3 scripts/pipeline.py --ref VID-20270820-3 --rhyme jack_nimble --format long
2027-08-20,21:00,SHT-20270820-4,short,Jack and Jill,rhyme,a greenhouse full of seedlings and watering cans,"denim blue, wheat, soft white",a patient grey donkey with long ears,PENDING,NOT_STARTED,,python3 scripts/pipeline.py --ref SHT-20270820-4 --rhyme jack_jill --format short
2027-08-21,09:00,VID-20270821-1,long,Little Jack Horner,rhyme,a bakery window with warm light and round loaves,"pine green, copper, bone",a curious hedgehog in a knitted scarf,PENDING,NOT_STARTED,,python3 scripts/pipeline.py --ref VID-20270821-1 --rhyme jack_horner --format long
2027-08-21,13:00,SHT-20270821-2,short,The Itsy Bitsy Spider,rhyme,a wildflower field with a low stone wall,"mauve, straw, dove grey","a slow, cheerful tortoise",PENDING,NOT_STARTED,,python3 scripts/pipeline.py --ref SHT-20270821-2 --rhyme itsy_bitsy --format short
2027-08-21,17:00,VID-20270821-3,long,Hickory Dickory Dock,rhyme,a train platform in a tiny country station,"seafoam, coral, linen",a fluffy duckling who hums along,PENDING,NOT_STARTED,,python3 scripts/pipeline.py --ref VID-20270821-3 --rhyme hickory_dickory --format long
2027-08-21,21:00,SHT-20270821-4,short,Skip to My Lou,rhyme,a hillside sheep pasture under drifting clouds,"deep indigo, soft gold, cream",a gentle brown bear cub,PENDING,NOT_STARTED,,python3 scripts/pipeline.py --ref SHT-20270821-4 --rhyme skip_to_lou --format short
2027-08-22,09:00,VID-20270822-1,long,Old MacDonald Had a Farm,rhyme,a cobbled lane with window boxes and a blue door,"sage green, warm terracotta, oat",a shy grey rabbit with one folded ear,PENDING,NOT_STARTED,,python3 scripts/pipeline.py --ref VID-20270822-1 --rhyme old_macdonald --format long
2027-08-22,13:00,SHT-20270822-2,short,The Grand Old Duke of York,rhyme,a frozen pond with soft snow on the reeds,"dusty blue, buttermilk, pale coral",a tidy badger with round spectacles,PENDING,NOT_STARTED,,python3 scripts/pipeline.py --ref SHT-20270822-2 --rhyme duke_york --format short
2027-08-22,17:00,VID-20270822-3,long,Three Blind Mice,rhyme,"a rope bridge over a shallow, sunny stream","plum, mustard, soft grey",a sleepy orange cat with a bell,PENDING,NOT_STARTED,,python3 scripts/pipeline.py --ref VID-20270822-3 --rhyme three_mice --format long
2027-08-22,21:00,SHT-20270822-4,short,"Pat-a-Cake, Pat-a-Cake",rhyme,a hay loft with warm light through the slats,"forest green, cream, honey",a small red fox with a white-tipped tail,PENDING,NOT_STARTED,,python3 scripts/pipeline.py --ref SHT-20270822-4 --rhyme pat_a_cake --format short
2027-08-23,09:00,VID-20270823-1,long,Curly Locks,rhyme,a quiet hilltop meadow under a wide evening sky,"lavender, mint, warm white",a woolly lamb with a crooked fringe,PENDING,NOT_STARTED,,python3 scripts/pipeline.py --ref VID-20270823-1 --rhyme curly_locks --format long
2027-08-23,13:00,SHT-20270823-2,short,Little Miss Muffet,rhyme,a cosy wooden treehouse with round windows,"soft teal, apricot, ivory",a bright green frog in wellington boots,PENDING,NOT_STARTED,,python3 scripts/pipeline.py --ref SHT-20270823-2 --rhyme miss_muffet --format short
2027-08-23,17:00,VID-20270823-3,long,"Hush, Little Baby",lullaby,a small harbour where painted boats bob at their moorings,"clay pink, olive, sand",a plump robin with a red waistcoat,PENDING,NOT_STARTED,,python3 scripts/pipeline.py --ref VID-20270823-3 --rhyme hush_little_baby --format long
2027-08-23,21:00,SHT-20270823-4,short,This Little Piggy,rhyme,a sunlit kitchen garden with tall sunflowers,"midnight blue, silver, pale rose",a spotted puppy with oversized paws,PENDING,NOT_STARTED,,python3 scripts/pipeline.py --ref SHT-20270823-4 --rhyme this_piggy --format short
2027-08-24,09:00,VID-20270824-1,long,Skip to My Lou,rhyme,a snowy village square with warm lantern light,"moss green, butter yellow, chalk",a quiet grey mouse with a patchwork bag,PENDING,NOT_STARTED,,python3 scripts/pipeline.py --ref VID-20270824-1 --rhyme skip_to_lou --format long
2027-08-24,13:00,SHT-20270824-2,short,Ring a Ring o' Roses,rhyme,a riverbank where willows dip into slow water,"russet, cream, slate blue",a friendly goose in a straw hat,PENDING,NOT_STARTED,,python3 scripts/pipeline.py --ref SHT-20270824-2 --rhyme ring_roses --format short
2027-08-24,17:00,VID-20270824-3,long,Oranges and Lemons,rhyme,a friendly red barn at the edge of a green field,"periwinkle, peach, warm grey",a small striped bumblebee with tired wings,PENDING,NOT_STARTED,,python3 scripts/pipeline.py --ref VID-20270824-3 --rhyme oranges_lemons --format long
2027-08-24,21:00,SHT-20270824-4,short,Simple Simon,rhyme,a bright attic room full of soft toys and books,"deep plum, sage, oatmeal",a soft grey seal pup with wide eyes,PENDING,NOT_STARTED,,python3 scripts/pipeline.py --ref SHT-20270824-4 --rhyme simple_simon --format short
2027-08-25,09:00,VID-20270825-1,long,London Bridge Is Falling Down,rhyme,a windmill on a low hill with long grass,"denim blue, wheat, soft white",a small brown wren with a bright eye,PENDING,NOT_STARTED,,python3 scripts/pipeline.py --ref VID-20270825-1 --rhyme london_bridge --format long
2027-08-25,13:00,SHT-20270825-2,short,"Mary, Mary, Quite Contrary",rhyme,a duck pond ringed with smooth grey stones,"pine green, copper, bone",a small round owl with speckled feathers,PENDING,NOT_STARTED,,python3 scripts/pipeline.py --ref SHT-20270825-2 --rhyme mary_contrary --format short
2027-08-25,17:00,VID-20270825-3,long,Hot Cross Buns,rhyme,an orchard of short apple trees in soft afternoon light,"mauve, straw, dove grey",a patient grey donkey with long ears,PENDING,NOT_STARTED,,python3 scripts/pipeline.py --ref VID-20270825-3 --rhyme hot_cross_buns --format long
2027-08-25,21:00,SHT-20270825-4,short,Old MacDonald Had a Farm,rhyme,a lighthouse keeper's cottage above a calm bay,"seafoam, coral, linen",a curious hedgehog in a knitted scarf,PENDING,NOT_STARTED,,python3 scripts/pipeline.py --ref SHT-20270825-4 --rhyme old_macdonald --format short
2027-08-26,09:00,VID-20270826-1,long,Mary Had a Little Lamb,rhyme,"a market square with striped awnings, early morning","deep indigo, soft gold, cream","a slow, cheerful tortoise",PENDING,NOT_STARTED,,python3 scripts/pipeline.py --ref VID-20270826-1 --rhyme mary_lamb --format long
2027-08-26,13:00,SHT-20270826-2,short,Curly Locks,rhyme,a mossy woodland clearing with dappled sunlight,"sage green, warm terracotta, oat",a fluffy duckling who hums along,PENDING,NOT_STARTED,,python3 scripts/pipeline.py --ref SHT-20270826-2 --rhyme curly_locks --format short
2027-08-26,17:00,VID-20270826-3,long,"Row, Row, Row Your Boat",rhyme,a sandy cove with gentle waves and rock pools,"dusty blue, buttermilk, pale coral",a gentle brown bear cub,PENDING,NOT_STARTED,,python3 scripts/pipeline.py --ref VID-20270826-3 --rhyme row_row --format long
2027-08-26,21:00,SHT-20270826-4,short,Bobby Shafto's Gone to Sea,rhyme,a greenhouse full of seedlings and watering cans,"plum, mustard, soft grey",a shy grey rabbit with one folded ear,PENDING,NOT_STARTED,,python3 scripts/pipeline.py --ref SHT-20270826-4 --rhyme bobby_shafto --format short
2027-08-27,09:00,VID-20270827-1,long,"Rain, Rain, Go Away",rhyme,a bakery window with warm light and round loaves,"forest green, cream, honey",a tidy badger with round spectacles,PENDING,NOT_STARTED,,python3 scripts/pipeline.py --ref VID-20270827-1 --rhyme rain_go_away --format long
2027-08-27,13:00,SHT-20270827-2,short,The Muffin Man,rhyme,a wildflower field with a low stone wall,"lavender, mint, warm white",a sleepy orange cat with a bell,PENDING,NOT_STARTED,,python3 scripts/pipeline.py --ref SHT-20270827-2 --rhyme muffin_man --format short
2027-08-27,17:00,VID-20270827-3,long,Lavender's Blue,rhyme,a train platform in a tiny country station,"soft teal, apricot, ivory",a small red fox with a white-tipped tail,PENDING,NOT_STARTED,,python3 scripts/pipeline.py --ref VID-20270827-3 --rhyme lavenders_blue --format long
2027-08-27,21:00,SHT-20270827-4,short,Hickory Dickory Dock,rhyme,a hillside sheep pasture under drifting clouds,"clay pink, olive, sand",a woolly lamb with a crooked fringe,PENDING,NOT_STARTED,,python3 scripts/pipeline.py --ref SHT-20270827-4 --rhyme hickory_dickory --format short
2027-08-28,09:00,VID-20270828-1,long,Humpty Dumpty,rhyme,a cobbled lane with window boxes and a blue door,"midnight blue, silver, pale rose",a bright green frog in wellington boots,PENDING,NOT_STARTED,,python3 scripts/pipeline.py --ref VID-20270828-1 --rhyme humpty --format long
2027-08-28,13:00,SHT-20270828-2,short,Lavender's Blue,rhyme,a frozen pond with soft snow on the reeds,"moss green, butter yellow, chalk",a plump robin with a red waistcoat,PENDING,NOT_STARTED,,python3 scripts/pipeline.py --ref SHT-20270828-2 --rhyme lavenders_blue --format short
2027-08-28,17:00,VID-20270828-3,long,Polly Put the Kettle On,rhyme,"a rope bridge over a shallow, sunny stream","russet, cream, slate blue",a spotted puppy with oversized paws,PENDING,NOT_STARTED,,python3 scripts/pipeline.py --ref VID-20270828-3 --rhyme polly_kettle --format long
2027-08-28,21:00,SHT-20270828-4,short,"Baa, Baa, Black Sheep",rhyme,a hay loft with warm light through the slats,"periwinkle, peach, warm grey",a quiet grey mouse with a patchwork bag,PENDING,NOT_STARTED,,python3 scripts/pipeline.py --ref SHT-20270828-4 --rhyme baa_baa --format short
2027-08-29,09:00,VID-20270829-1,long,Pop Goes the Weasel,rhyme,a quiet hilltop meadow under a wide evening sky,"deep plum, sage, oatmeal",a friendly goose in a straw hat,PENDING,NOT_STARTED,,python3 scripts/pipeline.py --ref VID-20270829-1 --rhyme pop_weasel --format long
2027-08-29,13:00,SHT-20270829-2,short,Humpty Dumpty,rhyme,a cosy wooden treehouse with round windows,"denim blue, wheat, soft white",a small striped bumblebee with tired wings,PENDING,NOT_STARTED,,python3 scripts/pipeline.py --ref SHT-20270829-2 --rhyme humpty --format short
2027-08-29,17:00,VID-20270829-3,long,"Peter, Peter, Pumpkin Eater",rhyme,a small harbour where painted boats bob at their moorings,"pine green, copper, bone",a soft grey seal pup with wide eyes,PENDING,NOT_STARTED,,python3 scripts/pipeline.py --ref VID-20270829-3 --rhyme peter_pumpkin --format long
2027-08-29,21:00,SHT-20270829-4,short,Georgie Porgie,rhyme,a sunlit kitchen garden with tall sunflowers,"mauve, straw, dove grey",a small brown wren with a bright eye,PENDING,NOT_STARTED,,python3 scripts/pipeline.py --ref SHT-20270829-4 --rhyme georgie_porgie --format short
2027-08-30,09:00,VID-20270830-1,long,"Pat-a-Cake, Pat-a-Cake",rhyme,a snowy village square with warm lantern light,"seafoam, coral, linen",a small round owl with speckled feathers,PENDING,NOT_STARTED,,python3 scripts/pipeline.py --ref VID-20270830-1 --rhyme pat_a_cake --format long
2027-08-30,13:00,SHT-20270830-2,short,"Peter, Peter, Pumpkin Eater",rhyme,a riverbank where willows dip into slow water,"deep indigo, soft gold, cream",a patient grey donkey with long ears,PENDING,NOT_STARTED,,python3 scripts/pipeline.py --ref SHT-20270830-2 --rhyme peter_pumpkin --format short
2027-08-30,17:00,VID-20270830-3,long,This Little Piggy,rhyme,a friendly red barn at the edge of a green field,"sage green, warm terracotta, oat",a curious hedgehog in a knitted scarf,PENDING,NOT_STARTED,,python3 scripts/pipeline.py --ref VID-20270830-3 --rhyme this_piggy --format long
2027-08-30,21:00,SHT-20270830-4,short,There Was an Old Woman Who Lived in a Shoe,rhyme,a bright attic room full of soft toys and books,"dusty blue, buttermilk, pale coral","a slow, cheerful tortoise",PENDING,NOT_STARTED,,python3 scripts/pipeline.py --ref SHT-20270830-4 --rhyme old_woman_shoe --format short
2027-08-31,09:00,VID-20270831-1,long,Little Miss Muffet,rhyme,a windmill on a low hill with long grass,"plum, mustard, soft grey",a fluffy duckling who hums along,PENDING,NOT_STARTED,,python3 scripts/pipeline.py --ref VID-20270831-1 --rhyme miss_muffet --format long
2027-08-31,13:00,SHT-20270831-2,short,Polly Put the Kettle On,rhyme,a duck pond ringed with smooth grey stones,"forest green, cream, honey",a gentle brown bear cub,PENDING,NOT_STARTED,,python3 scripts/pipeline.py --ref SHT-20270831-2 --rhyme polly_kettle --format short
2027-08-31,17:00,VID-20270831-3,long,"Tom, Tom, the Piper's Son",rhyme,an orchard of short apple trees in soft afternoon light,"lavender, mint, warm white",a shy grey rabbit with one folded ear,PENDING,NOT_STARTED,,python3 scripts/pipeline.py --ref VID-20270831-3 --rhyme tom_piper --format long
2027-08-31,21:00,SHT-20270831-4,short,Little Jack Horner,rhyme,a lighthouse keeper's cottage above a calm bay,"soft teal, apricot, ivory",a tidy badger with round spectacles,PENDING,NOT_STARTED,,python3 scripts/pipeline.py --ref SHT-20270831-4 --rhyme jack_horner --format short
2027-09-01,09:00,VID-20270901-1,long,Hey Diddle Diddle,rhyme,"a market square with striped awnings, early morning","clay pink, olive, sand",a sleepy orange cat with a bell,PENDING,NOT_STARTED,,python3 scripts/pipeline.py --ref VID-20270901-1 --rhyme hey_diddle --format long
2027-09-01,13:00,SHT-20270901-2,short,Hot Cross Buns,rhyme,a mossy woodland clearing with dappled sunlight,"midnight blue, silver, pale rose",a small red fox with a white-tipped tail,PENDING,NOT_STARTED,,python3 scripts/pipeline.py --ref SHT-20270901-2 --rhyme hot_cross_buns --format short
2027-09-01,17:00,VID-20270901-3,long,Ring a Ring o' Roses,rhyme,a sandy cove with gentle waves and rock pools,"moss green, butter yellow, chalk",a woolly lamb with a crooked fringe,PENDING,NOT_STARTED,,python3 scripts/pipeline.py --ref VID-20270901-3 --rhyme ring_roses --format long
2027-09-01,21:00,SHT-20270901-4,short,Diddle Diddle Dumpling,rhyme,a greenhouse full of seedlings and watering cans,"russet, cream, slate blue",a bright green frog in wellington boots,PENDING,NOT_STARTED,,python3 scripts/pipeline.py --ref SHT-20270901-4 --rhyme diddle_dumpling --format short
2027-09-02,09:00,VID-20270902-1,long,Diddle Diddle Dumpling,rhyme,a bakery window with warm light and round loaves,"periwinkle, peach, warm grey",a plump robin with a red waistcoat,PENDING,NOT_STARTED,,python3 scripts/pipeline.py --ref VID-20270902-1 --rhyme diddle_dumpling --format long
2027-09-02,13:00,SHT-20270902-2,short,Three Blind Mice,rhyme,a wildflower field with a low stone wall,"deep plum, sage, oatmeal",a spotted puppy with oversized paws,PENDING,NOT_STARTED,,python3 scripts/pipeline.py --ref SHT-20270902-2 --rhyme three_mice --format short
2027-09-02,17:00,VID-20270902-3,long,The Farmer in the Dell,rhyme,a train platform in a tiny country station,"denim blue, wheat, soft white",a quiet grey mouse with a patchwork bag,PENDING,NOT_STARTED,,python3 scripts/pipeline.py --ref VID-20270902-3 --rhyme farmer_dell --format long
2027-09-02,21:00,SHT-20270902-4,short,Pop Goes the Weasel,rhyme,a hillside sheep pasture under drifting clouds,"pine green, copper, bone",a friendly goose in a straw hat,PENDING,NOT_STARTED,,python3 scripts/pipeline.py --ref SHT-20270902-4 --rhyme pop_weasel --format short
